tokenizer,doc,tokens,bytes
edgar-bpe-65536,0000003499_000000349924000015_10Q.txt,12928,59541
edgar-bpe-65536,0000006885_000000688517000113_DEF14A.txt,75466,380855
edgar-bpe-65536,0000006955_000000695522000035_DEF14A.txt,43926,223188
edgar-bpe-65536,0000012927_000119312518085720_DEF14A.txt,51636,245815
edgar-bpe-65536,0000014195_000001419519000034_8K.txt,2044,10046
edgar-bpe-65536,0000016040_000156459022003902_10Q.txt,18046,90633
edgar-bpe-65536,0000021665_000002166517000012_10Q.txt,29067,140348
edgar-bpe-65536,0000025895_000143774923007161_8K.txt,2081,9591
edgar-bpe-65536,0000029905_000002990520000035_10Q.txt,32418,152047
edgar-bpe-65536,0000030697_000119312523081491_8K.txt,1120,4729
edgar-bpe-65536,0000032621_000119312516747167_DEF14A.txt,16498,78582
edgar-bpe-65536,0000033619_000119312515416055_DEF14A.txt,44165,213876
edgar-bpe-65536,0000044402_000113322824000295_DEF14A.txt,13430,58538
edgar-bpe-65536,0000045012_000004501224000061_8K.txt,1182,5409
edgar-bpe-65536,0000050471_000165495417009541_DEF14A.txt,19381,88953
edgar-bpe-65536,0000051143_000155837019008923_8K.txt,1328,5297
edgar-bpe-65536,0000063090_000174177324003913_DEF14A.txt,98837,281113
edgar-bpe-65536,0000064996_000006499621000010_DEF14A.txt,15856,83393
edgar-bpe-65536,0000065596_000135448815003888_10Q.txt,10673,47831
edgar-bpe-65536,0000069891_000143774918016143_DEF14A.txt,12919,65235
edgar-bpe-65536,0000070318_000007031821000035_8K.txt,756,3331
edgar-bpe-65536,0000070866_000119312522279265_8K.txt,1222,5413
edgar-bpe-65536,0000071829_000007182918000159_8K.txt,1185,5379
edgar-bpe-65536,0000072331_000119312521014249_DEF14A.txt,85198,409299
edgar-bpe-65536,0000072573_000095014215000651_8K.txt,588,2214
edgar-bpe-65536,0000072903_000007290322000027_10Q.txt,29077,143629
edgar-bpe-65536,0000073020_000173399822000037_8K.txt,1165,5253
edgar-bpe-65536,0000073124_000007312419000197_10Q.txt,58213,236660
edgar-bpe-65536,0000075208_000114420416097387_DEF14A.txt,34911,167918
edgar-bpe-65536,0000081020_000132616018000094_8K.txt,886,3667
edgar-bpe-65536,0000082811_000114036122009921_DEF14A.txt,49926,240875
edgar-bpe-65536,0000092108_000119312516422850_8K.txt,4031,20590
edgar-bpe-65536,0000094344_000114420418038883_8K.txt,726,2853
edgar-bpe-65536,0000095029_000117494716002292_DEF14A.txt,27904,127019
edgar-bpe-65536,0000096021_000119312516445231_8K.txt,1193,5324
edgar-bpe-65536,0000100517_000110465918035733_8K.txt,1709,6867
edgar-bpe-65536,0000101984_000010198417000012_DEF14A.txt,31799,154836
edgar-bpe-65536,0000102752_000010275219000057_10Q.txt,19433,88306
edgar-bpe-65536,0000105744_000121465924006148_8K.txt,880,3497
edgar-bpe-65536,0000106532_000141057823002272_10Q.txt,12494,52637
edgar-bpe-65536,0000109177_000010917717000059_DEF14A.txt,34201,169817
edgar-bpe-65536,0000278165_000149315223009387_8K.txt,755,2739
edgar-bpe-65536,0000315256_000007274116000075_10Q.txt,46252,195825
edgar-bpe-65536,0000316709_000119312516523055_DEF14A.txt,40774,185988
edgar-bpe-65536,0000318306_000114420417019907_DEF14A.txt,18017,85279
edgar-bpe-65536,0000318833_000031883324000054_10Q.txt,22680,102667
edgar-bpe-65536,0000319654_000119312517252285_10Q.txt,9640,44842
edgar-bpe-65536,0000319655_000119312520040303_8K.txt,923,3634
edgar-bpe-65536,0000702513_000143774918018477_8K.txt,702,3008
edgar-bpe-65536,0000704532_000156459018007515_DEF14A.txt,31266,152696
edgar-bpe-65536,0000704562_000168316819002729_DEF14A.txt,38357,181856
edgar-bpe-65536,0000706863_000070686321000122_8K.txt,927,4001
edgar-bpe-65536,0000709364_000094937720000282_DEF14A.txt,22451,89914
edgar-bpe-65536,0000710752_000119312516579326_8K.txt,674,2570
edgar-bpe-65536,0000714310_000071431018000109_DEF14A.txt,42932,200977
edgar-bpe-65536,0000719413_000119312522102288_DEF14A.txt,63699,294636
edgar-bpe-65536,0000719413_000143774920000256_8K.txt,1020,4446
edgar-bpe-65536,0000726958_000072695817000086_DEF14A.txt,31230,151811
edgar-bpe-65536,0000727207_000162828023029348_10Q.txt,40018,192782
edgar-bpe-65536,0000729986_000119312515372134_8K.txt,2471,12043
edgar-bpe-65536,0000731766_000073176616000081_10Q.txt,20234,86706
edgar-bpe-65536,0000732712_000073271221000054_10Q.txt,43669,215994
edgar-bpe-65536,0000745308_000119312521109513_DEF14A.txt,23369,115043
edgar-bpe-65536,0000749251_000074925119000015_10Q.txt,33758,155901
edgar-bpe-65536,0000749660_000119380523000855_8K.txt,1111,4002
edgar-bpe-65536,0000751364_000075136419000096_10Q.txt,20906,90673
edgar-bpe-65536,0000752642_000149315217006745_8K.txt,1082,3841
edgar-bpe-65536,0000764065_000076406524000092_DEF14A.txt,50589,249519
edgar-bpe-65536,0000774569_000156459019030505_10Q.txt,34829,148027
edgar-bpe-65536,0000789933_000078993319000020_DEF14A.txt,55994,280468
edgar-bpe-65536,0000792935_000190359623000646_10Q.txt,28588,121662
edgar-bpe-65536,0000795212_000114036121019437_DEF14A.txt,19580,97611
edgar-bpe-65536,0000796764_000117184319003270_8K.txt,1910,8478
edgar-bpe-65536,0000798354_000119312522064509_8K.txt,799,3151
edgar-bpe-65536,0000801337_000080133721000013_8K.txt,948,4337
edgar-bpe-65536,0000803578_000143774923015463_10Q.txt,16462,76817
edgar-bpe-65536,0000807884_000119312515123559_DEF14A.txt,59546,288136
edgar-bpe-65536,0000809821_000120677415000358_DEF14A.txt,57905,198634
edgar-bpe-65536,0000810509_000143774921012043_10Q.txt,33188,161999
edgar-bpe-65536,0000812011_000081201121000013_10Q.txt,37731,180637
edgar-bpe-65536,0000812796_000121390015003198_DEF14A.txt,32489,153449
edgar-bpe-65536,0000814453_000081445321000120_10Q.txt,29477,147331
edgar-bpe-65536,0000815065_000119312515275839_8K.txt,721,2882
edgar-bpe-65536,0000817473_000081747316000135_8K.txt,613,2547
edgar-bpe-65536,0000818850_000125889715001418_DEF14A.txt,30069,133793
edgar-bpe-65536,0000825313_000082531320000030_10Q.txt,10242,48200
edgar-bpe-65536,0000827187_000082718718000037_8K.txt,916,4401
edgar-bpe-65536,0000830271_000119312520180768_DEF14A.txt,25983,117140
edgar-bpe-65536,0000831547_000119312523138882_8K.txt,823,3382
edgar-bpe-65536,0000832480_000083248016000039_DEF14A.txt,15169,72560
edgar-bpe-65536,0000832489_000143774918007919_DEF14A.txt,21322,103095
edgar-bpe-65536,0000834071_000095010318007517_8K.txt,647,2473
edgar-bpe-65536,0000834071_000156459017022556_10Q.txt,30864,151565
edgar-bpe-65536,0000842633_000114036122011873_DEF14A.txt,41808,202951
edgar-bpe-65536,0000845379_000119312518330245_DEF14A.txt,14566,71045
edgar-bpe-65536,0000845877_000084587717000124_10Q.txt,70019,290375
edgar-bpe-65536,0000847464_000114420415009643_10Q.txt,14363,59059
edgar-bpe-65536,0000852254_000174177323001593_DEF14A.txt,1833,5852
edgar-bpe-65536,0000860543_000147793219002815_10Q.txt,11594,54622
edgar-bpe-65536,0000860546_000086054619000014_10Q.txt,31536,140731
edgar-bpe-65536,0000860748_000086074816000201_10Q.txt,43587,194230
edgar-bpe-65536,0000861838_000155837017008228_10Q.txt,20106,100443
edgar-bpe-65536,0000869531_000149315223035704_10Q.txt,11164,45892
edgar-bpe-65536,0000874501_000087450120000064_DEF14A.txt,74728,376083
edgar-bpe-65536,0000874766_000087476620000022_DEF14A.txt,77637,384765
edgar-bpe-65536,0000876378_000156459018011929_10Q.txt,30468,150908
edgar-bpe-65536,0000877860_000087786019000104_8K.txt,689,2798
edgar-bpe-65536,0000884614_000088461422000017_8K.txt,615,2664
edgar-bpe-65536,0000884905_000088490517000072_10Q.txt,23493,107790
edgar-bpe-65536,0000884940_000119312517275632_10Q.txt,10358,43916
edgar-bpe-65536,0000886136_000110465920047200_DEF14A.txt,68628,339019
edgar-bpe-65536,0000887596_000104746919002380_DEF14A.txt,77900,375023
edgar-bpe-65536,0000887596_000110465921046345_8K.txt,2809,12528
edgar-bpe-65536,0000888981_000107997323000803_DEF14A.txt,17970,82705
edgar-bpe-65536,0000890447_000162828015004311_10Q.txt,48874,225424
edgar-bpe-65536,0000891024_000119312521344459_8K.txt,712,2868
edgar-bpe-65536,0000893691_000089369117000017_DEF14A.txt,37305,181192
edgar-bpe-65536,0000894242_000119312518185711_DEF14A.txt,38392,163957
edgar-bpe-65536,0000895051_000155837022013418_10Q.txt,22469,106039
edgar-bpe-65536,0000895456_000089545619000025_10Q.txt,11757,54618
edgar-bpe-65536,0000898173_000089817315000123_10Q.txt,17320,83070
edgar-bpe-65536,0000901243_000119312524155180_DEF14A.txt,42297,183685
edgar-bpe-65536,0000908315_000090831518000011_DEF14A.txt,15620,73128
edgar-bpe-65536,0000912615_000119312515116103_DEF14A.txt,35706,176449
edgar-bpe-65536,0000914025_000091402516000076_DEF14A.txt,48694,239869
edgar-bpe-65536,0000919013_000162828015008948_10Q.txt,28598,143624
edgar-bpe-65536,0000919893_000091989322000006_DEF14A.txt,19845,94475
edgar-bpe-65536,0000920148_000119312519305378_8K.txt,919,3833
edgar-bpe-65536,0000921113_000110465915021755_8K.txt,1348,5629
edgar-bpe-65536,0000923139_000155837021010235_10Q.txt,37921,150193
edgar-bpe-65536,0000924168_000092416822000088_10Q.txt,32735,162536
edgar-bpe-65536,0000925741_000143774917018927_10Q.txt,16427,83174
edgar-bpe-65536,0000926282_000119312517108241_DEF14A.txt,33618,162326
edgar-bpe-65536,0000926761_000089710116002443_DEF14A.txt,47267,231244
edgar-bpe-65536,0000928658_000100888618000029_DEF14A.txt,36631,182434
edgar-bpe-65536,0000930245_000147237518000106_10Q.txt,7960,36370
edgar-bpe-65536,0000930828_000093082815000016_DEF14A.txt,22371,108637
edgar-bpe-65536,0000931148_000119312519085857_DEF14A.txt,28295,138033
edgar-bpe-65536,0000931584_000143774923030379_10Q.txt,15245,66281
edgar-bpe-65536,0000932699_000093269916000113_DEF14A.txt,29099,140972
edgar-bpe-65536,0000932781_000155278124000238_8K.txt,1600,7235
edgar-bpe-65536,0000935494_000093549416000043_8K.txt,590,2378
edgar-bpe-65536,0000937556_000093755620000102_8K.txt,1098,4905
edgar-bpe-65536,0000939767_000093976724000002_8K.txt,1640,7697
edgar-bpe-65536,0000944075_000094407515000015_DEF14A.txt,23402,109147
edgar-bpe-65536,0000944148_000156459020035333_10Q.txt,25451,111060
edgar-bpe-65536,0000945394_000110465920072085_8K.txt,1840,7816
edgar-bpe-65536,0000945908_000119312524141589_DEF14A.txt,79324,282786
edgar-bpe-65536,0001001258_000143774917002016_10Q.txt,36213,171098
edgar-bpe-65536,0001004155_000100415516000202_10Q.txt,30457,150890
edgar-bpe-65536,0001005229_000100522920000298_10Q.txt,26910,132520
edgar-bpe-65536,0001006424_000143774915008102_DEF14A.txt,18536,90025
edgar-bpe-65536,0001008848_000119312522311593_8K.txt,1578,7783
edgar-bpe-65536,0001010086_000114036120009995_DEF14A.txt,33444,168340
edgar-bpe-65536,0001013237_000101323722000165_DEF14A.txt,65666,334995
edgar-bpe-65536,0001018164_000101816422000016_10Q.txt,19246,93301
edgar-bpe-65536,0001018840_000119312517139441_DEF14A.txt,142631,706182
edgar-bpe-65536,0001021270_000119312516475765_8K.txt,609,2299
edgar-bpe-65536,0001022671_000114420418057915_10Q.txt,23207,92099
edgar-bpe-65536,0001025362_000127956917000219_8K.txt,722,2888
edgar-bpe-65536,0001025953_000102595315000075_10Q.txt,25683,128277
edgar-bpe-65536,0001031093_000107997323000270_DEF14A.txt,25206,118449
edgar-bpe-65536,0001035983_000110465918072540_8K.txt,800,3378
edgar-bpe-65536,0001036848_000121390024001900_8K.txt,1759,7639
edgar-bpe-65536,0001038773_000114420416093063_DEF14A.txt,31337,148048
edgar-bpe-65536,0001041368_000093905720000286_DEF14A.txt,21854,105005
edgar-bpe-65536,0001043000_000119312515174249_10Q.txt,19626,92736
edgar-bpe-65536,0001043337_000114420418024834_10Q.txt,22493,105250
edgar-bpe-65536,0001043509_000162828019002872_DEF14A.txt,64328,324834
edgar-bpe-65536,0001043961_000114420418045172_10Q.txt,28827,134797
edgar-bpe-65536,0001044378_000119312522136763_DEF14A.txt,59014,286835
edgar-bpe-65536,0001045610_000119312516687616_8K.txt,1219,4801
edgar-bpe-65536,0001047304_000119312524236025_DEF14A.txt,23637,106030
edgar-bpe-65536,0001047884_000115752318000450_8K.txt,979,3913
edgar-bpe-65536,0001053691_000143774920019730_8K.txt,1046,4726
edgar-bpe-65536,0001063344_000106334422000097_8K.txt,2720,13460
edgar-bpe-65536,0001065059_000106505916000055_8K.txt,761,3215
edgar-bpe-65536,0001065087_000114420417025705_8K.txt,599,2353
edgar-bpe-65536,0001066194_000155837015001836_DEF14A.txt,15166,72260
edgar-bpe-65536,0001070154_000107015416000042_8K.txt,677,2894
edgar-bpe-65536,0001070789_000149315216011467_8K.txt,1415,6276
edgar-bpe-65536,0001070985_000119312517054571_8K.txt,820,3295
edgar-bpe-65536,0001073429_000162828019013749_8K.txt,801,3445
edgar-bpe-65536,0001080319_000101738621000437_8K.txt,817,3237
edgar-bpe-65536,0001080340_000114420416105001_DEF14A.txt,12293,55956
edgar-bpe-65536,0001083301_000108330124000048_8K.txt,1492,7254
edgar-bpe-65536,0001083848_000168316820002899_10Q.txt,15690,70329
edgar-bpe-65536,0001084048_000107261316000732_DEF14A.txt,25639,123083
edgar-bpe-65536,0001084580_000108458021000013_10Q.txt,61962,306543
edgar-bpe-65536,0001086222_000119312517107762_DEF14A.txt,62118,296786
edgar-bpe-65536,0001087786_000119312519272523_DEF14A.txt,24375,113379
edgar-bpe-65536,0001092699_000119312518116942_DEF14A.txt,30534,144188
edgar-bpe-65536,0001096752_000109675221000015_8K.txt,1521,7045
edgar-bpe-65536,0001096752_000119312519318456_DEF14A.txt,76693,365623
edgar-bpe-65536,0001101215_000110121515000015_8K.txt,703,2990
edgar-bpe-65536,0001104462_000144586615000957_10Q.txt,10248,52187
edgar-bpe-65536,0001106838_000149315224020551_8K.txt,2364,10170
edgar-bpe-65536,0001108524_000119312521280079_8K.txt,854,3585
edgar-bpe-65536,0001109189_000110918920000154_10Q.txt,34831,170193
edgar-bpe-65536,0001122304_000112230417000035_8K.txt,1030,4410
edgar-bpe-65536,0001123316_000119312518093017_8K.txt,2181,9877
edgar-bpe-65536,0001124796_000112479620000123_10Q.txt,37173,188374
edgar-bpe-65536,0001124941_000119312522010023_DEF14A.txt,41794,201508
edgar-bpe-65536,0001126741_000155837016003096_10Q.txt,29384,144997
edgar-bpe-65536,0001127703_000170639720000007_10Q.txt,70778,348069
edgar-bpe-65536,0001127993_000107878217000755_10Q.txt,8540,39577
edgar-bpe-65536,0001128928_000156459021029068_10Q.txt,35515,162900
edgar-bpe-65536,0001130144_000114420417003451_8K.txt,627,2507
edgar-bpe-65536,0001135971_000162828018013229_8K.txt,2003,8021
edgar-bpe-65536,0001136893_000119312521111542_DEF14A.txt,49372,237232
edgar-bpe-65536,0001140215_000149315223039082_DEF14A.txt,21362,99201
edgar-bpe-65536,0001141103_000115752315000380_8K.txt,582,2134
edgar-bpe-65536,0001141688_000114420415065272_10Q.txt,25382,105118
edgar-bpe-65536,0001142596_000119312520050815_8K.txt,774,3163
edgar-bpe-65536,0001156388_000119312524118390_DEF14A.txt,32444,161076
edgar-bpe-65536,0001157602_000104746915003551_DEF14A.txt,25747,121691
edgar-bpe-65536,0001158324_000104746919001306_DEF14A.txt,55830,270890
edgar-bpe-65536,0001158463_000115846320000046_8K.txt,2240,11286
edgar-bpe-65536,0001162461_000143774917012435_8K.txt,920,3888
edgar-bpe-65536,0001163792_000119312516549975_DEF14A.txt,16111,77274
edgar-bpe-65536,0001164255_000116425516000086_10Q.txt,24347,117186
edgar-bpe-65536,0001167419_000114036123022069_DEF14A.txt,60258,290795
edgar-bpe-65536,0001172631_000149315216009608_10Q.txt,16010,75225
edgar-bpe-65536,0001173489_000143774924011641_DEF14A.txt,40702,198463
edgar-bpe-65536,0001173514_000117351417000029_DEF14A.txt,41166,191789
edgar-bpe-65536,0001178670_000117867020000007_10Q.txt,57477,312023
edgar-bpe-65536,0001179060_000110465917039998_8K.txt,847,3411
edgar-bpe-65536,0001181504_000119312523269340_DEF14A.txt,44700,197861
edgar-bpe-65536,0001183765_000117184323003314_8K.txt,828,3615
edgar-bpe-65536,0001191334_000071758820000010_10Q.txt,4965,23812
edgar-bpe-65536,0001195933_000119312516536426_DEF14A.txt,31376,145679
edgar-bpe-65536,0001230276_000123027616000071_DEF14A.txt,39088,188728
edgar-bpe-65536,0001232582_000123258218000040_8K.txt,870,3783
edgar-bpe-65536,0001260968_000117184317002385_8K.txt,766,3103
edgar-bpe-65536,0001261166_000089843222000514_DEF14A.txt,25085,116013
edgar-bpe-65536,0001267902_000119312519100307_DEF14A.txt,14876,70411
edgar-bpe-65536,0001269026_000149315220013086_DEF14A.txt,73150,361446
edgar-bpe-65536,0001270073_000114420416116416_8K.txt,690,2698
edgar-bpe-65536,0001273636_000156459016012450_10Q.txt,17852,90238
edgar-bpe-65536,0001274494_000162828021008263_10Q.txt,32087,158455
edgar-bpe-65536,0001274644_000127464416000150_10Q.txt,15702,75956
edgar-bpe-65536,0001275158_000127515823000033_DEF14A.txt,55066,277895
edgar-bpe-65536,0001277250_000165495422000137_8K.txt,1060,4620
edgar-bpe-65536,0001283450_000106823823000159_8K.txt,1440,6290
edgar-bpe-65536,0001288992_000094039419000062_DEF14A.txt,20098,97673
edgar-bpe-65536,0001289340_000149315224032047_10Q.txt,23854,114563
edgar-bpe-65536,0001301611_000115752315003579_8K.txt,611,2165
edgar-bpe-65536,0001302946_000130294616000163_10Q.txt,16390,73000
edgar-bpe-65536,0001304161_000165495418002767_10Q.txt,15150,68018
edgar-bpe-65536,0001304730_000149315219007426_10Q.txt,10108,44757
edgar-bpe-65536,0001308161_000156459018001566_10Q.txt,33587,164482
edgar-bpe-65536,0001308208_000156459021022564_8K.txt,1418,5452
edgar-bpe-65536,0001310383_000114420416133357_10Q.txt,23437,102027
edgar-bpe-65536,0001321732_000132173219000051_DEF14A.txt,32033,161720
edgar-bpe-65536,0001325740_000156459019032182_10Q.txt,23736,111633
edgar-bpe-65536,0001326706_000121390020008758_8K.txt,829,3228
edgar-bpe-65536,0001326771_000132677115000030_10Q.txt,43621,184949
edgar-bpe-65536,0001328792_000110465923087252_DEF14A.txt,17516,85216
edgar-bpe-65536,0001331451_000133145122000131_8K.txt,2086,9943
edgar-bpe-65536,0001331754_000133175424000184_8K.txt,1676,7926
edgar-bpe-65536,0001335105_000149315218015470_10Q.txt,28745,136827
edgar-bpe-65536,0001341235_000119312524104862_DEF14A.txt,27379,128545
edgar-bpe-65536,0001345126_000119312521065640_8K.txt,1361,5901
edgar-bpe-65536,0001346980_000114036120011770_DEF14A.txt,38158,186272
edgar-bpe-65536,0001352010_000119312519114962_DEF14A.txt,38533,185414
edgar-bpe-65536,0001365916_000136591624000008_8K.txt,4416,21526
edgar-bpe-65536,0001370450_000104746915003622_DEF14A.txt,26478,127655
edgar-bpe-65536,0001371489_000155837017008718_10Q.txt,16241,78599
edgar-bpe-65536,0001372020_000095017023000932_8K.txt,1152,5195
edgar-bpe-65536,0001372514_000110465921058990_DEF14A.txt,42932,212202
edgar-bpe-65536,0001378992_000137899221000026_8K.txt,858,3436
edgar-bpe-65536,0001379895_000110465917049338_8K.txt,1989,9840
edgar-bpe-65536,0001383701_000156459022019887_10Q.txt,60650,321244
edgar-bpe-65536,0001384905_000138490523000022_8K.txt,769,3360
edgar-bpe-65536,0001386278_000138627820000037_8K.txt,658,2731
edgar-bpe-65536,0001386570_000141588915003666_10Q.txt,15939,68044
edgar-bpe-65536,0001389050_000138905015000027_10Q.txt,53943,255697
edgar-bpe-65536,0001389123_000121390019023198_10Q.txt,89592,345795
edgar-bpe-65536,0001391127_000139112717000077_DEF14A.txt,37886,184026
edgar-bpe-65536,0001391933_000092708923000048_DEF14A.txt,26362,129434
edgar-bpe-65536,0001393781_000166357722000646_10Q.txt,10101,44269
edgar-bpe-65536,0001395937_000156459020019694_DEF14A.txt,29801,146655
edgar-bpe-65536,0001398805_000168316821005511_10Q.txt,18838,85397
edgar-bpe-65536,0001408198_000140819824000131_10Q.txt,31181,142548
edgar-bpe-65536,0001410098_000165495419002232_8K.txt,965,3754
edgar-bpe-65536,0001412665_000141266519000098_8K.txt,708,2947
edgar-bpe-65536,0001417926_000149315222032023_10Q.txt,25136,113927
edgar-bpe-65536,0001419951_000173112221000904_10Q.txt,20183,92064
edgar-bpe-65536,0001424657_000121390022028643_8K.txt,984,3915
edgar-bpe-65536,0001424768_000149315218011317_10Q.txt,14051,60245
edgar-bpe-65536,0001425287_000121390024029590_DEF14A.txt,160339,814673
edgar-bpe-65536,0001434621_000114036124022344_DEF14A.txt,44004,206861
edgar-bpe-65536,0001437491_000121390018010010_8K.txt,818,3311
edgar-bpe-65536,0001437557_000114420417020563_8K.txt,1674,7355
edgar-bpe-65536,0001441816_000144181624000111_10Q.txt,53399,288279
edgar-bpe-65536,0001444307_000149315220007458_DEF14A.txt,38133,182638
edgar-bpe-65536,0001448705_000107997324000032_8K.txt,769,3085
edgar-bpe-65536,0001448893_000144889322000085_10Q.txt,38698,182963
edgar-bpe-65536,0001450148_000110465915086678_DEF14A.txt,15213,75733
edgar-bpe-65536,0001453593_000114420417059058_8K.txt,1001,4110
edgar-bpe-65536,0001459417_000145941719000003_10Q.txt,24077,116121
edgar-bpe-65536,0001464343_000143774924012068_DEF14A.txt,20350,98134
edgar-bpe-65536,0001465470_000149315224032357_10Q.txt,32873,152234
edgar-bpe-65536,0001467154_000146715421000071_8K.txt,1868,8519
edgar-bpe-65536,0001474432_000119312518156087_DEF14A.txt,35898,168238
edgar-bpe-65536,0001477815_000162828023025985_10Q.txt,27053,130521
edgar-bpe-65536,0001485003_000148500321000063_DEF14A.txt,50528,256223
edgar-bpe-65536,0001486298_000139834423005413_DEF14A.txt,14830,66056
edgar-bpe-65536,0001490892_000104746919001737_DEF14A.txt,38378,182110
edgar-bpe-65536,0001490978_000149097824000089_10Q.txt,79013,430931
edgar-bpe-65536,0001491487_000114420416121942_8K.txt,1305,5416
edgar-bpe-65536,0001493594_000149359423000076_8K.txt,705,3039
edgar-bpe-65536,0001493761_000119312515161026_DEF14A.txt,28738,137972
edgar-bpe-65536,0001495320_000149532022000046_10Q.txt,27365,127954
edgar-bpe-65536,0001496099_000115752317001482_8K.txt,760,2882
edgar-bpe-65536,0001496264_000148251219000073_10Q.txt,36896,170623
edgar-bpe-65536,0001500375_000092708918000367_DEF14A.txt,15916,77806
edgar-bpe-65536,0001501103_000139834420001718_DEF14A.txt,11405,52694
edgar-bpe-65536,0001501697_000119312518186853_8K.txt,784,2977
edgar-bpe-65536,0001502292_000150229218000055_10Q.txt,25463,107812
edgar-bpe-65536,0001502756_000155837018004089_10Q.txt,45597,198520
edgar-bpe-65536,0001504545_000119312521062991_DEF14A.txt,16539,76576
edgar-bpe-65536,0001512228_000161577417000360_10Q.txt,16902,77156
edgar-bpe-65536,0001514705_000151470523000008_10Q.txt,16987,81968
edgar-bpe-65536,0001520697_000119312521092741_DEF14A.txt,68153,329122
edgar-bpe-65536,0001521332_000119312517306532_DEF14A.txt,5548,24612
edgar-bpe-65536,0001522767_000149315221020437_DEF14A.txt,20921,100679
edgar-bpe-65536,0001527675_000121390019003898_8K.txt,1074,4562
edgar-bpe-65536,0001532961_000143774915009815_8K.txt,659,2566
edgar-bpe-65536,0001533758_000153375818000021_10Q.txt,49635,229734
edgar-bpe-65536,0001534133_000095017023021775_10Q.txt,76433,417529
edgar-bpe-65536,0001537140_000158064221004327_DEF14A.txt,13180,62308
edgar-bpe-65536,0001541119_000154111922000046_10Q.txt,33160,152427
edgar-bpe-65536,0001541401_000119312516544964_DEF14A.txt,50580,244321
edgar-bpe-65536,0001543623_000126246315000360_10Q.txt,15142,72224
edgar-bpe-65536,0001543637_000154812316000595_10Q.txt,9093,44672
edgar-bpe-65536,0001548717_000119312523060850_DEF14A.txt,15899,70323
edgar-bpe-65536,0001549631_000149315222005175_8K.txt,1122,4463
edgar-bpe-65536,0001553023_000155302321000082_10Q.txt,38820,185348
edgar-bpe-65536,0001553197_000005193118001014_DEF14A.txt,816,3111
edgar-bpe-65536,0001555177_000162828015006244_10Q.txt,20921,94222
edgar-bpe-65536,0001562594_000114420415068834_8K.txt,1382,6197
edgar-bpe-65536,0001564824_000156459020047119_8K.txt,773,3032
edgar-bpe-65536,0001566469_000119312521140679_DEF14A.txt,28382,137060
edgar-bpe-65536,0001566469_000156646922000060_8K.txt,1634,7732
edgar-bpe-65536,0001566561_000164033416002116_8K.txt,620,2451
edgar-bpe-65536,0001566610_000149315224043700_10Q.txt,27044,127284
edgar-bpe-65536,0001566912_000156691221000031_8K.txt,747,3154
edgar-bpe-65536,0001569994_000156999418000047_8K.txt,7225,34969
edgar-bpe-65536,0001571371_000119312515370154_8K.txt,1182,5404
edgar-bpe-65536,0001571776_000114036124036413_10Q.txt,53039,238274
edgar-bpe-65536,0001571934_000110465921024659_8K.txt,790,3195
edgar-bpe-65536,0001572552_000114036115015107_8K.txt,1324,6399
edgar-bpe-65536,0001573166_000110465916141676_8K.txt,3195,14526
edgar-bpe-65536,0001573698_000094039417000105_DEF14A.txt,23767,114992
edgar-bpe-65536,0001575515_000119312515289234_8K.txt,858,3573
edgar-bpe-65536,0001576914_000162828023019649_8K.txt,705,3080
edgar-bpe-65536,0001584207_000104746915003877_DEF14A.txt,38746,186570
edgar-bpe-65536,0001585149_000114420415073427_8K.txt,1127,4791
edgar-bpe-65536,0001585149_000149315223019595_10Q.txt,7206,35083
edgar-bpe-65536,0001589061_000143774917011815_8K.txt,1350,5681
edgar-bpe-65536,0001592706_000119312515195199_8K.txt,3280,15671
edgar-bpe-65536,0001595527_000110465920035832_DEF14A.txt,24172,121255
edgar-bpe-65536,0001598646_000119312520269392_8K.txt,1433,6579
edgar-bpe-65536,0001600132_000110465923114775_DEF14A.txt,30265,156183
edgar-bpe-65536,0001602409_000143774916039687_10Q.txt,7603,36667
edgar-bpe-65536,0001605331_000166357722000272_8K.txt,1142,5070
edgar-bpe-65536,0001607281_000160728115000013_10Q.txt,5134,24436
edgar-bpe-65536,0001616000_000161600024000035_DEF14A.txt,47359,238645
edgar-bpe-65536,0001621443_000110465919010499_8K.txt,690,2822
edgar-bpe-65536,0001622879_000168316821003724_10Q.txt,27558,119901
edgar-bpe-65536,0001623715_000095017022023883_10Q.txt,66613,357844
edgar-bpe-65536,0001625278_000162527823000094_10Q.txt,16348,75017
edgar-bpe-65536,0001631650_000156459019041020_8K.txt,855,3526
edgar-bpe-65536,0001632275_000126246320000275_10Q.txt,8995,38328
edgar-bpe-65536,0001633858_000110465920076307_8K.txt,635,2397
edgar-bpe-65536,0001635088_000114036124007260_10Q.txt,103519,541745
edgar-bpe-65536,0001635881_000163588119000078_8K.txt,807,3480
edgar-bpe-65536,0001635984_000163598423000013_DEF14A.txt,41059,194610
edgar-bpe-65536,0001636282_000156459019012157_DEF14A.txt,22738,109373
edgar-bpe-65536,0001636519_000119312516712342_8K.txt,1670,7798
edgar-bpe-65536,0001641489_000156459020051377_10Q.txt,27027,129826
edgar-bpe-65536,0001643953_000121390019000641_8K.txt,1758,7677
edgar-bpe-65536,0001650132_000119312517156665_8K.txt,736,2886
edgar-bpe-65536,0001651944_000114420418008036_10Q.txt,15488,75589
edgar-bpe-65536,0001651987_000149315217013065_10Q.txt,23308,100589
edgar-bpe-65536,0001655075_000119312522240118_8K.txt,1063,4767
edgar-bpe-65536,0001656839_000153949715002106_8K.txt,4531,20303
edgar-bpe-65536,0001657788_000155837017008705_10Q.txt,25271,123368
edgar-bpe-65536,0001657803_000149315217004884_10Q.txt,4857,21976
edgar-bpe-65536,0001662524_000166252418000009_10Q.txt,48199,242386
edgar-bpe-65536,0001668397_000156459019038396_10Q.txt,21383,97059
edgar-bpe-65536,0001669779_000104746918002341_DEF14A.txt,42421,201679
edgar-bpe-65536,0001671013_000155837016006917_10Q.txt,49392,214037
edgar-bpe-65536,0001671584_000119312520071893_8K.txt,1084,4206
edgar-bpe-65536,0001672882_000102143216001439_10Q.txt,5497,26983
edgar-bpe-65536,0001674440_000149315222007138_10Q.txt,28630,126228
edgar-bpe-65536,0001674910_000119312517370707_DEF14A.txt,61357,288369
edgar-bpe-65536,0001675149_000119312519079568_DEF14A.txt,62056,295038
edgar-bpe-65536,0001680379_000110465923066341_8K.txt,1275,5688
edgar-bpe-65536,0001687065_000107997321000392_10Q.txt,8052,36746
edgar-bpe-65536,0001687229_000168722919000044_10Q.txt,47828,216304
edgar-bpe-65536,0001691507_000156459020025482_10Q.txt,23404,104869
edgar-bpe-65536,0001697500_000114036122012578_DEF14A.txt,19442,95936
edgar-bpe-65536,0001699838_000119312524258535_8K.txt,813,3383
edgar-bpe-65536,0001702916_000159991618000031_10Q.txt,4676,21004
edgar-bpe-65536,0001707502_000119312522125475_DEF14A.txt,40666,196270
edgar-bpe-65536,0001707753_000170775320000032_10Q.txt,56723,298769
edgar-bpe-65536,0001708035_000114036121011255_DEF14A.txt,37079,175999
edgar-bpe-65536,0001710583_000119312522125136_DEF14A.txt,123672,608847
edgar-bpe-65536,0001711279_000119312518124863_DEF14A.txt,17148,82875
edgar-bpe-65536,0001716621_000156459020054367_8K.txt,1675,7519
edgar-bpe-65536,0001718644_000160706219000142_8K.txt,843,3316
edgar-bpe-65536,0001720725_000119312521129303_DEF14A.txt,30155,143175
edgar-bpe-65536,0001725057_000095017024049078_8K.txt,1459,5460
edgar-bpe-65536,0001725134_000162828023038668_8K.txt,1461,6772
edgar-bpe-65536,0001735184_000119312521103969_DEF14A.txt,23110,114090
edgar-bpe-65536,0001743881_000156459020025197_10Q.txt,88859,471017
edgar-bpe-65536,0001750735_000175073522000080_10Q.txt,34205,150837
edgar-bpe-65536,0001752836_000119312520276926_DEF14A.txt,11870,55304
edgar-bpe-65536,0001754170_000110465922054647_DEF14A.txt,31153,151026
edgar-bpe-65536,0001754170_000155837022003554_8K.txt,810,3490
edgar-bpe-65536,0001759509_000175950924000128_10Q.txt,85496,455457
edgar-bpe-65536,0001760717_000176071721000047_10Q.txt,18589,85423
edgar-bpe-65536,0001766400_000176640020000040_DEF14A.txt,21117,107331
edgar-bpe-65536,0001766478_000176647823000132_10Q.txt,38066,180846
edgar-bpe-65536,0001768224_000119380520000886_8K.txt,1393,6176
edgar-bpe-65536,0001773056_000110465919029913_8K.txt,1007,3879
edgar-bpe-65536,0001777319_000149315224020688_10Q.txt,18275,79692
edgar-bpe-65536,0001785347_000005193122000985_DEF14A.txt,20067,81935
edgar-bpe-65536,0001796022_000179602223000011_10Q.txt,52343,263680
edgar-bpe-65536,0001799332_000149315224044300_10Q.txt,31365,143831
edgar-bpe-65536,0001805521_000121390022012549_8K.txt,1641,7295
edgar-bpe-65536,0001806952_000162828024020467_10Q.txt,59210,330603
edgar-bpe-65536,0001808805_000180880524000033_DEF14A.txt,38653,197977
edgar-bpe-65536,0001812923_000119312523020783_DEF14A.txt,21850,107120
edgar-bpe-65536,0001818844_000155837024009327_8K.txt,994,3949
edgar-bpe-65536,0001823466_000119312523105713_DEF14A.txt,35600,172288
edgar-bpe-65536,0001823826_000121390022065652_DEF14A.txt,28125,142791
edgar-bpe-65536,0001828723_000182872323000128_10Q.txt,40020,195299
edgar-bpe-65536,0001829328_000121390022047088_10Q.txt,21130,102512
edgar-bpe-65536,0001835256_000183525624000031_10Q.txt,30225,149234
edgar-bpe-65536,0001836833_000183683323000107_8K.txt,870,3751
edgar-bpe-65536,0001842916_000121390023018885_8K.txt,2361,10096
edgar-bpe-65536,0001844419_000110465921082615_10Q.txt,14147,73113
edgar-bpe-65536,0001852244_000110465921132441_8K.txt,828,3280
edgar-bpe-65536,0001866226_000121390024025131_8K.txt,1829,8265
edgar-bpe-65536,0001874875_000149315223040328_10Q.txt,21432,93961
edgar-bpe-65536,0001937993_000121390024051803_DEF14A.txt,50309,252421
edgar-bpe-65536,0002000178_000119312524139480_8K.txt,1154,5147
edgar-bpe-65536-digits,0000003499_000000349924000015_10Q.txt,11768,59541
edgar-bpe-65536-digits,0000006885_000000688517000113_DEF14A.txt,72591,380855
edgar-bpe-65536-digits,0000006955_000000695522000035_DEF14A.txt,42646,223188
edgar-bpe-65536-digits,0000012927_000119312518085720_DEF14A.txt,48481,245815
edgar-bpe-65536-digits,0000014195_000001419519000034_8K.txt,1968,10046
edgar-bpe-65536-digits,0000016040_000156459022003902_10Q.txt,16658,90633
edgar-bpe-65536-digits,0000021665_000002166517000012_10Q.txt,26337,140348
edgar-bpe-65536-digits,0000025895_000143774923007161_8K.txt,1938,9591
edgar-bpe-65536-digits,0000029905_000002990520000035_10Q.txt,29157,152047
edgar-bpe-65536-digits,0000030697_000119312523081491_8K.txt,1063,4729
edgar-bpe-65536-digits,0000032621_000119312516747167_DEF14A.txt,15966,78582
edgar-bpe-65536-digits,0000033619_000119312515416055_DEF14A.txt,41553,213876
edgar-bpe-65536-digits,0000044402_000113322824000295_DEF14A.txt,12995,58538
edgar-bpe-65536-digits,0000045012_000004501224000061_8K.txt,1112,5409
edgar-bpe-65536-digits,0000050471_000165495417009541_DEF14A.txt,18348,88953
edgar-bpe-65536-digits,0000051143_000155837019008923_8K.txt,1211,5297
edgar-bpe-65536-digits,0000063090_000174177324003913_DEF14A.txt,84887,281113
edgar-bpe-65536-digits,0000064996_000006499621000010_DEF14A.txt,15392,83393
edgar-bpe-65536-digits,0000065596_000135448815003888_10Q.txt,9509,47831
edgar-bpe-65536-digits,0000069891_000143774918016143_DEF14A.txt,12357,65235
edgar-bpe-65536-digits,0000070318_000007031821000035_8K.txt,717,3331
edgar-bpe-65536-digits,0000070866_000119312522279265_8K.txt,1148,5413
edgar-bpe-65536-digits,0000071829_000007182918000159_8K.txt,1123,5379
edgar-bpe-65536-digits,0000072331_000119312521014249_DEF14A.txt,80999,409299
edgar-bpe-65536-digits,0000072573_000095014215000651_8K.txt,523,2214
edgar-bpe-65536-digits,0000072903_000007290322000027_10Q.txt,27741,143629
edgar-bpe-65536-digits,0000073020_000173399822000037_8K.txt,1108,5253
edgar-bpe-65536-digits,0000073124_000007312419000197_10Q.txt,47238,236660
edgar-bpe-65536-digits,0000075208_000114420416097387_DEF14A.txt,32738,167918
edgar-bpe-65536-digits,0000081020_000132616018000094_8K.txt,837,3667
edgar-bpe-65536-digits,0000082811_000114036122009921_DEF14A.txt,49202,240875
edgar-bpe-65536-digits,0000092108_000119312516422850_8K.txt,3931,20590
edgar-bpe-65536-digits,0000094344_000114420418038883_8K.txt,662,2853
edgar-bpe-65536-digits,0000095029_000117494716002292_DEF14A.txt,26077,127019
edgar-bpe-65536-digits,0000096021_000119312516445231_8K.txt,1075,5324
edgar-bpe-65536-digits,0000100517_000110465918035733_8K.txt,1498,6867
edgar-bpe-65536-digits,0000101984_000010198417000012_DEF14A.txt,29575,154836
edgar-bpe-65536-digits,0000102752_000010275219000057_10Q.txt,16746,88306
edgar-bpe-65536-digits,0000105744_000121465924006148_8K.txt,798,3497
edgar-bpe-65536-digits,0000106532_000141057823002272_10Q.txt,10762,52637
edgar-bpe-65536-digits,0000109177_000010917717000059_DEF14A.txt,32998,169817
edgar-bpe-65536-digits,0000278165_000149315223009387_8K.txt,685,2739
edgar-bpe-65536-digits,0000315256_000007274116000075_10Q.txt,38609,195825
edgar-bpe-65536-digits,0000316709_000119312516523055_DEF14A.txt,37580,185988
edgar-bpe-65536-digits,0000318306_000114420417019907_DEF14A.txt,17040,85279
edgar-bpe-65536-digits,0000318833_000031883324000054_10Q.txt,20568,102667
edgar-bpe-65536-digits,0000319654_000119312517252285_10Q.txt,8777,44842
edgar-bpe-65536-digits,0000319655_000119312520040303_8K.txt,830,3634
edgar-bpe-65536-digits,0000702513_000143774918018477_8K.txt,638,3008
edgar-bpe-65536-digits,0000704532_000156459018007515_DEF14A.txt,29663,152696
edgar-bpe-65536-digits,0000704562_000168316819002729_DEF14A.txt,36891,181856
edgar-bpe-65536-digits,0000706863_000070686321000122_8K.txt,856,4001
edgar-bpe-65536-digits,0000709364_000094937720000282_DEF14A.txt,20499,89914
edgar-bpe-65536-digits,0000710752_000119312516579326_8K.txt,611,2570
edgar-bpe-65536-digits,0000714310_000071431018000109_DEF14A.txt,40197,200977
edgar-bpe-65536-digits,0000719413_000119312522102288_DEF14A.txt,59398,294636
edgar-bpe-65536-digits,0000719413_000143774920000256_8K.txt,933,4446
edgar-bpe-65536-digits,0000726958_000072695817000086_DEF14A.txt,29603,151811
edgar-bpe-65536-digits,0000727207_000162828023029348_10Q.txt,36450,192782
edgar-bpe-65536-digits,0000729986_000119312515372134_8K.txt,2392,12043
edgar-bpe-65536-digits,0000731766_000073176616000081_10Q.txt,17113,86706
edgar-bpe-65536-digits,0000732712_000073271221000054_10Q.txt,40373,215994
edgar-bpe-65536-digits,0000745308_000119312521109513_DEF14A.txt,22460,115043
edgar-bpe-65536-digits,0000749251_000074925119000015_10Q.txt,29935,155901
edgar-bpe-65536-digits,0000749660_000119380523000855_8K.txt,1004,4002
edgar-bpe-65536-digits,0000751364_000075136419000096_10Q.txt,17967,90673
edgar-bpe-65536-digits,0000752642_000149315217006745_8K.txt,970,3841
edgar-bpe-65536-digits,0000764065_000076406524000092_DEF14A.txt,48783,249519
edgar-bpe-65536-digits,0000774569_000156459019030505_10Q.txt,29109,148027
edgar-bpe-65536-digits,0000789933_000078993319000020_DEF14A.txt,54397,280468
edgar-bpe-65536-digits,0000792935_000190359623000646_10Q.txt,24998,121662
edgar-bpe-65536-digits,0000795212_000114036121019437_DEF14A.txt,19412,97611
edgar-bpe-65536-digits,0000796764_000117184319003270_8K.txt,1743,8478
edgar-bpe-65536-digits,0000798354_000119312522064509_8K.txt,729,3151
edgar-bpe-65536-digits,0000801337_000080133721000013_8K.txt,891,4337
edgar-bpe-65536-digits,0000803578_000143774923015463_10Q.txt,14596,76817
edgar-bpe-65536-digits,0000807884_000119312515123559_DEF14A.txt,56582,288136
edgar-bpe-65536-digits,0000809821_000120677415000358_DEF14A.txt,50076,198634
edgar-bpe-65536-digits,0000810509_000143774921012043_10Q.txt,30768,161999
edgar-bpe-65536-digits,0000812011_000081201121000013_10Q.txt,34535,180637
edgar-bpe-65536-digits,0000812796_000121390015003198_DEF14A.txt,31335,153449
edgar-bpe-65536-digits,0000814453_000081445321000120_10Q.txt,28133,147331
edgar-bpe-65536-digits,0000815065_000119312515275839_8K.txt,646,2882
edgar-bpe-65536-digits,0000817473_000081747316000135_8K.txt,573,2547
edgar-bpe-65536-digits,0000818850_000125889715001418_DEF14A.txt,27887,133793
edgar-bpe-65536-digits,0000825313_000082531320000030_10Q.txt,9341,48200
edgar-bpe-65536-digits,0000827187_000082718718000037_8K.txt,882,4401
edgar-bpe-65536-digits,0000830271_000119312520180768_DEF14A.txt,24672,117140
edgar-bpe-65536-digits,0000831547_000119312523138882_8K.txt,756,3382
edgar-bpe-65536-digits,0000832480_000083248016000039_DEF14A.txt,14474,72560
edgar-bpe-65536-digits,0000832489_000143774918007919_DEF14A.txt,20231,103095
edgar-bpe-65536-digits,0000834071_000095010318007517_8K.txt,594,2473
edgar-bpe-65536-digits,0000834071_000156459017022556_10Q.txt,27526,151565
edgar-bpe-65536-digits,0000842633_000114036122011873_DEF14A.txt,41781,202951
edgar-bpe-65536-digits,0000845379_000119312518330245_DEF14A.txt,14235,71045
edgar-bpe-65536-digits,0000845877_000084587717000124_10Q.txt,58378,290375
edgar-bpe-65536-digits,0000847464_000114420415009643_10Q.txt,12570,59059
edgar-bpe-65536-digits,0000852254_000174177323001593_DEF14A.txt,1840,5852
edgar-bpe-65536-digits,0000860543_000147793219002815_10Q.txt,10383,54622
edgar-bpe-65536-digits,0000860546_000086054619000014_10Q.txt,27289,140731
edgar-bpe-65536-digits,0000860748_000086074816000201_10Q.txt,36618,194230
edgar-bpe-65536-digits,0000861838_000155837017008228_10Q.txt,18682,100443
edgar-bpe-65536-digits,0000869531_000149315223035704_10Q.txt,9763,45892
edgar-bpe-65536-digits,0000874501_000087450120000064_DEF14A.txt,72086,376083
edgar-bpe-65536-digits,0000874766_000087476620000022_DEF14A.txt,73931,384765
edgar-bpe-65536-digits,0000876378_000156459018011929_10Q.txt,27797,150908
edgar-bpe-65536-digits,0000877860_000087786019000104_8K.txt,635,2798
edgar-bpe-65536-digits,0000884614_000088461422000017_8K.txt,595,2664
edgar-bpe-65536-digits,0000884905_000088490517000072_10Q.txt,20746,107790
edgar-bpe-65536-digits,0000884940_000119312517275632_10Q.txt,8851,43916
edgar-bpe-65536-digits,0000886136_000110465920047200_DEF14A.txt,65727,339019
edgar-bpe-65536-digits,0000887596_000104746919002380_DEF14A.txt,74657,375023
edgar-bpe-65536-digits,0000887596_000110465921046345_8K.txt,2621,12528
edgar-bpe-65536-digits,0000888981_000107997323000803_DEF14A.txt,17521,82705
edgar-bpe-65536-digits,0000890447_000162828015004311_10Q.txt,43922,225424
edgar-bpe-65536-digits,0000891024_000119312521344459_8K.txt,659,2868
edgar-bpe-65536-digits,0000893691_000089369117000017_DEF14A.txt,35297,181192
edgar-bpe-65536-digits,0000894242_000119312518185711_DEF14A.txt,35450,163957
edgar-bpe-65536-digits,0000895051_000155837022013418_10Q.txt,20661,106039
edgar-bpe-65536-digits,0000895456_000089545619000025_10Q.txt,10272,54618
edgar-bpe-65536-digits,0000898173_000089817315000123_10Q.txt,15869,83070
edgar-bpe-65536-digits,0000901243_000119312524155180_DEF14A.txt,39463,183685
edgar-bpe-65536-digits,0000908315_000090831518000011_DEF14A.txt,14568,73128
edgar-bpe-65536-digits,0000912615_000119312515116103_DEF14A.txt,34274,176449
edgar-bpe-65536-digits,0000914025_000091402516000076_DEF14A.txt,46005,239869
edgar-bpe-65536-digits,0000919013_000162828015008948_10Q.txt,26549,143624
edgar-bpe-65536-digits,0000919893_000091989322000006_DEF14A.txt,19246,94475
edgar-bpe-65536-digits,0000920148_000119312519305378_8K.txt,833,3833
edgar-bpe-65536-digits,0000921113_000110465915021755_8K.txt,1193,5629
edgar-bpe-65536-digits,0000923139_000155837021010235_10Q.txt,31268,150193
edgar-bpe-65536-digits,0000924168_000092416822000088_10Q.txt,30571,162536
edgar-bpe-65536-digits,0000925741_000143774917018927_10Q.txt,15024,83174
edgar-bpe-65536-digits,0000926282_000119312517108241_DEF14A.txt,31862,162326
edgar-bpe-65536-digits,0000926761_000089710116002443_DEF14A.txt,45665,231244
edgar-bpe-65536-digits,0000928658_000100888618000029_DEF14A.txt,34778,182434
edgar-bpe-65536-digits,0000930245_000147237518000106_10Q.txt,7303,36370
edgar-bpe-65536-digits,0000930828_000093082815000016_DEF14A.txt,21866,108637
edgar-bpe-65536-digits,0000931148_000119312519085857_DEF14A.txt,27200,138033
edgar-bpe-65536-digits,0000931584_000143774923030379_10Q.txt,12957,66281
edgar-bpe-65536-digits,0000932699_000093269916000113_DEF14A.txt,27890,140972
edgar-bpe-65536-digits,0000932781_000155278124000238_8K.txt,1524,7235
edgar-bpe-65536-digits,0000935494_000093549416000043_8K.txt,526,2378
edgar-bpe-65536-digits,0000937556_000093755620000102_8K.txt,1014,4905
edgar-bpe-65536-digits,0000939767_000093976724000002_8K.txt,1569,7697
edgar-bpe-65536-digits,0000944075_000094407515000015_DEF14A.txt,22103,109147
edgar-bpe-65536-digits,0000944148_000156459020035333_10Q.txt,21399,111060
edgar-bpe-65536-digits,0000945394_000110465920072085_8K.txt,1705,7816
edgar-bpe-65536-digits,0000945908_000119312524141589_DEF14A.txt,66554,282786
edgar-bpe-65536-digits,0001001258_000143774917002016_10Q.txt,32207,171098
edgar-bpe-65536-digits,0001004155_000100415516000202_10Q.txt,27740,150890
edgar-bpe-65536-digits,0001005229_000100522920000298_10Q.txt,24683,132520
edgar-bpe-65536-digits,0001006424_000143774915008102_DEF14A.txt,17720,90025
edgar-bpe-65536-digits,0001008848_000119312522311593_8K.txt,1532,7783
edgar-bpe-65536-digits,0001010086_000114036120009995_DEF14A.txt,33310,168340
edgar-bpe-65536-digits,0001013237_000101323722000165_DEF14A.txt,63597,334995
edgar-bpe-65536-digits,0001018164_000101816422000016_10Q.txt,17546,93301
edgar-bpe-65536-digits,0001018840_000119312517139441_DEF14A.txt,138392,706182
edgar-bpe-65536-digits,0001021270_000119312516475765_8K.txt,547,2299
edgar-bpe-65536-digits,0001022671_000114420418057915_10Q.txt,18849,92099
edgar-bpe-65536-digits,0001025362_000127956917000219_8K.txt,656,2888
edgar-bpe-65536-digits,0001025953_000102595315000075_10Q.txt,23695,128277
edgar-bpe-65536-digits,0001031093_000107997323000270_DEF14A.txt,24105,118449
edgar-bpe-65536-digits,0001035983_000110465918072540_8K.txt,726,3378
edgar-bpe-65536-digits,0001036848_000121390024001900_8K.txt,1605,7639
edgar-bpe-65536-digits,0001038773_000114420416093063_DEF14A.txt,30254,148048
edgar-bpe-65536-digits,0001041368_000093905720000286_DEF14A.txt,20512,105005
edgar-bpe-65536-digits,0001043000_000119312515174249_10Q.txt,17434,92736
edgar-bpe-65536-digits,0001043337_000114420418024834_10Q.txt,20577,105250
edgar-bpe-65536-digits,0001043509_000162828019002872_DEF14A.txt,62530,324834
edgar-bpe-65536-digits,0001043961_000114420418045172_10Q.txt,26471,134797
edgar-bpe-65536-digits,0001044378_000119312522136763_DEF14A.txt,56772,286835
edgar-bpe-65536-digits,0001045610_000119312516687616_8K.txt,1104,4801
edgar-bpe-65536-digits,0001047304_000119312524236025_DEF14A.txt,22891,106030
edgar-bpe-65536-digits,0001047884_000115752318000450_8K.txt,897,3913
edgar-bpe-65536-digits,0001053691_000143774920019730_8K.txt,970,4726
edgar-bpe-65536-digits,0001063344_000106334422000097_8K.txt,2609,13460
edgar-bpe-65536-digits,0001065059_000106505916000055_8K.txt,700,3215
edgar-bpe-65536-digits,0001065087_000114420417025705_8K.txt,549,2353
edgar-bpe-65536-digits,0001066194_000155837015001836_DEF14A.txt,14333,72260
edgar-bpe-65536-digits,0001070154_000107015416000042_8K.txt,622,2894
edgar-bpe-65536-digits,0001070789_000149315216011467_8K.txt,1354,6276
edgar-bpe-65536-digits,0001070985_000119312517054571_8K.txt,750,3295
edgar-bpe-65536-digits,0001073429_000162828019013749_8K.txt,747,3445
edgar-bpe-65536-digits,0001080319_000101738621000437_8K.txt,762,3237
edgar-bpe-65536-digits,0001080340_000114420416105001_DEF14A.txt,11764,55956
edgar-bpe-65536-digits,0001083301_000108330124000048_8K.txt,1456,7254
edgar-bpe-65536-digits,0001083848_000168316820002899_10Q.txt,14586,70329
edgar-bpe-65536-digits,0001084048_000107261316000732_DEF14A.txt,24166,123083
edgar-bpe-65536-digits,0001084580_000108458021000013_10Q.txt,56607,306543
edgar-bpe-65536-digits,0001086222_000119312517107762_DEF14A.txt,59268,296786
edgar-bpe-65536-digits,0001087786_000119312519272523_DEF14A.txt,23524,113379
edgar-bpe-65536-digits,0001092699_000119312518116942_DEF14A.txt,28746,144188
edgar-bpe-65536-digits,0001096752_000109675221000015_8K.txt,1433,7045
edgar-bpe-65536-digits,0001096752_000119312519318456_DEF14A.txt,72378,365623
edgar-bpe-65536-digits,0001101215_000110121515000015_8K.txt,618,2990
edgar-bpe-65536-digits,0001104462_000144586615000957_10Q.txt,9584,52187
edgar-bpe-65536-digits,0001106838_000149315224020551_8K.txt,2297,10170
edgar-bpe-65536-digits,0001108524_000119312521280079_8K.txt,791,3585
edgar-bpe-65536-digits,0001109189_000110918920000154_10Q.txt,32244,170193
edgar-bpe-65536-digits,0001122304_000112230417000035_8K.txt,942,4410
edgar-bpe-65536-digits,0001123316_000119312518093017_8K.txt,2069,9877
edgar-bpe-65536-digits,0001124796_000112479620000123_10Q.txt,34469,188374
edgar-bpe-65536-digits,0001124941_000119312522010023_DEF14A.txt,39547,201508
edgar-bpe-65536-digits,0001126741_000155837016003096_10Q.txt,26429,144997
edgar-bpe-65536-digits,0001127703_000170639720000007_10Q.txt,64748,348069
edgar-bpe-65536-digits,0001127993_000107878217000755_10Q.txt,7679,39577
edgar-bpe-65536-digits,0001128928_000156459021029068_10Q.txt,31297,162900
edgar-bpe-65536-digits,0001130144_000114420417003451_8K.txt,572,2507
edgar-bpe-65536-digits,0001135971_000162828018013229_8K.txt,1872,8021
edgar-bpe-65536-digits,0001136893_000119312521111542_DEF14A.txt,46509,237232
edgar-bpe-65536-digits,0001140215_000149315223039082_DEF14A.txt,20500,99201
edgar-bpe-65536-digits,0001141103_000115752315000380_8K.txt,530,2134
edgar-bpe-65536-digits,0001141688_000114420415065272_10Q.txt,22247,105118
edgar-bpe-65536-digits,0001142596_000119312520050815_8K.txt,722,3163
edgar-bpe-65536-digits,0001156388_000119312524118390_DEF14A.txt,31308,161076
edgar-bpe-65536-digits,0001157602_000104746915003551_DEF14A.txt,24685,121691
edgar-bpe-65536-digits,0001158324_000104746919001306_DEF14A.txt,53454,270890
edgar-bpe-65536-digits,0001158463_000115846320000046_8K.txt,2191,11286
edgar-bpe-65536-digits,0001162461_000143774917012435_8K.txt,839,3888
edgar-bpe-65536-digits,0001163792_000119312516549975_DEF14A.txt,15807,77274
edgar-bpe-65536-digits,0001164255_000116425516000086_10Q.txt,21573,117186
edgar-bpe-65536-digits,0001167419_000114036123022069_DEF14A.txt,57306,290795
edgar-bpe-65536-digits,0001172631_000149315216009608_10Q.txt,14796,75225
edgar-bpe-65536-digits,0001173489_000143774924011641_DEF14A.txt,38146,198463
edgar-bpe-65536-digits,0001173514_000117351417000029_DEF14A.txt,38775,191789
edgar-bpe-65536-digits,0001178670_000117867020000007_10Q.txt,56566,312023
edgar-bpe-65536-digits,0001179060_000110465917039998_8K.txt,777,3411
edgar-bpe-65536-digits,0001181504_000119312523269340_DEF14A.txt,44096,197861
edgar-bpe-65536-digits,0001183765_000117184323003314_8K.txt,790,3615
edgar-bpe-65536-digits,0001191334_000071758820000010_10Q.txt,4564,23812
edgar-bpe-65536-digits,0001195933_000119312516536426_DEF14A.txt,29043,145679
edgar-bpe-65536-digits,0001230276_000123027616000071_DEF14A.txt,37105,188728
edgar-bpe-65536-digits,0001232582_000123258218000040_8K.txt,812,3783
edgar-bpe-65536-digits,0001260968_000117184317002385_8K.txt,725,3103
edgar-bpe-65536-digits,0001261166_000089843222000514_DEF14A.txt,24163,116013
edgar-bpe-65536-digits,0001267902_000119312519100307_DEF14A.txt,14496,70411
edgar-bpe-65536-digits,0001269026_000149315220013086_DEF14A.txt,71746,361446
edgar-bpe-65536-digits,0001270073_000114420416116416_8K.txt,621,2698
edgar-bpe-65536-digits,0001273636_000156459016012450_10Q.txt,16394,90238
edgar-bpe-65536-digits,0001274494_000162828021008263_10Q.txt,29818,158455
edgar-bpe-65536-digits,0001274644_000127464416000150_10Q.txt,14418,75956
edgar-bpe-65536-digits,0001275158_000127515823000033_DEF14A.txt,53639,277895
edgar-bpe-65536-digits,0001277250_000165495422000137_8K.txt,965,4620
edgar-bpe-65536-digits,0001283450_000106823823000159_8K.txt,1328,6290
edgar-bpe-65536-digits,0001288992_000094039419000062_DEF14A.txt,19635,97673
edgar-bpe-65536-digits,0001289340_000149315224032047_10Q.txt,22115,114563
edgar-bpe-65536-digits,0001301611_000115752315003579_8K.txt,550,2165
edgar-bpe-65536-digits,0001302946_000130294616000163_10Q.txt,14377,73000
edgar-bpe-65536-digits,0001304161_000165495418002767_10Q.txt,13755,68018
edgar-bpe-65536-digits,0001304730_000149315219007426_10Q.txt,9147,44757
edgar-bpe-65536-digits,0001308161_000156459018001566_10Q.txt,30319,164482
edgar-bpe-65536-digits,0001308208_000156459021022564_8K.txt,1226,5452
edgar-bpe-65536-digits,0001310383_000114420416133357_10Q.txt,20700,102027
edgar-bpe-65536-digits,0001321732_000132173219000051_DEF14A.txt,31216,161720
edgar-bpe-65536-digits,0001325740_000156459019032182_10Q.txt,21410,111633
edgar-bpe-65536-digits,0001326706_000121390020008758_8K.txt,753,3228
edgar-bpe-65536-digits,0001326771_000132677115000030_10Q.txt,36673,184949
edgar-bpe-65536-digits,0001328792_000110465923087252_DEF14A.txt,16733,85216
edgar-bpe-65536-digits,0001331451_000133145122000131_8K.txt,2042,9943
edgar-bpe-65536-digits,0001331754_000133175424000184_8K.txt,1630,7926
edgar-bpe-65536-digits,0001335105_000149315218015470_10Q.txt,26770,136827
edgar-bpe-65536-digits,0001341235_000119312524104862_DEF14A.txt,26025,128545
edgar-bpe-65536-digits,0001345126_000119312521065640_8K.txt,1249,5901
edgar-bpe-65536-digits,0001346980_000114036120011770_DEF14A.txt,38268,186272
edgar-bpe-65536-digits,0001352010_000119312519114962_DEF14A.txt,36546,185414
edgar-bpe-65536-digits,0001365916_000136591624000008_8K.txt,4271,21526
edgar-bpe-65536-digits,0001370450_000104746915003622_DEF14A.txt,25565,127655
edgar-bpe-65536-digits,0001371489_000155837017008718_10Q.txt,14409,78599
edgar-bpe-65536-digits,0001372020_000095017023000932_8K.txt,1075,5195
edgar-bpe-65536-digits,0001372514_000110465921058990_DEF14A.txt,41182,212202
edgar-bpe-65536-digits,0001378992_000137899221000026_8K.txt,769,3436
edgar-bpe-65536-digits,0001379895_000110465917049338_8K.txt,1922,9840
edgar-bpe-65536-digits,0001383701_000156459022019887_10Q.txt,57659,321244
edgar-bpe-65536-digits,0001384905_000138490523000022_8K.txt,736,3360
edgar-bpe-65536-digits,0001386278_000138627820000037_8K.txt,613,2731
edgar-bpe-65536-digits,0001386570_000141588915003666_10Q.txt,13257,68044
edgar-bpe-65536-digits,0001389050_000138905015000027_10Q.txt,47412,255697
edgar-bpe-65536-digits,0001389123_000121390019023198_10Q.txt,78518,345795
edgar-bpe-65536-digits,0001391127_000139112717000077_DEF14A.txt,35849,184026
edgar-bpe-65536-digits,0001391933_000092708923000048_DEF14A.txt,25135,129434
edgar-bpe-65536-digits,0001393781_000166357722000646_10Q.txt,9052,44269
edgar-bpe-65536-digits,0001395937_000156459020019694_DEF14A.txt,28501,146655
edgar-bpe-65536-digits,0001398805_000168316821005511_10Q.txt,17061,85397
edgar-bpe-65536-digits,0001408198_000140819824000131_10Q.txt,27837,142548
edgar-bpe-65536-digits,0001410098_000165495419002232_8K.txt,889,3754
edgar-bpe-65536-digits,0001412665_000141266519000098_8K.txt,656,2947
edgar-bpe-65536-digits,0001417926_000149315222032023_10Q.txt,22956,113927
edgar-bpe-65536-digits,0001419951_000173112221000904_10Q.txt,18463,92064
edgar-bpe-65536-digits,0001424657_000121390022028643_8K.txt,908,3915
edgar-bpe-65536-digits,0001424768_000149315218011317_10Q.txt,12758,60245
edgar-bpe-65536-digits,0001425287_000121390024029590_DEF14A.txt,156906,814673
edgar-bpe-65536-digits,0001434621_000114036124022344_DEF14A.txt,41106,206861
edgar-bpe-65536-digits,0001437491_000121390018010010_8K.txt,751,3311
edgar-bpe-65536-digits,0001437557_000114420417020563_8K.txt,1553,7355
edgar-bpe-65536-digits,0001441816_000144181624000111_10Q.txt,51961,288279
edgar-bpe-65536-digits,0001444307_000149315220007458_DEF14A.txt,36834,182638
edgar-bpe-65536-digits,0001448705_000107997324000032_8K.txt,712,3085
edgar-bpe-65536-digits,0001448893_000144889322000085_10Q.txt,35306,182963
edgar-bpe-65536-digits,0001450148_000110465915086678_DEF14A.txt,15249,75733
edgar-bpe-65536-digits,0001453593_000114420417059058_8K.txt,922,4110
edgar-bpe-65536-digits,0001459417_000145941719000003_10Q.txt,21618,116121
edgar-bpe-65536-digits,0001464343_000143774924012068_DEF14A.txt,19092,98134
edgar-bpe-65536-digits,0001465470_000149315224032357_10Q.txt,29962,152234
edgar-bpe-65536-digits,0001467154_000146715421000071_8K.txt,1779,8519
edgar-bpe-65536-digits,0001474432_000119312518156087_DEF14A.txt,33874,168238
edgar-bpe-65536-digits,0001477815_000162828023025985_10Q.txt,25094,130521
edgar-bpe-65536-digits,0001485003_000148500321000063_DEF14A.txt,49482,256223
edgar-bpe-65536-digits,0001486298_000139834423005413_DEF14A.txt,14244,66056
edgar-bpe-65536-digits,0001490892_000104746919001737_DEF14A.txt,35911,182110
edgar-bpe-65536-digits,0001490978_000149097824000089_10Q.txt,76685,430931
edgar-bpe-65536-digits,0001491487_000114420416121942_8K.txt,1214,5416
edgar-bpe-65536-digits,0001493594_000149359423000076_8K.txt,664,3039
edgar-bpe-65536-digits,0001493761_000119312515161026_DEF14A.txt,27503,137972
edgar-bpe-65536-digits,0001495320_000149532022000046_10Q.txt,25217,127954
edgar-bpe-65536-digits,0001496099_000115752317001482_8K.txt,696,2882
edgar-bpe-65536-digits,0001496264_000148251219000073_10Q.txt,33712,170623
edgar-bpe-65536-digits,0001500375_000092708918000367_DEF14A.txt,14959,77806
edgar-bpe-65536-digits,0001501103_000139834420001718_DEF14A.txt,10979,52694
edgar-bpe-65536-digits,0001501697_000119312518186853_8K.txt,704,2977
edgar-bpe-65536-digits,0001502292_000150229218000055_10Q.txt,21373,107812
edgar-bpe-65536-digits,0001502756_000155837018004089_10Q.txt,38544,198520
edgar-bpe-65536-digits,0001504545_000119312521062991_DEF14A.txt,16095,76576
edgar-bpe-65536-digits,0001512228_000161577417000360_10Q.txt,15480,77156
edgar-bpe-65536-digits,0001514705_000151470523000008_10Q.txt,15546,81968
edgar-bpe-65536-digits,0001520697_000119312521092741_DEF14A.txt,64553,329122
edgar-bpe-65536-digits,0001521332_000119312517306532_DEF14A.txt,5320,24612
edgar-bpe-65536-digits,0001522767_000149315221020437_DEF14A.txt,20110,100679
edgar-bpe-65536-digits,0001527675_000121390019003898_8K.txt,990,4562
edgar-bpe-65536-digits,0001532961_000143774915009815_8K.txt,584,2566
edgar-bpe-65536-digits,0001533758_000153375818000021_10Q.txt,43705,229734
edgar-bpe-65536-digits,0001534133_000095017023021775_10Q.txt,73656,417529
edgar-bpe-65536-digits,0001537140_000158064221004327_DEF14A.txt,12717,62308
edgar-bpe-65536-digits,0001541119_000154111922000046_10Q.txt,30203,152427
edgar-bpe-65536-digits,0001541401_000119312516544964_DEF14A.txt,48275,244321
edgar-bpe-65536-digits,0001543623_000126246315000360_10Q.txt,14047,72224
edgar-bpe-65536-digits,0001543637_000154812316000595_10Q.txt,8373,44672
edgar-bpe-65536-digits,0001548717_000119312523060850_DEF14A.txt,14978,70323
edgar-bpe-65536-digits,0001549631_000149315222005175_8K.txt,1040,4463
edgar-bpe-65536-digits,0001553023_000155302321000082_10Q.txt,34966,185348
edgar-bpe-65536-digits,0001553197_000005193118001014_DEF14A.txt,746,3111
edgar-bpe-65536-digits,0001555177_000162828015006244_10Q.txt,18266,94222
edgar-bpe-65536-digits,0001562594_000114420415068834_8K.txt,1294,6197
edgar-bpe-65536-digits,0001564824_000156459020047119_8K.txt,693,3032
edgar-bpe-65536-digits,0001566469_000119312521140679_DEF14A.txt,27226,137060
edgar-bpe-65536-digits,0001566469_000156646922000060_8K.txt,1570,7732
edgar-bpe-65536-digits,0001566561_000164033416002116_8K.txt,565,2451
edgar-bpe-65536-digits,0001566610_000149315224043700_10Q.txt,25103,127284
edgar-bpe-65536-digits,0001566912_000156691221000031_8K.txt,701,3154
edgar-bpe-65536-digits,0001569994_000156999418000047_8K.txt,6847,34969
edgar-bpe-65536-digits,0001571371_000119312515370154_8K.txt,1117,5404
edgar-bpe-65536-digits,0001571776_000114036124036413_10Q.txt,46705,238274
edgar-bpe-65536-digits,0001571934_000110465921024659_8K.txt,728,3195
edgar-bpe-65536-digits,0001572552_000114036115015107_8K.txt,1260,6399
edgar-bpe-65536-digits,0001573166_000110465916141676_8K.txt,2893,14526
edgar-bpe-65536-digits,0001573698_000094039417000105_DEF14A.txt,23260,114992
edgar-bpe-65536-digits,0001575515_000119312515289234_8K.txt,801,3573
edgar-bpe-65536-digits,0001576914_000162828023019649_8K.txt,675,3080
edgar-bpe-65536-digits,0001584207_000104746915003877_DEF14A.txt,36961,186570
edgar-bpe-65536-digits,0001585149_000114420415073427_8K.txt,1066,4791
edgar-bpe-65536-digits,0001585149_000149315223019595_10Q.txt,6769,35083
edgar-bpe-65536-digits,0001589061_000143774917011815_8K.txt,1242,5681
edgar-bpe-65536-digits,0001592706_000119312515195199_8K.txt,3126,15671
edgar-bpe-65536-digits,0001595527_000110465920035832_DEF14A.txt,23390,121255
edgar-bpe-65536-digits,0001598646_000119312520269392_8K.txt,1354,6579
edgar-bpe-65536-digits,0001600132_000110465923114775_DEF14A.txt,29637,156183
edgar-bpe-65536-digits,0001602409_000143774916039687_10Q.txt,6778,36667
edgar-bpe-65536-digits,0001605331_000166357722000272_8K.txt,1068,5070
edgar-bpe-65536-digits,0001607281_000160728115000013_10Q.txt,4731,24436
edgar-bpe-65536-digits,0001616000_000161600024000035_DEF14A.txt,45907,238645
edgar-bpe-65536-digits,0001621443_000110465919010499_8K.txt,629,2822
edgar-bpe-65536-digits,0001622879_000168316821003724_10Q.txt,24809,119901
edgar-bpe-65536-digits,0001623715_000095017022023883_10Q.txt,63852,357844
edgar-bpe-65536-digits,0001625278_000162527823000094_10Q.txt,14583,75017
edgar-bpe-65536-digits,0001631650_000156459019041020_8K.txt,771,3526
edgar-bpe-65536-digits,0001632275_000126246320000275_10Q.txt,8101,38328
edgar-bpe-65536-digits,0001633858_000110465920076307_8K.txt,578,2397
edgar-bpe-65536-digits,0001635088_000114036124007260_10Q.txt,98753,541745
edgar-bpe-65536-digits,0001635881_000163588119000078_8K.txt,742,3480
edgar-bpe-65536-digits,0001635984_000163598423000013_DEF14A.txt,39568,194610
edgar-bpe-65536-digits,0001636282_000156459019012157_DEF14A.txt,21736,109373
edgar-bpe-65536-digits,0001636519_000119312516712342_8K.txt,1589,7798
edgar-bpe-65536-digits,0001641489_000156459020051377_10Q.txt,24418,129826
edgar-bpe-65536-digits,0001643953_000121390019000641_8K.txt,1656,7677
edgar-bpe-65536-digits,0001650132_000119312517156665_8K.txt,653,2886
edgar-bpe-65536-digits,0001651944_000114420418008036_10Q.txt,14542,75589
edgar-bpe-65536-digits,0001651987_000149315217013065_10Q.txt,20295,100589
edgar-bpe-65536-digits,0001655075_000119312522240118_8K.txt,1004,4767
edgar-bpe-65536-digits,0001656839_000153949715002106_8K.txt,4214,20303
edgar-bpe-65536-digits,0001657788_000155837017008705_10Q.txt,22634,123368
edgar-bpe-65536-digits,0001657803_000149315217004884_10Q.txt,4449,21976
edgar-bpe-65536-digits,0001662524_000166252418000009_10Q.txt,45904,242386
edgar-bpe-65536-digits,0001668397_000156459019038396_10Q.txt,18246,97059
edgar-bpe-65536-digits,0001669779_000104746918002341_DEF14A.txt,40724,201679
edgar-bpe-65536-digits,0001671013_000155837016006917_10Q.txt,42256,214037
edgar-bpe-65536-digits,0001671584_000119312520071893_8K.txt,981,4206
edgar-bpe-65536-digits,0001672882_000102143216001439_10Q.txt,5233,26983
edgar-bpe-65536-digits,0001674440_000149315222007138_10Q.txt,25566,126228
edgar-bpe-65536-digits,0001674910_000119312517370707_DEF14A.txt,58000,288369
edgar-bpe-65536-digits,0001675149_000119312519079568_DEF14A.txt,58025,295038
edgar-bpe-65536-digits,0001680379_000110465923066341_8K.txt,1209,5688
edgar-bpe-65536-digits,0001687065_000107997321000392_10Q.txt,7379,36746
edgar-bpe-65536-digits,0001687229_000168722919000044_10Q.txt,42051,216304
edgar-bpe-65536-digits,0001691507_000156459020025482_10Q.txt,20095,104869
edgar-bpe-65536-digits,0001697500_000114036122012578_DEF14A.txt,19254,95936
edgar-bpe-65536-digits,0001699838_000119312524258535_8K.txt,764,3383
edgar-bpe-65536-digits,0001702916_000159991618000031_10Q.txt,4250,21004
edgar-bpe-65536-digits,0001707502_000119312522125475_DEF14A.txt,39193,196270
edgar-bpe-65536-digits,0001707753_000170775320000032_10Q.txt,54718,298769
edgar-bpe-65536-digits,0001708035_000114036121011255_DEF14A.txt,37226,175999
edgar-bpe-65536-digits,0001710583_000119312522125136_DEF14A.txt,119862,608847
edgar-bpe-65536-digits,0001711279_000119312518124863_DEF14A.txt,16565,82875
edgar-bpe-65536-digits,0001716621_000156459020054367_8K.txt,1555,7519
edgar-bpe-65536-digits,0001718644_000160706219000142_8K.txt,802,3316
edgar-bpe-65536-digits,0001720725_000119312521129303_DEF14A.txt,29031,143175
edgar-bpe-65536-digits,0001725057_000095017024049078_8K.txt,1264,5460
edgar-bpe-65536-digits,0001725134_000162828023038668_8K.txt,1406,6772
edgar-bpe-65536-digits,0001735184_000119312521103969_DEF14A.txt,22331,114090
edgar-bpe-65536-digits,0001743881_000156459020025197_10Q.txt,83702,471017
edgar-bpe-65536-digits,0001750735_000175073522000080_10Q.txt,30781,150837
edgar-bpe-65536-digits,0001752836_000119312520276926_DEF14A.txt,11373,55304
edgar-bpe-65536-digits,0001754170_000110465922054647_DEF14A.txt,29726,151026
edgar-bpe-65536-digits,0001754170_000155837022003554_8K.txt,768,3490
edgar-bpe-65536-digits,0001759509_000175950924000128_10Q.txt,82557,455457
edgar-bpe-65536-digits,0001760717_000176071721000047_10Q.txt,16701,85423
edgar-bpe-65536-digits,0001766400_000176640020000040_DEF14A.txt,20553,107331
edgar-bpe-65536-digits,0001766478_000176647823000132_10Q.txt,34932,180846
edgar-bpe-65536-digits,0001768224_000119380520000886_8K.txt,1316,6176
edgar-bpe-65536-digits,0001773056_000110465919029913_8K.txt,898,3879
edgar-bpe-65536-digits,0001777319_000149315224020688_10Q.txt,16164,79692
edgar-bpe-65536-digits,0001785347_000005193122000985_DEF14A.txt,18665,81935
edgar-bpe-65536-digits,0001796022_000179602223000011_10Q.txt,48832,263680
edgar-bpe-65536-digits,0001799332_000149315224044300_10Q.txt,28411,143831
edgar-bpe-65536-digits,0001805521_000121390022012549_8K.txt,1546,7295
edgar-bpe-65536-digits,0001806952_000162828024020467_10Q.txt,57970,330603
edgar-bpe-65536-digits,0001808805_000180880524000033_DEF14A.txt,38078,197977
edgar-bpe-65536-digits,0001812923_000119312523020783_DEF14A.txt,21413,107120
edgar-bpe-65536-digits,0001818844_000155837024009327_8K.txt,920,3949
edgar-bpe-65536-digits,0001823466_000119312523105713_DEF14A.txt,34247,172288
edgar-bpe-65536-digits,0001823826_000121390022065652_DEF14A.txt,27430,142791
edgar-bpe-65536-digits,0001828723_000182872323000128_10Q.txt,36678,195299
edgar-bpe-65536-digits,0001829328_000121390022047088_10Q.txt,19734,102512
edgar-bpe-65536-digits,0001835256_000183525624000031_10Q.txt,27968,149234
edgar-bpe-65536-digits,0001836833_000183683323000107_8K.txt,811,3751
edgar-bpe-65536-digits,0001842916_000121390023018885_8K.txt,2164,10096
edgar-bpe-65536-digits,0001844419_000110465921082615_10Q.txt,13405,73113
edgar-bpe-65536-digits,0001852244_000110465921132441_8K.txt,754,3280
edgar-bpe-65536-digits,0001866226_000121390024025131_8K.txt,1771,8265
edgar-bpe-65536-digits,0001874875_000149315223040328_10Q.txt,19291,93961
edgar-bpe-65536-digits,0001937993_000121390024051803_DEF14A.txt,48655,252421
edgar-bpe-65536-digits,0002000178_000119312524139480_8K.txt,1068,5147
edgar-bpe-65536-line,0000003499_000000349924000015_10Q.txt,7262,59541
edgar-bpe-65536-line,0000006885_000000688517000113_DEF14A.txt,50381,380855
edgar-bpe-65536-line,0000006955_000000695522000035_DEF14A.txt,30145,223188
edgar-bpe-65536-line,0000012927_000119312518085720_DEF14A.txt,37268,245815
edgar-bpe-65536-line,0000014195_000001419519000034_8K.txt,1141,10046
edgar-bpe-65536-line,0000016040_000156459022003902_10Q.txt,10113,90633
edgar-bpe-65536-line,0000021665_000002166517000012_10Q.txt,17027,140348
edgar-bpe-65536-line,0000025895_000143774923007161_8K.txt,1142,9591
edgar-bpe-65536-line,0000029905_000002990520000035_10Q.txt,19882,152047
edgar-bpe-65536-line,0000030697_000119312523081491_8K.txt,638,4729
edgar-bpe-65536-line,0000032621_000119312516747167_DEF14A.txt,10854,78582
edgar-bpe-65536-line,0000033619_000119312515416055_DEF14A.txt,29485,213876
edgar-bpe-65536-line,0000044402_000113322824000295_DEF14A.txt,10994,58538
edgar-bpe-65536-line,0000045012_000004501224000061_8K.txt,617,5409
edgar-bpe-65536-line,0000050471_000165495417009541_DEF14A.txt,13601,88953
edgar-bpe-65536-line,0000051143_000155837019008923_8K.txt,797,5297
edgar-bpe-65536-line,0000063090_000174177324003913_DEF14A.txt,88671,281113
edgar-bpe-65536-line,0000064996_000006499621000010_DEF14A.txt,10463,83393
edgar-bpe-65536-line,0000065596_000135448815003888_10Q.txt,6296,47831
edgar-bpe-65536-line,0000069891_000143774918016143_DEF14A.txt,8504,65235
edgar-bpe-65536-line,0000070318_000007031821000035_8K.txt,422,3331
edgar-bpe-65536-line,0000070866_000119312522279265_8K.txt,672,5413
edgar-bpe-65536-line,0000071829_000007182918000159_8K.txt,668,5379
edgar-bpe-65536-line,0000072331_000119312521014249_DEF14A.txt,58765,409299
edgar-bpe-65536-line,0000072573_000095014215000651_8K.txt,348,2214
edgar-bpe-65536-line,0000072903_000007290322000027_10Q.txt,20126,143629
edgar-bpe-65536-line,0000073020_000173399822000037_8K.txt,661,5253
edgar-bpe-65536-line,0000073124_000007312419000197_10Q.txt,34515,236660
edgar-bpe-65536-line,0000075208_000114420416097387_DEF14A.txt,23052,167918
edgar-bpe-65536-line,0000081020_000132616018000094_8K.txt,653,3667
edgar-bpe-65536-line,0000082811_000114036122009921_DEF14A.txt,36486,240875
edgar-bpe-65536-line,0000092108_000119312516422850_8K.txt,2807,20590
edgar-bpe-65536-line,0000094344_000114420418038883_8K.txt,448,2853
edgar-bpe-65536-line,0000095029_000117494716002292_DEF14A.txt,19646,127019
edgar-bpe-65536-line,0000096021_000119312516445231_8K.txt,719,5324
edgar-bpe-65536-line,0000100517_000110465918035733_8K.txt,1039,6867
edgar-bpe-65536-line,0000101984_000010198417000012_DEF14A.txt,21275,154836
edgar-bpe-65536-line,0000102752_000010275219000057_10Q.txt,11199,88306
edgar-bpe-65536-line,0000105744_000121465924006148_8K.txt,509,3497
edgar-bpe-65536-line,0000106532_000141057823002272_10Q.txt,7201,52637
edgar-bpe-65536-line,0000109177_000010917717000059_DEF14A.txt,22945,169817
edgar-bpe-65536-line,0000278165_000149315223009387_8K.txt,474,2739
edgar-bpe-65536-line,0000315256_000007274116000075_10Q.txt,28999,195825
edgar-bpe-65536-line,0000316709_000119312516523055_DEF14A.txt,27905,185988
edgar-bpe-65536-line,0000318306_000114420417019907_DEF14A.txt,11787,85279
edgar-bpe-65536-line,0000318833_000031883324000054_10Q.txt,13178,102667
edgar-bpe-65536-line,0000319654_000119312517252285_10Q.txt,5897,44842
edgar-bpe-65536-line,0000319655_000119312520040303_8K.txt,521,3634
edgar-bpe-65536-line,0000702513_000143774918018477_8K.txt,361,3008
edgar-bpe-65536-line,0000704532_000156459018007515_DEF14A.txt,21339,152696
edgar-bpe-65536-line,0000704562_000168316819002729_DEF14A.txt,25469,181856
edgar-bpe-65536-line,0000706863_000070686321000122_8K.txt,503,4001
edgar-bpe-65536-line,0000709364_000094937720000282_DEF14A.txt,16915,89914
edgar-bpe-65536-line,0000710752_000119312516579326_8K.txt,401,2570
edgar-bpe-65536-line,0000714310_000071431018000109_DEF14A.txt,30106,200977
edgar-bpe-65536-line,0000719413_000119312522102288_DEF14A.txt,44800,294636
edgar-bpe-65536-line,0000719413_000143774920000256_8K.txt,533,4446
edgar-bpe-65536-line,0000726958_000072695817000086_DEF14A.txt,21124,151811
edgar-bpe-65536-line,0000727207_000162828023029348_10Q.txt,21635,192782
edgar-bpe-65536-line,0000729986_000119312515372134_8K.txt,1478,12043
edgar-bpe-65536-line,0000731766_000073176616000081_10Q.txt,11428,86706
edgar-bpe-65536-line,0000732712_000073271221000054_10Q.txt,26885,215994
edgar-bpe-65536-line,0000745308_000119312521109513_DEF14A.txt,16254,115043
edgar-bpe-65536-line,0000749251_000074925119000015_10Q.txt,19062,155901
edgar-bpe-65536-line,0000749660_000119380523000855_8K.txt,735,4002
edgar-bpe-65536-line,0000751364_000075136419000096_10Q.txt,12378,90673
edgar-bpe-65536-line,0000752642_000149315217006745_8K.txt,720,3841
edgar-bpe-65536-line,0000764065_000076406524000092_DEF14A.txt,38279,249519
edgar-bpe-65536-line,0000774569_000156459019030505_10Q.txt,19974,148027
edgar-bpe-65536-line,0000789933_000078993319000020_DEF14A.txt,37757,280468
edgar-bpe-65536-line,0000792935_000190359623000646_10Q.txt,17301,121662
edgar-bpe-65536-line,0000795212_000114036121019437_DEF14A.txt,13671,97611
edgar-bpe-65536-line,0000796764_000117184319003270_8K.txt,1180,8478
edgar-bpe-65536-line,0000798354_000119312522064509_8K.txt,426,3151
edgar-bpe-65536-line,0000801337_000080133721000013_8K.txt,536,4337
edgar-bpe-65536-line,0000803578_000143774923015463_10Q.txt,9089,76817
edgar-bpe-65536-line,0000807884_000119312515123559_DEF14A.txt,39877,288136
edgar-bpe-65536-line,0000809821_000120677415000358_DEF14A.txt,46331,198634
edgar-bpe-65536-line,0000810509_000143774921012043_10Q.txt,20733,161999
edgar-bpe-65536-line,0000812011_000081201121000013_10Q.txt,23283,180637
edgar-bpe-65536-line,0000812796_000121390015003198_DEF14A.txt,21724,153449
edgar-bpe-65536-line,0000814453_000081445321000120_10Q.txt,17984,147331
edgar-bpe-65536-line,0000815065_000119312515275839_8K.txt,429,2882
edgar-bpe-65536-line,0000817473_000081747316000135_8K.txt,354,2547
edgar-bpe-65536-line,0000818850_000125889715001418_DEF14A.txt,22928,133793
edgar-bpe-65536-line,0000825313_000082531320000030_10Q.txt,5903,48200
edgar-bpe-65536-line,0000827187_000082718718000037_8K.txt,510,4401
edgar-bpe-65536-line,0000830271_000119312520180768_DEF14A.txt,19723,117140
edgar-bpe-65536-line,0000831547_000119312523138882_8K.txt,434,3382
edgar-bpe-65536-line,0000832480_000083248016000039_DEF14A.txt,10399,72560
edgar-bpe-65536-line,0000832489_000143774918007919_DEF14A.txt,13937,103095
edgar-bpe-65536-line,0000834071_000095010318007517_8K.txt,395,2473
edgar-bpe-65536-line,0000834071_000156459017022556_10Q.txt,18242,151565
edgar-bpe-65536-line,0000842633_000114036122011873_DEF14A.txt,30900,202951
edgar-bpe-65536-line,0000845379_000119312518330245_DEF14A.txt,10366,71045
edgar-bpe-65536-line,0000845877_000084587717000124_10Q.txt,43918,290375
edgar-bpe-65536-line,0000847464_000114420415009643_10Q.txt,8824,59059
edgar-bpe-65536-line,0000852254_000174177323001593_DEF14A.txt,1621,5852
edgar-bpe-65536-line,0000860543_000147793219002815_10Q.txt,6388,54622
edgar-bpe-65536-line,0000860546_000086054619000014_10Q.txt,18717,140731
edgar-bpe-65536-line,0000860748_000086074816000201_10Q.txt,26106,194230
edgar-bpe-65536-line,0000861838_000155837017008228_10Q.txt,11766,100443
edgar-bpe-65536-line,0000869531_000149315223035704_10Q.txt,6867,45892
edgar-bpe-65536-line,0000874501_000087450120000064_DEF14A.txt,49645,376083
edgar-bpe-65536-line,0000874766_000087476620000022_DEF14A.txt,54641,384765
edgar-bpe-65536-line,0000876378_000156459018011929_10Q.txt,16705,150908
edgar-bpe-65536-line,0000877860_000087786019000104_8K.txt,357,2798
edgar-bpe-65536-line,0000884614_000088461422000017_8K.txt,348,2664
edgar-bpe-65536-line,0000884905_000088490517000072_10Q.txt,14154,107790
edgar-bpe-65536-line,0000884940_000119312517275632_10Q.txt,5430,43916
edgar-bpe-65536-line,0000886136_000110465920047200_DEF14A.txt,45984,339019
edgar-bpe-65536-line,0000887596_000104746919002380_DEF14A.txt,53595,375023
edgar-bpe-65536-line,0000887596_000110465921046345_8K.txt,1687,12528
edgar-bpe-65536-line,0000888981_000107997323000803_DEF14A.txt,12913,82705
edgar-bpe-65536-line,0000890447_000162828015004311_10Q.txt,30171,225424
edgar-bpe-65536-line,0000891024_000119312521344459_8K.txt,389,2868
edgar-bpe-65536-line,0000893691_000089369117000017_DEF14A.txt,24959,181192
edgar-bpe-65536-line,0000894242_000119312518185711_DEF14A.txt,28810,163957
edgar-bpe-65536-line,0000895051_000155837022013418_10Q.txt,13503,106039
edgar-bpe-65536-line,0000895456_000089545619000025_10Q.txt,6356,54618
edgar-bpe-65536-line,0000898173_000089817315000123_10Q.txt,9571,83070
edgar-bpe-65536-line,0000901243_000119312524155180_DEF14A.txt,33106,183685
edgar-bpe-65536-line,0000908315_000090831518000011_DEF14A.txt,10411,73128
edgar-bpe-65536-line,0000912615_000119312515116103_DEF14A.txt,23789,176449
edgar-bpe-65536-line,0000914025_000091402516000076_DEF14A.txt,33180,239869
edgar-bpe-65536-line,0000919013_000162828015008948_10Q.txt,17159,143624
edgar-bpe-65536-line,0000919893_000091989322000006_DEF14A.txt,14550,94475
edgar-bpe-65536-line,0000920148_000119312519305378_8K.txt,519,3833
edgar-bpe-65536-line,0000921113_000110465915021755_8K.txt,779,5629
edgar-bpe-65536-line,0000923139_000155837021010235_10Q.txt,21683,150193
edgar-bpe-65536-line,0000924168_000092416822000088_10Q.txt,18745,162536
edgar-bpe-65536-line,0000925741_000143774917018927_10Q.txt,8257,83174
edgar-bpe-65536-line,0000926282_000119312517108241_DEF14A.txt,22223,162326
edgar-bpe-65536-line,0000926761_000089710116002443_DEF14A.txt,33697,231244
edgar-bpe-65536-line,0000928658_000100888618000029_DEF14A.txt,24213,182434
edgar-bpe-65536-line,0000930245_000147237518000106_10Q.txt,4479,36370
edgar-bpe-65536-line,0000930828_000093082815000016_DEF14A.txt,16019,108637
edgar-bpe-65536-line,0000931148_000119312519085857_DEF14A.txt,19240,138033
edgar-bpe-65536-line,0000931584_000143774923030379_10Q.txt,8153,66281
edgar-bpe-65536-line,0000932699_000093269916000113_DEF14A.txt,18929,140972
edgar-bpe-65536-line,0000932781_000155278124000238_8K.txt,930,7235
edgar-bpe-65536-line,0000935494_000093549416000043_8K.txt,332,2378
edgar-bpe-65536-line,0000937556_000093755620000102_8K.txt,574,4905
edgar-bpe-65536-line,0000939767_000093976724000002_8K.txt,931,7697
edgar-bpe-65536-line,0000944075_000094407515000015_DEF14A.txt,15710,109147
edgar-bpe-65536-line,0000944148_000156459020035333_10Q.txt,13743,111060
edgar-bpe-65536-line,0000945394_000110465920072085_8K.txt,1184,7816
edgar-bpe-65536-line,0000945908_000119312524141589_DEF14A.txt,61110,282786
edgar-bpe-65536-line,0001001258_000143774917002016_10Q.txt,20685,171098
edgar-bpe-65536-line,0001004155_000100415516000202_10Q.txt,18201,150890
edgar-bpe-65536-line,0001005229_000100522920000298_10Q.txt,15693,132520
edgar-bpe-65536-line,0001006424_000143774915008102_DEF14A.txt,12236,90025
edgar-bpe-65536-line,0001008848_000119312522311593_8K.txt,912,7783
edgar-bpe-65536-line,0001010086_000114036120009995_DEF14A.txt,22817,168340
edgar-bpe-65536-line,0001013237_000101323722000165_DEF14A.txt,45706,334995
edgar-bpe-65536-line,0001018164_000101816422000016_10Q.txt,10636,93301
edgar-bpe-65536-line,0001018840_000119312517139441_DEF14A.txt,95113,706182
edgar-bpe-65536-line,0001021270_000119312516475765_8K.txt,366,2299
edgar-bpe-65536-line,0001022671_000114420418057915_10Q.txt,13798,92099
edgar-bpe-65536-line,0001025362_000127956917000219_8K.txt,466,2888
edgar-bpe-65536-line,0001025953_000102595315000075_10Q.txt,14740,128277
edgar-bpe-65536-line,0001031093_000107997323000270_DEF14A.txt,17088,118449
edgar-bpe-65536-line,0001035983_000110465918072540_8K.txt,456,3378
edgar-bpe-65536-line,0001036848_000121390024001900_8K.txt,1012,7639
edgar-bpe-65536-line,0001038773_000114420416093063_DEF14A.txt,22089,148048
edgar-bpe-65536-line,0001041368_000093905720000286_DEF14A.txt,15047,105005
edgar-bpe-65536-line,0001043000_000119312515174249_10Q.txt,10471,92736
edgar-bpe-65536-line,0001043337_000114420418024834_10Q.txt,13357,105250
edgar-bpe-65536-line,0001043509_000162828019002872_DEF14A.txt,41622,324834
edgar-bpe-65536-line,0001043961_000114420418045172_10Q.txt,16719,134797
edgar-bpe-65536-line,0001044378_000119312522136763_DEF14A.txt,38428,286835
edgar-bpe-65536-line,0001045610_000119312516687616_8K.txt,824,4801
edgar-bpe-65536-line,0001047304_000119312524236025_DEF14A.txt,19235,106030
edgar-bpe-65536-line,0001047884_000115752318000450_8K.txt,602,3913
edgar-bpe-65536-line,0001053691_000143774920019730_8K.txt,547,4726
edgar-bpe-65536-line,0001063344_000106334422000097_8K.txt,1616,13460
edgar-bpe-65536-line,0001065059_000106505916000055_8K.txt,441,3215
edgar-bpe-65536-line,0001065087_000114420417025705_8K.txt,390,2353
edgar-bpe-65536-line,0001066194_000155837015001836_DEF14A.txt,10274,72260
edgar-bpe-65536-line,0001070154_000107015416000042_8K.txt,389,2894
edgar-bpe-65536-line,0001070789_000149315216011467_8K.txt,1102,6276
edgar-bpe-65536-line,0001070985_000119312517054571_8K.txt,460,3295
edgar-bpe-65536-line,0001073429_000162828019013749_8K.txt,422,3445
edgar-bpe-65536-line,0001080319_000101738621000437_8K.txt,487,3237
edgar-bpe-65536-line,0001080340_000114420416105001_DEF14A.txt,8477,55956
edgar-bpe-65536-line,0001083301_000108330124000048_8K.txt,836,7254
edgar-bpe-65536-line,0001083848_000168316820002899_10Q.txt,9974,70329
edgar-bpe-65536-line,0001084048_000107261316000732_DEF14A.txt,17599,123083
edgar-bpe-65536-line,0001084580_000108458021000013_10Q.txt,38897,306543
edgar-bpe-65536-line,0001086222_000119312517107762_DEF14A.txt,41175,296786
edgar-bpe-65536-line,0001087786_000119312519272523_DEF14A.txt,18724,113379
edgar-bpe-65536-line,0001092699_000119312518116942_DEF14A.txt,20061,144188
edgar-bpe-65536-line,0001096752_000109675221000015_8K.txt,792,7045
edgar-bpe-65536-line,0001096752_000119312519318456_DEF14A.txt,50447,365623
edgar-bpe-65536-line,0001101215_000110121515000015_8K.txt,416,2990
edgar-bpe-65536-line,0001104462_000144586615000957_10Q.txt,5604,52187
edgar-bpe-65536-line,0001106838_000149315224020551_8K.txt,1705,10170
edgar-bpe-65536-line,0001108524_000119312521280079_8K.txt,443,3585
edgar-bpe-65536-line,0001109189_000110918920000154_10Q.txt,20230,170193
edgar-bpe-65536-line,0001122304_000112230417000035_8K.txt,596,4410
edgar-bpe-65536-line,0001123316_000119312518093017_8K.txt,1269,9877
edgar-bpe-65536-line,0001124796_000112479620000123_10Q.txt,20936,188374
edgar-bpe-65536-line,0001124941_000119312522010023_DEF14A.txt,28579,201508
edgar-bpe-65536-line,0001126741_000155837016003096_10Q.txt,16343,144997
edgar-bpe-65536-line,0001127703_000170639720000007_10Q.txt,43867,348069
edgar-bpe-65536-line,0001127993_000107878217000755_10Q.txt,5118,39577
edgar-bpe-65536-line,0001128928_000156459021029068_10Q.txt,21194,162900
edgar-bpe-65536-line,0001130144_000114420417003451_8K.txt,385,2507
edgar-bpe-65536-line,0001135971_000162828018013229_8K.txt,1439,8021
edgar-bpe-65536-line,0001136893_000119312521111542_DEF14A.txt,33329,237232
edgar-bpe-65536-line,0001140215_000149315223039082_DEF14A.txt,15000,99201
edgar-bpe-65536-line,0001141103_000115752315000380_8K.txt,376,2134
edgar-bpe-65536-line,0001141688_000114420415065272_10Q.txt,15184,105118
edgar-bpe-65536-line,0001142596_000119312520050815_8K.txt,401,3163
edgar-bpe-65536-line,0001156388_000119312524118390_DEF14A.txt,21382,161076
edgar-bpe-65536-line,0001157602_000104746915003551_DEF14A.txt,17422,121691
edgar-bpe-65536-line,0001158324_000104746919001306_DEF14A.txt,36908,270890
edgar-bpe-65536-line,0001158463_000115846320000046_8K.txt,1417,11286
edgar-bpe-65536-line,0001162461_000143774917012435_8K.txt,492,3888
edgar-bpe-65536-line,0001163792_000119312516549975_DEF14A.txt,11345,77274
edgar-bpe-65536-line,0001164255_000116425516000086_10Q.txt,13373,117186
edgar-bpe-65536-line,0001167419_000114036123022069_DEF14A.txt,40403,290795
edgar-bpe-65536-line,0001172631_000149315216009608_10Q.txt,9406,75225
edgar-bpe-65536-line,0001173489_000143774924011641_DEF14A.txt,27520,198463
edgar-bpe-65536-line,0001173514_000117351417000029_DEF14A.txt,27941,191789
edgar-bpe-65536-line,0001178670_000117867020000007_10Q.txt,37346,312023
edgar-bpe-65536-line,0001179060_000110465917039998_8K.txt,490,3411
edgar-bpe-65536-line,0001181504_000119312523269340_DEF14A.txt,36603,197861
edgar-bpe-65536-line,0001183765_000117184323003314_8K.txt,425,3615
edgar-bpe-65536-line,0001191334_000071758820000010_10Q.txt,2551,23812
edgar-bpe-65536-line,0001195933_000119312516536426_DEF14A.txt,21191,145679
edgar-bpe-65536-line,0001230276_000123027616000071_DEF14A.txt,26733,188728
edgar-bpe-65536-line,0001232582_000123258218000040_8K.txt,498,3783
edgar-bpe-65536-line,0001260968_000117184317002385_8K.txt,489,3103
edgar-bpe-65536-line,0001261166_000089843222000514_DEF14A.txt,18159,116013
edgar-bpe-65536-line,0001267902_000119312519100307_DEF14A.txt,10538,70411
edgar-bpe-65536-line,0001269026_000149315220013086_DEF14A.txt,48514,361446
edgar-bpe-65536-line,0001270073_000114420416116416_8K.txt,418,2698
edgar-bpe-65536-line,0001273636_000156459016012450_10Q.txt,9747,90238
edgar-bpe-65536-line,0001274494_000162828021008263_10Q.txt,19256,158455
edgar-bpe-65536-line,0001274644_000127464416000150_10Q.txt,8523,75956
edgar-bpe-65536-line,0001275158_000127515823000033_DEF14A.txt,37349,277895
edgar-bpe-65536-line,0001277250_000165495422000137_8K.txt,569,4620
edgar-bpe-65536-line,0001283450_000106823823000159_8K.txt,892,6290
edgar-bpe-65536-line,0001288992_000094039419000062_DEF14A.txt,14621,97673
edgar-bpe-65536-line,0001289340_000149315224032047_10Q.txt,14625,114563
edgar-bpe-65536-line,0001301611_000115752315003579_8K.txt,419,2165
edgar-bpe-65536-line,0001302946_000130294616000163_10Q.txt,9815,73000
edgar-bpe-65536-line,0001304161_000165495418002767_10Q.txt,9693,68018
edgar-bpe-65536-line,0001304730_000149315219007426_10Q.txt,6276,44757
edgar-bpe-65536-line,0001308161_000156459018001566_10Q.txt,19767,164482
edgar-bpe-65536-line,0001308208_000156459021022564_8K.txt,822,5452
edgar-bpe-65536-line,0001310383_000114420416133357_10Q.txt,14279,102027
edgar-bpe-65536-line,0001321732_000132173219000051_DEF14A.txt,21641,161720
edgar-bpe-65536-line,0001325740_000156459019032182_10Q.txt,14446,111633
edgar-bpe-65536-line,0001326706_000121390020008758_8K.txt,485,3228
edgar-bpe-65536-line,0001326771_000132677115000030_10Q.txt,27457,184949
edgar-bpe-65536-line,0001328792_000110465923087252_DEF14A.txt,11956,85216
edgar-bpe-65536-line,0001331451_000133145122000131_8K.txt,1341,9943
edgar-bpe-65536-line,0001331754_000133175424000184_8K.txt,1125,7926
edgar-bpe-65536-line,0001335105_000149315218015470_10Q.txt,17272,136827
edgar-bpe-65536-line,0001341235_000119312524104862_DEF14A.txt,18575,128545
edgar-bpe-65536-line,0001345126_000119312521065640_8K.txt,760,5901
edgar-bpe-65536-line,0001346980_000114036120011770_DEF14A.txt,27610,186272
edgar-bpe-65536-line,0001352010_000119312519114962_DEF14A.txt,26150,185414
edgar-bpe-65536-line,0001365916_000136591624000008_8K.txt,2793,21526
edgar-bpe-65536-line,0001370450_000104746915003622_DEF14A.txt,18308,127655
edgar-bpe-65536-line,0001371489_000155837017008718_10Q.txt,8714,78599
edgar-bpe-65536-line,0001372020_000095017023000932_8K.txt,646,5195
edgar-bpe-65536-line,0001372514_000110465921058990_DEF14A.txt,28152,212202
edgar-bpe-65536-line,0001378992_000137899221000026_8K.txt,446,3436
edgar-bpe-65536-line,0001379895_000110465917049338_8K.txt,1228,9840
edgar-bpe-65536-line,0001383701_000156459022019887_10Q.txt,34621,321244
edgar-bpe-65536-line,0001384905_000138490523000022_8K.txt,422,3360
edgar-bpe-65536-line,0001386278_000138627820000037_8K.txt,363,2731
edgar-bpe-65536-line,0001386570_000141588915003666_10Q.txt,8798,68044
edgar-bpe-65536-line,0001389050_000138905015000027_10Q.txt,30594,255697
edgar-bpe-65536-line,0001389123_000121390019023198_10Q.txt,60648,345795
edgar-bpe-65536-line,0001391127_000139112717000077_DEF14A.txt,25233,184026
edgar-bpe-65536-line,0001391933_000092708923000048_DEF14A.txt,17563,129434
edgar-bpe-65536-line,0001393781_000166357722000646_10Q.txt,5905,44269
edgar-bpe-65536-line,0001395937_000156459020019694_DEF14A.txt,19867,146655
edgar-bpe-65536-line,0001398805_000168316821005511_10Q.txt,11370,85397
edgar-bpe-65536-line,0001408198_000140819824000131_10Q.txt,19260,142548
edgar-bpe-65536-line,0001410098_000165495419002232_8K.txt,643,3754
edgar-bpe-65536-line,0001412665_000141266519000098_8K.txt,361,2947
edgar-bpe-65536-line,0001417926_000149315222032023_10Q.txt,15516,113927
edgar-bpe-65536-line,0001419951_000173112221000904_10Q.txt,12034,92064
edgar-bpe-65536-line,0001424657_000121390022028643_8K.txt,579,3915
edgar-bpe-65536-line,0001424768_000149315218011317_10Q.txt,9004,60245
edgar-bpe-65536-line,0001425287_000121390024029590_DEF14A.txt,107633,814673
edgar-bpe-65536-line,0001434621_000114036124022344_DEF14A.txt,30379,206861
edgar-bpe-65536-line,0001437491_000121390018010010_8K.txt,475,3311
edgar-bpe-65536-line,0001437557_000114420417020563_8K.txt,985,7355
edgar-bpe-65536-line,0001441816_000144181624000111_10Q.txt,31114,288279
edgar-bpe-65536-line,0001444307_000149315220007458_DEF14A.txt,25876,182638
edgar-bpe-65536-line,0001448705_000107997324000032_8K.txt,447,3085
edgar-bpe-65536-line,0001448893_000144889322000085_10Q.txt,24745,182963
edgar-bpe-65536-line,0001450148_000110465915086678_DEF14A.txt,11219,75733
edgar-bpe-65536-line,0001453593_000114420417059058_8K.txt,616,4110
edgar-bpe-65536-line,0001459417_000145941719000003_10Q.txt,13256,116121
edgar-bpe-65536-line,0001464343_000143774924012068_DEF14A.txt,13316,98134
edgar-bpe-65536-line,0001465470_000149315224032357_10Q.txt,19342,152234
edgar-bpe-65536-line,0001467154_000146715421000071_8K.txt,965,8519
edgar-bpe-65536-line,0001474432_000119312518156087_DEF14A.txt,24105,168238
edgar-bpe-65536-line,0001477815_000162828023025985_10Q.txt,16196,130521
edgar-bpe-65536-line,0001485003_000148500321000063_DEF14A.txt,32171,256223
edgar-bpe-65536-line,0001486298_000139834423005413_DEF14A.txt,10919,66056
edgar-bpe-65536-line,0001490892_000104746919001737_DEF14A.txt,26180,182110
edgar-bpe-65536-line,0001490978_000149097824000089_10Q.txt,47360,430931
edgar-bpe-65536-line,0001491487_000114420416121942_8K.txt,864,5416
edgar-bpe-65536-line,0001493594_000149359423000076_8K.txt,371,3039
edgar-bpe-65536-line,0001493761_000119312515161026_DEF14A.txt,18661,137972
edgar-bpe-65536-line,0001495320_000149532022000046_10Q.txt,16392,127954
edgar-bpe-65536-line,0001496099_000115752317001482_8K.txt,474,2882
edgar-bpe-65536-line,0001496264_000148251219000073_10Q.txt,22108,170623
edgar-bpe-65536-line,0001500375_000092708918000367_DEF14A.txt,10698,77806
edgar-bpe-65536-line,0001501103_000139834420001718_DEF14A.txt,8427,52694
edgar-bpe-65536-line,0001501697_000119312518186853_8K.txt,462,2977
edgar-bpe-65536-line,0001502292_000150229218000055_10Q.txt,14270,107812
edgar-bpe-65536-line,0001502756_000155837018004089_10Q.txt,25444,198520
edgar-bpe-65536-line,0001504545_000119312521062991_DEF14A.txt,11831,76576
edgar-bpe-65536-line,0001512228_000161577417000360_10Q.txt,10141,77156
edgar-bpe-65536-line,0001514705_000151470523000008_10Q.txt,9790,81968
edgar-bpe-65536-line,0001520697_000119312521092741_DEF14A.txt,43899,329122
edgar-bpe-65536-line,0001521332_000119312517306532_DEF14A.txt,4392,24612
edgar-bpe-65536-line,0001522767_000149315221020437_DEF14A.txt,14153,100679
edgar-bpe-65536-line,0001527675_000121390019003898_8K.txt,632,4562
edgar-bpe-65536-line,0001532961_000143774915009815_8K.txt,353,2566
edgar-bpe-65536-line,0001533758_000153375818000021_10Q.txt,29764,229734
edgar-bpe-65536-line,0001534133_000095017023021775_10Q.txt,44536,417529
edgar-bpe-65536-line,0001537140_000158064221004327_DEF14A.txt,9429,62308
edgar-bpe-65536-line,0001541119_000154111922000046_10Q.txt,19533,152427
edgar-bpe-65536-line,0001541401_000119312516544964_DEF14A.txt,33357,244321
edgar-bpe-65536-line,0001543623_000126246315000360_10Q.txt,8950,72224
edgar-bpe-65536-line,0001543637_000154812316000595_10Q.txt,5098,44672
edgar-bpe-65536-line,0001548717_000119312523060850_DEF14A.txt,11445,70323
edgar-bpe-65536-line,0001549631_000149315222005175_8K.txt,695,4463
edgar-bpe-65536-line,0001553023_000155302321000082_10Q.txt,22234,185348
edgar-bpe-65536-line,0001553197_000005193118001014_DEF14A.txt,604,3111
edgar-bpe-65536-line,0001555177_000162828015006244_10Q.txt,12052,94222
edgar-bpe-65536-line,0001562594_000114420415068834_8K.txt,742,6197
edgar-bpe-65536-line,0001564824_000156459020047119_8K.txt,414,3032
edgar-bpe-65536-line,0001566469_000119312521140679_DEF14A.txt,19030,137060
edgar-bpe-65536-line,0001566469_000156646922000060_8K.txt,892,7732
edgar-bpe-65536-line,0001566561_000164033416002116_8K.txt,374,2451
edgar-bpe-65536-line,0001566610_000149315224043700_10Q.txt,16474,127284
edgar-bpe-65536-line,0001566912_000156691221000031_8K.txt,387,3154
edgar-bpe-65536-line,0001569994_000156999418000047_8K.txt,4793,34969
edgar-bpe-65536-line,0001571371_000119312515370154_8K.txt,673,5404
edgar-bpe-65536-line,0001571776_000114036124036413_10Q.txt,30290,238274
edgar-bpe-65536-line,0001571934_000110465921024659_8K.txt,447,3195
edgar-bpe-65536-line,0001572552_000114036115015107_8K.txt,753,6399
edgar-bpe-65536-line,0001573166_000110465916141676_8K.txt,1777,14526
edgar-bpe-65536-line,0001573698_000094039417000105_DEF14A.txt,18074,114992
edgar-bpe-65536-line,0001575515_000119312515289234_8K.txt,523,3573
edgar-bpe-65536-line,0001576914_000162828023019649_8K.txt,408,3080
edgar-bpe-65536-line,0001584207_000104746915003877_DEF14A.txt,26606,186570
edgar-bpe-65536-line,0001585149_000114420415073427_8K.txt,756,4791
edgar-bpe-65536-line,0001585149_000149315223019595_10Q.txt,3923,35083
edgar-bpe-65536-line,0001589061_000143774917011815_8K.txt,861,5681
edgar-bpe-65536-line,0001592706_000119312515195199_8K.txt,1906,15671
edgar-bpe-65536-line,0001595527_000110465920035832_DEF14A.txt,15891,121255
edgar-bpe-65536-line,0001598646_000119312520269392_8K.txt,804,6579
edgar-bpe-65536-line,0001600132_000110465923114775_DEF14A.txt,20362,156183
edgar-bpe-65536-line,0001602409_000143774916039687_10Q.txt,3901,36667
edgar-bpe-65536-line,0001605331_000166357722000272_8K.txt,632,5070
edgar-bpe-65536-line,0001607281_000160728115000013_10Q.txt,2894,24436
edgar-bpe-65536-line,0001616000_000161600024000035_DEF14A.txt,32902,238645
edgar-bpe-65536-line,0001621443_000110465919010499_8K.txt,421,2822
edgar-bpe-65536-line,0001622879_000168316821003724_10Q.txt,16449,119901
edgar-bpe-65536-line,0001623715_000095017022023883_10Q.txt,38656,357844
edgar-bpe-65536-line,0001625278_000162527823000094_10Q.txt,8282,75017
edgar-bpe-65536-line,0001631650_000156459019041020_8K.txt,432,3526
edgar-bpe-65536-line,0001632275_000126246320000275_10Q.txt,5314,38328
edgar-bpe-65536-line,0001633858_000110465920076307_8K.txt,362,2397
edgar-bpe-65536-line,0001635088_000114036124007260_10Q.txt,61115,541745
edgar-bpe-65536-line,0001635881_000163588119000078_8K.txt,411,3480
edgar-bpe-65536-line,0001635984_000163598423000013_DEF14A.txt,29163,194610
edgar-bpe-65536-line,0001636282_000156459019012157_DEF14A.txt,15317,109373
edgar-bpe-65536-line,0001636519_000119312516712342_8K.txt,1024,7798
edgar-bpe-65536-line,0001641489_000156459020051377_10Q.txt,14774,129826
edgar-bpe-65536-line,0001643953_000121390019000641_8K.txt,1075,7677
edgar-bpe-65536-line,0001650132_000119312517156665_8K.txt,426,2886
edgar-bpe-65536-line,0001651944_000114420418008036_10Q.txt,8322,75589
edgar-bpe-65536-line,0001651987_000149315217013065_10Q.txt,13936,100589
edgar-bpe-65536-line,0001655075_000119312522240118_8K.txt,614,4767
edgar-bpe-65536-line,0001656839_000153949715002106_8K.txt,2578,20303
edgar-bpe-65536-line,0001657788_000155837017008705_10Q.txt,14217,123368
edgar-bpe-65536-line,0001657803_000149315217004884_10Q.txt,2642,21976
edgar-bpe-65536-line,0001662524_000166252418000009_10Q.txt,30141,242386
edgar-bpe-65536-line,0001668397_000156459019038396_10Q.txt,11415,97059
edgar-bpe-65536-line,0001669779_000104746918002341_DEF14A.txt,28525,201679
edgar-bpe-65536-line,0001671013_000155837016006917_10Q.txt,28305,214037
edgar-bpe-65536-line,0001671584_000119312520071893_8K.txt,638,4206
edgar-bpe-65536-line,0001672882_000102143216001439_10Q.txt,3321,26983
edgar-bpe-65536-line,0001674440_000149315222007138_10Q.txt,17873,126228
edgar-bpe-65536-line,0001674910_000119312517370707_DEF14A.txt,41855,288369
edgar-bpe-65536-line,0001675149_000119312519079568_DEF14A.txt,44199,295038
edgar-bpe-65536-line,0001680379_000110465923066341_8K.txt,694,5688
edgar-bpe-65536-line,0001687065_000107997321000392_10Q.txt,4694,36746
edgar-bpe-65536-line,0001687229_000168722919000044_10Q.txt,27725,216304
edgar-bpe-65536-line,0001691507_000156459020025482_10Q.txt,12681,104869
edgar-bpe-65536-line,0001697500_000114036122012578_DEF14A.txt,13338,95936
edgar-bpe-65536-line,0001699838_000119312524258535_8K.txt,491,3383
edgar-bpe-65536-line,0001702916_000159991618000031_10Q.txt,2602,21004
edgar-bpe-65536-line,0001707502_000119312522125475_DEF14A.txt,26586,196270
edgar-bpe-65536-line,0001707753_000170775320000032_10Q.txt,33113,298769
edgar-bpe-65536-line,0001708035_000114036121011255_DEF14A.txt,26916,175999
edgar-bpe-65536-line,0001710583_000119312522125136_DEF14A.txt,82323,608847
edgar-bpe-65536-line,0001711279_000119312518124863_DEF14A.txt,11538,82875
edgar-bpe-65536-line,0001716621_000156459020054367_8K.txt,901,7519
edgar-bpe-65536-line,0001718644_000160706219000142_8K.txt,581,3316
edgar-bpe-65536-line,0001720725_000119312521129303_DEF14A.txt,20174,143175
edgar-bpe-65536-line,0001725057_000095017024049078_8K.txt,894,5460
edgar-bpe-65536-line,0001725134_000162828023038668_8K.txt,905,6772
edgar-bpe-65536-line,0001735184_000119312521103969_DEF14A.txt,15696,114090
edgar-bpe-65536-line,0001743881_000156459020025197_10Q.txt,52123,471017
edgar-bpe-65536-line,0001750735_000175073522000080_10Q.txt,21369,150837
edgar-bpe-65536-line,0001752836_000119312520276926_DEF14A.txt,7723,55304
edgar-bpe-65536-line,0001754170_000110465922054647_DEF14A.txt,21501,151026
edgar-bpe-65536-line,0001754170_000155837022003554_8K.txt,414,3490
edgar-bpe-65536-line,0001759509_000175950924000128_10Q.txt,51455,455457
edgar-bpe-65536-line,0001760717_000176071721000047_10Q.txt,10913,85423
edgar-bpe-65536-line,0001766400_000176640020000040_DEF14A.txt,14418,107331
edgar-bpe-65536-line,0001766478_000176647823000132_10Q.txt,23391,180846
edgar-bpe-65536-line,0001768224_000119380520000886_8K.txt,832,6176
edgar-bpe-65536-line,0001773056_000110465919029913_8K.txt,622,3879
edgar-bpe-65536-line,0001777319_000149315224020688_10Q.txt,10646,79692
edgar-bpe-65536-line,0001785347_000005193122000985_DEF14A.txt,15825,81935
edgar-bpe-65536-line,0001796022_000179602223000011_10Q.txt,31253,263680
edgar-bpe-65536-line,0001799332_000149315224044300_10Q.txt,18876,143831
edgar-bpe-65536-line,0001805521_000121390022012549_8K.txt,897,7295
edgar-bpe-65536-line,0001806952_000162828024020467_10Q.txt,35305,330603
edgar-bpe-65536-line,0001808805_000180880524000033_DEF14A.txt,26016,197977
edgar-bpe-65536-line,0001812923_000119312523020783_DEF14A.txt,15840,107120
edgar-bpe-65536-line,0001818844_000155837024009327_8K.txt,614,3949
edgar-bpe-65536-line,0001823466_000119312523105713_DEF14A.txt,24008,172288
edgar-bpe-65536-line,0001823826_000121390022065652_DEF14A.txt,17446,142791
edgar-bpe-65536-line,0001828723_000182872323000128_10Q.txt,22912,195299
edgar-bpe-65536-line,0001829328_000121390022047088_10Q.txt,11165,102512
edgar-bpe-65536-line,0001835256_000183525624000031_10Q.txt,17856,149234
edgar-bpe-65536-line,0001836833_000183683323000107_8K.txt,462,3751
edgar-bpe-65536-line,0001842916_000121390023018885_8K.txt,1493,10096
edgar-bpe-65536-line,0001844419_000110465921082615_10Q.txt,6931,73113
edgar-bpe-65536-line,0001852244_000110465921132441_8K.txt,438,3280
edgar-bpe-65536-line,0001866226_000121390024025131_8K.txt,1098,8265
edgar-bpe-65536-line,0001874875_000149315223040328_10Q.txt,12827,93961
edgar-bpe-65536-line,0001937993_000121390024051803_DEF14A.txt,32486,252421
edgar-bpe-65536-line,0002000178_000119312524139480_8K.txt,624,5147
edgar-bpe-131072-line,0000003499_000000349924000015_10Q.txt,6570,59541
edgar-bpe-131072-line,0000006885_000000688517000113_DEF14A.txt,45802,380855
edgar-bpe-131072-line,0000006955_000000695522000035_DEF14A.txt,27406,223188
edgar-bpe-131072-line,0000012927_000119312518085720_DEF14A.txt,34128,245815
edgar-bpe-131072-line,0000014195_000001419519000034_8K.txt,1018,10046
edgar-bpe-131072-line,0000016040_000156459022003902_10Q.txt,9178,90633
edgar-bpe-131072-line,0000021665_000002166517000012_10Q.txt,15392,140348
edgar-bpe-131072-line,0000025895_000143774923007161_8K.txt,1029,9591
edgar-bpe-131072-line,0000029905_000002990520000035_10Q.txt,18023,152047
edgar-bpe-131072-line,0000030697_000119312523081491_8K.txt,583,4729
edgar-bpe-131072-line,0000032621_000119312516747167_DEF14A.txt,9858,78582
edgar-bpe-131072-line,0000033619_000119312515416055_DEF14A.txt,26878,213876
edgar-bpe-131072-line,0000044402_000113322824000295_DEF14A.txt,10060,58538
edgar-bpe-131072-line,0000045012_000004501224000061_8K.txt,554,5409
edgar-bpe-131072-line,0000050471_000165495417009541_DEF14A.txt,12428,88953
edgar-bpe-131072-line,0000051143_000155837019008923_8K.txt,711,5297
edgar-bpe-131072-line,0000063090_000174177324003913_DEF14A.txt,82677,281113
edgar-bpe-131072-line,0000064996_000006499621000010_DEF14A.txt,9366,83393
edgar-bpe-131072-line,0000065596_000135448815003888_10Q.txt,5826,47831
edgar-bpe-131072-line,0000069891_000143774918016143_DEF14A.txt,7788,65235
edgar-bpe-131072-line,0000070318_000007031821000035_8K.txt,375,3331
edgar-bpe-131072-line,0000070866_000119312522279265_8K.txt,615,5413
edgar-bpe-131072-line,0000071829_000007182918000159_8K.txt,618,5379
edgar-bpe-131072-line,0000072331_000119312521014249_DEF14A.txt,53602,409299
edgar-bpe-131072-line,0000072573_000095014215000651_8K.txt,310,2214
edgar-bpe-131072-line,0000072903_000007290322000027_10Q.txt,18094,143629
edgar-bpe-131072-line,0000073020_000173399822000037_8K.txt,583,5253
edgar-bpe-131072-line,0000073124_000007312419000197_10Q.txt,31734,236660
edgar-bpe-131072-line,0000075208_000114420416097387_DEF14A.txt,20846,167918
edgar-bpe-131072-line,0000081020_000132616018000094_8K.txt,604,3667
edgar-bpe-131072-line,0000082811_000114036122009921_DEF14A.txt,33402,240875
edgar-bpe-131072-line,0000092108_000119312516422850_8K.txt,2550,20590
edgar-bpe-131072-line,0000094344_000114420418038883_8K.txt,413,2853
edgar-bpe-131072-line,0000095029_000117494716002292_DEF14A.txt,17930,127019
edgar-bpe-131072-line,0000096021_000119312516445231_8K.txt,654,5324
edgar-bpe-131072-line,0000100517_000110465918035733_8K.txt,941,6867
edgar-bpe-131072-line,0000101984_000010198417000012_DEF14A.txt,19286,154836
edgar-bpe-131072-line,0000102752_000010275219000057_10Q.txt,10215,88306
edgar-bpe-131072-line,0000105744_000121465924006148_8K.txt,459,3497
edgar-bpe-131072-line,0000106532_000141057823002272_10Q.txt,6547,52637
edgar-bpe-131072-line,0000109177_000010917717000059_DEF14A.txt,20560,169817
edgar-bpe-131072-line,0000278165_000149315223009387_8K.txt,437,2739
edgar-bpe-131072-line,0000315256_000007274116000075_10Q.txt,26751,195825
edgar-bpe-131072-line,0000316709_000119312516523055_DEF14A.txt,25548,185988
edgar-bpe-131072-line,0000318306_000114420417019907_DEF14A.txt,10698,85279
edgar-bpe-131072-line,0000318833_000031883324000054_10Q.txt,11965,102667
edgar-bpe-131072-line,0000319654_000119312517252285_10Q.txt,5246,44842
edgar-bpe-131072-line,0000319655_000119312520040303_8K.txt,482,3634
edgar-bpe-131072-line,0000702513_000143774918018477_8K.txt,334,3008
edgar-bpe-131072-line,0000704532_000156459018007515_DEF14A.txt,19206,152696
edgar-bpe-131072-line,0000704562_000168316819002729_DEF14A.txt,23109,181856
edgar-bpe-131072-line,0000706863_000070686321000122_8K.txt,455,4001
edgar-bpe-131072-line,0000709364_000094937720000282_DEF14A.txt,15466,89914
edgar-bpe-131072-line,0000710752_000119312516579326_8K.txt,369,2570
edgar-bpe-131072-line,0000714310_000071431018000109_DEF14A.txt,27433,200977
edgar-bpe-131072-line,0000719413_000119312522102288_DEF14A.txt,40735,294636
edgar-bpe-131072-line,0000719413_000143774920000256_8K.txt,482,4446
edgar-bpe-131072-line,0000726958_000072695817000086_DEF14A.txt,19227,151811
edgar-bpe-131072-line,0000727207_000162828023029348_10Q.txt,19410,192782
edgar-bpe-131072-line,0000729986_000119312515372134_8K.txt,1349,12043
edgar-bpe-131072-line,0000731766_000073176616000081_10Q.txt,10263,86706
edgar-bpe-131072-line,0000732712_000073271221000054_10Q.txt,24303,215994
edgar-bpe-131072-line,0000745308_000119312521109513_DEF14A.txt,14758,115043
edgar-bpe-131072-line,0000749251_000074925119000015_10Q.txt,17352,155901
edgar-bpe-131072-line,0000749660_000119380523000855_8K.txt,676,4002
edgar-bpe-131072-line,0000751364_000075136419000096_10Q.txt,11326,90673
edgar-bpe-131072-line,0000752642_000149315217006745_8K.txt,651,3841
edgar-bpe-131072-line,0000764065_000076406524000092_DEF14A.txt,34786,249519
edgar-bpe-131072-line,0000774569_000156459019030505_10Q.txt,17845,148027
edgar-bpe-131072-line,0000789933_000078993319000020_DEF14A.txt,34342,280468
edgar-bpe-131072-line,0000792935_000190359623000646_10Q.txt,15930,121662
edgar-bpe-131072-line,0000795212_000114036121019437_DEF14A.txt,12464,97611
edgar-bpe-131072-line,0000796764_000117184319003270_8K.txt,1107,8478
edgar-bpe-131072-line,0000798354_000119312522064509_8K.txt,401,3151
edgar-bpe-131072-line,0000801337_000080133721000013_8K.txt,481,4337
edgar-bpe-131072-line,0000803578_000143774923015463_10Q.txt,8188,76817
edgar-bpe-131072-line,0000807884_000119312515123559_DEF14A.txt,35854,288136
edgar-bpe-131072-line,0000809821_000120677415000358_DEF14A.txt,43128,198634
edgar-bpe-131072-line,0000810509_000143774921012043_10Q.txt,18785,161999
edgar-bpe-131072-line,0000812011_000081201121000013_10Q.txt,20936,180637
edgar-bpe-131072-line,0000812796_000121390015003198_DEF14A.txt,19827,153449
edgar-bpe-131072-line,0000814453_000081445321000120_10Q.txt,16133,147331
edgar-bpe-131072-line,0000815065_000119312515275839_8K.txt,392,2882
edgar-bpe-131072-line,0000817473_000081747316000135_8K.txt,322,2547
edgar-bpe-131072-line,0000818850_000125889715001418_DEF14A.txt,20841,133793
edgar-bpe-131072-line,0000825313_000082531320000030_10Q.txt,5404,48200
edgar-bpe-131072-line,0000827187_000082718718000037_8K.txt,457,4401
edgar-bpe-131072-line,0000830271_000119312520180768_DEF14A.txt,18044,117140
edgar-bpe-131072-line,0000831547_000119312523138882_8K.txt,392,3382
edgar-bpe-131072-line,0000832480_000083248016000039_DEF14A.txt,9517,72560
edgar-bpe-131072-line,0000832489_000143774918007919_DEF14A.txt,12587,103095
edgar-bpe-131072-line,0000834071_000095010318007517_8K.txt,362,2473
edgar-bpe-131072-line,0000834071_000156459017022556_10Q.txt,16581,151565
edgar-bpe-131072-line,0000842633_000114036122011873_DEF14A.txt,28453,202951
edgar-bpe-131072-line,0000845379_000119312518330245_DEF14A.txt,9475,71045
edgar-bpe-131072-line,0000845877_000084587717000124_10Q.txt,39782,290375
edgar-bpe-131072-line,0000847464_000114420415009643_10Q.txt,8121,59059
edgar-bpe-131072-line,0000852254_000174177323001593_DEF14A.txt,1554,5852
edgar-bpe-131072-line,0000860543_000147793219002815_10Q.txt,5824,54622
edgar-bpe-131072-line,0000860546_000086054619000014_10Q.txt,16921,140731
edgar-bpe-131072-line,0000860748_000086074816000201_10Q.txt,23713,194230
edgar-bpe-131072-line,0000861838_000155837017008228_10Q.txt,10677,100443
edgar-bpe-131072-line,0000869531_000149315223035704_10Q.txt,6315,45892
edgar-bpe-131072-line,0000874501_000087450120000064_DEF14A.txt,45004,376083
edgar-bpe-131072-line,0000874766_000087476620000022_DEF14A.txt,49760,384765
edgar-bpe-131072-line,0000876378_000156459018011929_10Q.txt,15027,150908
edgar-bpe-131072-line,0000877860_000087786019000104_8K.txt,330,2798
edgar-bpe-131072-line,0000884614_000088461422000017_8K.txt,320,2664
edgar-bpe-131072-line,0000884905_000088490517000072_10Q.txt,12465,107790
edgar-bpe-131072-line,0000884940_000119312517275632_10Q.txt,4930,43916
edgar-bpe-131072-line,0000886136_000110465920047200_DEF14A.txt,41793,339019
edgar-bpe-131072-line,0000887596_000104746919002380_DEF14A.txt,48611,375023
edgar-bpe-131072-line,0000887596_000110465921046345_8K.txt,1507,12528
edgar-bpe-131072-line,0000888981_000107997323000803_DEF14A.txt,11737,82705
edgar-bpe-131072-line,0000890447_000162828015004311_10Q.txt,26855,225424
edgar-bpe-131072-line,0000891024_000119312521344459_8K.txt,351,2868
edgar-bpe-131072-line,0000893691_000089369117000017_DEF14A.txt,22465,181192
edgar-bpe-131072-line,0000894242_000119312518185711_DEF14A.txt,26331,163957
edgar-bpe-131072-line,0000895051_000155837022013418_10Q.txt,12262,106039
edgar-bpe-131072-line,0000895456_000089545619000025_10Q.txt,5670,54618
edgar-bpe-131072-line,0000898173_000089817315000123_10Q.txt,8572,83070
edgar-bpe-131072-line,0000901243_000119312524155180_DEF14A.txt,30149,183685
edgar-bpe-131072-line,0000908315_000090831518000011_DEF14A.txt,9378,73128
edgar-bpe-131072-line,0000912615_000119312515116103_DEF14A.txt,21788,176449
edgar-bpe-131072-line,0000914025_000091402516000076_DEF14A.txt,30139,239869
edgar-bpe-131072-line,0000919013_000162828015008948_10Q.txt,15679,143624
edgar-bpe-131072-line,0000919893_000091989322000006_DEF14A.txt,13348,94475
edgar-bpe-131072-line,0000920148_000119312519305378_8K.txt,485,3833
edgar-bpe-131072-line,0000921113_000110465915021755_8K.txt,715,5629
edgar-bpe-131072-line,0000923139_000155837021010235_10Q.txt,19503,150193
edgar-bpe-131072-line,0000924168_000092416822000088_10Q.txt,16922,162536
edgar-bpe-131072-line,0000925741_000143774917018927_10Q.txt,7425,83174
edgar-bpe-131072-line,0000926282_000119312517108241_DEF14A.txt,20364,162326
edgar-bpe-131072-line,0000926761_000089710116002443_DEF14A.txt,30555,231244
edgar-bpe-131072-line,0000928658_000100888618000029_DEF14A.txt,21837,182434
edgar-bpe-131072-line,0000930245_000147237518000106_10Q.txt,4114,36370
edgar-bpe-131072-line,0000930828_000093082815000016_DEF14A.txt,14763,108637
edgar-bpe-131072-line,0000931148_000119312519085857_DEF14A.txt,17418,138033
edgar-bpe-131072-line,0000931584_000143774923030379_10Q.txt,7404,66281
edgar-bpe-131072-line,0000932699_000093269916000113_DEF14A.txt,17210,140972
edgar-bpe-131072-line,0000932781_000155278124000238_8K.txt,836,7235
edgar-bpe-131072-line,0000935494_000093549416000043_8K.txt,309,2378
edgar-bpe-131072-line,0000937556_000093755620000102_8K.txt,525,4905
edgar-bpe-131072-line,0000939767_000093976724000002_8K.txt,838,7697
edgar-bpe-131072-line,0000944075_000094407515000015_DEF14A.txt,14363,109147
edgar-bpe-131072-line,0000944148_000156459020035333_10Q.txt,12447,111060
edgar-bpe-131072-line,0000945394_000110465920072085_8K.txt,1079,7816
edgar-bpe-131072-line,0000945908_000119312524141589_DEF14A.txt,56411,282786
edgar-bpe-131072-line,0001001258_000143774917002016_10Q.txt,18969,171098
edgar-bpe-131072-line,0001004155_000100415516000202_10Q.txt,16423,150890
edgar-bpe-131072-line,0001005229_000100522920000298_10Q.txt,14142,132520
edgar-bpe-131072-line,0001006424_000143774915008102_DEF14A.txt,11100,90025
edgar-bpe-131072-line,0001008848_000119312522311593_8K.txt,830,7783
edgar-bpe-131072-line,0001010086_000114036120009995_DEF14A.txt,20896,168340
edgar-bpe-131072-line,0001013237_000101323722000165_DEF14A.txt,41440,334995
edgar-bpe-131072-line,0001018164_000101816422000016_10Q.txt,9574,93301
edgar-bpe-131072-line,0001018840_000119312517139441_DEF14A.txt,87278,706182
edgar-bpe-131072-line,0001021270_000119312516475765_8K.txt,331,2299
edgar-bpe-131072-line,0001022671_000114420418057915_10Q.txt,12559,92099
edgar-bpe-131072-line,0001025362_000127956917000219_8K.txt,418,2888
edgar-bpe-131072-line,0001025953_000102595315000075_10Q.txt,13362,128277
edgar-bpe-131072-line,0001031093_000107997323000270_DEF14A.txt,15512,118449
edgar-bpe-131072-line,0001035983_000110465918072540_8K.txt,414,3378
edgar-bpe-131072-line,0001036848_000121390024001900_8K.txt,926,7639
edgar-bpe-131072-line,0001038773_000114420416093063_DEF14A.txt,20094,148048
edgar-bpe-131072-line,0001041368_000093905720000286_DEF14A.txt,13629,105005
edgar-bpe-131072-line,0001043000_000119312515174249_10Q.txt,9489,92736
edgar-bpe-131072-line,0001043337_000114420418024834_10Q.txt,12184,105250
edgar-bpe-131072-line,0001043509_000162828019002872_DEF14A.txt,37770,324834
edgar-bpe-131072-line,0001043961_000114420418045172_10Q.txt,15275,134797
edgar-bpe-131072-line,0001044378_000119312522136763_DEF14A.txt,35079,286835
edgar-bpe-131072-line,0001045610_000119312516687616_8K.txt,742,4801
edgar-bpe-131072-line,0001047304_000119312524236025_DEF14A.txt,17559,106030
edgar-bpe-131072-line,0001047884_000115752318000450_8K.txt,543,3913
edgar-bpe-131072-line,0001053691_000143774920019730_8K.txt,503,4726
edgar-bpe-131072-line,0001063344_000106334422000097_8K.txt,1451,13460
edgar-bpe-131072-line,0001065059_000106505916000055_8K.txt,401,3215
edgar-bpe-131072-line,0001065087_000114420417025705_8K.txt,357,2353
edgar-bpe-131072-line,0001066194_000155837015001836_DEF14A.txt,9283,72260
edgar-bpe-131072-line,0001070154_000107015416000042_8K.txt,351,2894
edgar-bpe-131072-line,0001070789_000149315216011467_8K.txt,1013,6276
edgar-bpe-131072-line,0001070985_000119312517054571_8K.txt,426,3295
edgar-bpe-131072-line,0001073429_000162828019013749_8K.txt,389,3445
edgar-bpe-131072-line,0001080319_000101738621000437_8K.txt,447,3237
edgar-bpe-131072-line,0001080340_000114420416105001_DEF14A.txt,7738,55956
edgar-bpe-131072-line,0001083301_000108330124000048_8K.txt,766,7254
edgar-bpe-131072-line,0001083848_000168316820002899_10Q.txt,9083,70329
edgar-bpe-131072-line,0001084048_000107261316000732_DEF14A.txt,15933,123083
edgar-bpe-131072-line,0001084580_000108458021000013_10Q.txt,35381,306543
edgar-bpe-131072-line,0001086222_000119312517107762_DEF14A.txt,37714,296786
edgar-bpe-131072-line,0001087786_000119312519272523_DEF14A.txt,17112,113379
edgar-bpe-131072-line,0001092699_000119312518116942_DEF14A.txt,18203,144188
edgar-bpe-131072-line,0001096752_000109675221000015_8K.txt,723,7045
edgar-bpe-131072-line,0001096752_000119312519318456_DEF14A.txt,46099,365623
edgar-bpe-131072-line,0001101215_000110121515000015_8K.txt,365,2990
edgar-bpe-131072-line,0001104462_000144586615000957_10Q.txt,5033,52187
edgar-bpe-131072-line,0001106838_000149315224020551_8K.txt,1528,10170
edgar-bpe-131072-line,0001108524_000119312521280079_8K.txt,405,3585
edgar-bpe-131072-line,0001109189_000110918920000154_10Q.txt,18161,170193
edgar-bpe-131072-line,0001122304_000112230417000035_8K.txt,554,4410
edgar-bpe-131072-line,0001123316_000119312518093017_8K.txt,1152,9877
edgar-bpe-131072-line,0001124796_000112479620000123_10Q.txt,18766,188374
edgar-bpe-131072-line,0001124941_000119312522010023_DEF14A.txt,26021,201508
edgar-bpe-131072-line,0001126741_000155837016003096_10Q.txt,14738,144997
edgar-bpe-131072-line,0001127703_000170639720000007_10Q.txt,39635,348069
edgar-bpe-131072-line,0001127993_000107878217000755_10Q.txt,4618,39577
edgar-bpe-131072-line,0001128928_000156459021029068_10Q.txt,19291,162900
edgar-bpe-131072-line,0001130144_000114420417003451_8K.txt,350,2507
edgar-bpe-131072-line,0001135971_000162828018013229_8K.txt,1287,8021
edgar-bpe-131072-line,0001136893_000119312521111542_DEF14A.txt,30447,237232
edgar-bpe-131072-line,0001140215_000149315223039082_DEF14A.txt,13768,99201
edgar-bpe-131072-line,0001141103_000115752315000380_8K.txt,346,2134
edgar-bpe-131072-line,0001141688_000114420415065272_10Q.txt,13852,105118
edgar-bpe-131072-line,0001142596_000119312520050815_8K.txt,372,3163
edgar-bpe-131072-line,0001156388_000119312524118390_DEF14A.txt,19417,161076
edgar-bpe-131072-line,0001157602_000104746915003551_DEF14A.txt,15733,121691
edgar-bpe-131072-line,0001158324_000104746919001306_DEF14A.txt,33632,270890
edgar-bpe-131072-line,0001158463_000115846320000046_8K.txt,1265,11286
edgar-bpe-131072-line,0001162461_000143774917012435_8K.txt,457,3888
edgar-bpe-131072-line,0001163792_000119312516549975_DEF14A.txt,10313,77274
edgar-bpe-131072-line,0001164255_000116425516000086_10Q.txt,12085,117186
edgar-bpe-131072-line,0001167419_000114036123022069_DEF14A.txt,36678,290795
edgar-bpe-131072-line,0001172631_000149315216009608_10Q.txt,8554,75225
edgar-bpe-131072-line,0001173489_000143774924011641_DEF14A.txt,25173,198463
edgar-bpe-131072-line,0001173514_000117351417000029_DEF14A.txt,25614,191789
edgar-bpe-131072-line,0001178670_000117867020000007_10Q.txt,33350,312023
edgar-bpe-131072-line,0001179060_000110465917039998_8K.txt,440,3411
edgar-bpe-131072-line,0001181504_000119312523269340_DEF14A.txt,33487,197861
edgar-bpe-131072-line,0001183765_000117184323003314_8K.txt,378,3615
edgar-bpe-131072-line,0001191334_000071758820000010_10Q.txt,2283,23812
edgar-bpe-131072-line,0001195933_000119312516536426_DEF14A.txt,19284,145679
edgar-bpe-131072-line,0001230276_000123027616000071_DEF14A.txt,24170,188728
edgar-bpe-131072-line,0001232582_000123258218000040_8K.txt,443,3783
edgar-bpe-131072-line,0001260968_000117184317002385_8K.txt,433,3103
edgar-bpe-131072-line,0001261166_000089843222000514_DEF14A.txt,16692,116013
edgar-bpe-131072-line,0001267902_000119312519100307_DEF14A.txt,9609,70411
edgar-bpe-131072-line,0001269026_000149315220013086_DEF14A.txt,44222,361446
edgar-bpe-131072-line,0001270073_000114420416116416_8K.txt,372,2698
edgar-bpe-131072-line,0001273636_000156459016012450_10Q.txt,8697,90238
edgar-bpe-131072-line,0001274494_000162828021008263_10Q.txt,17278,158455
edgar-bpe-131072-line,0001274644_000127464416000150_10Q.txt,7628,75956
edgar-bpe-131072-line,0001275158_000127515823000033_DEF14A.txt,34015,277895
edgar-bpe-131072-line,0001277250_000165495422000137_8K.txt,508,4620
edgar-bpe-131072-line,0001283450_000106823823000159_8K.txt,822,6290
edgar-bpe-131072-line,0001288992_000094039419000062_DEF14A.txt,13377,97673
edgar-bpe-131072-line,0001289340_000149315224032047_10Q.txt,13253,114563
edgar-bpe-131072-line,0001301611_000115752315003579_8K.txt,378,2165
edgar-bpe-131072-line,0001302946_000130294616000163_10Q.txt,9003,73000
edgar-bpe-131072-line,0001304161_000165495418002767_10Q.txt,8891,68018
edgar-bpe-131072-line,0001304730_000149315219007426_10Q.txt,5743,44757
edgar-bpe-131072-line,0001308161_000156459018001566_10Q.txt,17896,164482
edgar-bpe-131072-line,0001308208_000156459021022564_8K.txt,752,5452
edgar-bpe-131072-line,0001310383_000114420416133357_10Q.txt,13065,102027
edgar-bpe-131072-line,0001321732_000132173219000051_DEF14A.txt,19537,161720
edgar-bpe-131072-line,0001325740_000156459019032182_10Q.txt,12962,111633
edgar-bpe-131072-line,0001326706_000121390020008758_8K.txt,452,3228
edgar-bpe-131072-line,0001326771_000132677115000030_10Q.txt,25046,184949
edgar-bpe-131072-line,0001328792_000110465923087252_DEF14A.txt,10773,85216
edgar-bpe-131072-line,0001331451_000133145122000131_8K.txt,1249,9943
edgar-bpe-131072-line,0001331754_000133175424000184_8K.txt,1043,7926
edgar-bpe-131072-line,0001335105_000149315218015470_10Q.txt,15728,136827
edgar-bpe-131072-line,0001341235_000119312524104862_DEF14A.txt,16792,128545
edgar-bpe-131072-line,0001345126_000119312521065640_8K.txt,690,5901
edgar-bpe-131072-line,0001346980_000114036120011770_DEF14A.txt,25126,186272
edgar-bpe-131072-line,0001352010_000119312519114962_DEF14A.txt,23865,185414
edgar-bpe-131072-line,0001365916_000136591624000008_8K.txt,2511,21526
edgar-bpe-131072-line,0001370450_000104746915003622_DEF14A.txt,16592,127655
edgar-bpe-131072-line,0001371489_000155837017008718_10Q.txt,7821,78599
edgar-bpe-131072-line,0001372020_000095017023000932_8K.txt,592,5195
edgar-bpe-131072-line,0001372514_000110465921058990_DEF14A.txt,25305,212202
edgar-bpe-131072-line,0001378992_000137899221000026_8K.txt,399,3436
edgar-bpe-131072-line,0001379895_000110465917049338_8K.txt,1102,9840
edgar-bpe-131072-line,0001383701_000156459022019887_10Q.txt,30777,321244
edgar-bpe-131072-line,0001384905_000138490523000022_8K.txt,379,3360
edgar-bpe-131072-line,0001386278_000138627820000037_8K.txt,337,2731
edgar-bpe-131072-line,0001386570_000141588915003666_10Q.txt,8003,68044
edgar-bpe-131072-line,0001389050_000138905015000027_10Q.txt,27738,255697
edgar-bpe-131072-line,0001389123_000121390019023198_10Q.txt,54855,345795
edgar-bpe-131072-line,0001391127_000139112717000077_DEF14A.txt,22789,184026
edgar-bpe-131072-line,0001391933_000092708923000048_DEF14A.txt,16004,129434
edgar-bpe-131072-line,0001393781_000166357722000646_10Q.txt,5399,44269
edgar-bpe-131072-line,0001395937_000156459020019694_DEF14A.txt,17851,146655
edgar-bpe-131072-line,0001398805_000168316821005511_10Q.txt,10439,85397
edgar-bpe-131072-line,0001408198_000140819824000131_10Q.txt,17381,142548
edgar-bpe-131072-line,0001410098_000165495419002232_8K.txt,585,3754
edgar-bpe-131072-line,0001412665_000141266519000098_8K.txt,333,2947
edgar-bpe-131072-line,0001417926_000149315222032023_10Q.txt,14228,113927
edgar-bpe-131072-line,0001419951_000173112221000904_10Q.txt,11002,92064
edgar-bpe-131072-line,0001424657_000121390022028643_8K.txt,537,3915
edgar-bpe-131072-line,0001424768_000149315218011317_10Q.txt,8215,60245
edgar-bpe-131072-line,0001425287_000121390024029590_DEF14A.txt,97776,814673
edgar-bpe-131072-line,0001434621_000114036124022344_DEF14A.txt,27695,206861
edgar-bpe-131072-line,0001437491_000121390018010010_8K.txt,435,3311
edgar-bpe-131072-line,0001437557_000114420417020563_8K.txt,880,7355
edgar-bpe-131072-line,0001441816_000144181624000111_10Q.txt,27884,288279
edgar-bpe-131072-line,0001444307_000149315220007458_DEF14A.txt,23454,182638
edgar-bpe-131072-line,0001448705_000107997324000032_8K.txt,409,3085
edgar-bpe-131072-line,0001448893_000144889322000085_10Q.txt,22308,182963
edgar-bpe-131072-line,0001450148_000110465915086678_DEF14A.txt,10274,75733
edgar-bpe-131072-line,0001453593_000114420417059058_8K.txt,548,4110
edgar-bpe-131072-line,0001459417_000145941719000003_10Q.txt,12006,116121
edgar-bpe-131072-line,0001464343_000143774924012068_DEF14A.txt,12092,98134
edgar-bpe-131072-line,0001465470_000149315224032357_10Q.txt,17423,152234
edgar-bpe-131072-line,0001467154_000146715421000071_8K.txt,861,8519
edgar-bpe-131072-line,0001474432_000119312518156087_DEF14A.txt,21880,168238
edgar-bpe-131072-line,0001477815_000162828023025985_10Q.txt,14590,130521
edgar-bpe-131072-line,0001485003_000148500321000063_DEF14A.txt,29065,256223
edgar-bpe-131072-line,0001486298_000139834423005413_DEF14A.txt,10130,66056
edgar-bpe-131072-line,0001490892_000104746919001737_DEF14A.txt,23682,182110
edgar-bpe-131072-line,0001490978_000149097824000089_10Q.txt,42035,430931
edgar-bpe-131072-line,0001491487_000114420416121942_8K.txt,778,5416
edgar-bpe-131072-line,0001493594_000149359423000076_8K.txt,335,3039
edgar-bpe-131072-line,0001493761_000119312515161026_DEF14A.txt,17047,137972
edgar-bpe-131072-line,0001495320_000149532022000046_10Q.txt,14679,127954
edgar-bpe-131072-line,0001496099_000115752317001482_8K.txt,438,2882
edgar-bpe-131072-line,0001496264_000148251219000073_10Q.txt,19989,170623
edgar-bpe-131072-line,0001500375_000092708918000367_DEF14A.txt,9745,77806
edgar-bpe-131072-line,0001501103_000139834420001718_DEF14A.txt,7716,52694
edgar-bpe-131072-line,0001501697_000119312518186853_8K.txt,426,2977
edgar-bpe-131072-line,0001502292_000150229218000055_10Q.txt,12880,107812
edgar-bpe-131072-line,0001502756_000155837018004089_10Q.txt,23226,198520
edgar-bpe-131072-line,0001504545_000119312521062991_DEF14A.txt,10757,76576
edgar-bpe-131072-line,0001512228_000161577417000360_10Q.txt,9302,77156
edgar-bpe-131072-line,0001514705_000151470523000008_10Q.txt,8883,81968
edgar-bpe-131072-line,0001520697_000119312521092741_DEF14A.txt,39961,329122
edgar-bpe-131072-line,0001521332_000119312517306532_DEF14A.txt,3992,24612
edgar-bpe-131072-line,0001522767_000149315221020437_DEF14A.txt,12996,100679
edgar-bpe-131072-line,0001527675_000121390019003898_8K.txt,575,4562
edgar-bpe-131072-line,0001532961_000143774915009815_8K.txt,326,2566
edgar-bpe-131072-line,0001533758_000153375818000021_10Q.txt,26910,229734
edgar-bpe-131072-line,0001534133_000095017023021775_10Q.txt,39267,417529
edgar-bpe-131072-line,0001537140_000158064221004327_DEF14A.txt,8621,62308
edgar-bpe-131072-line,0001541119_000154111922000046_10Q.txt,17477,152427
edgar-bpe-131072-line,0001541401_000119312516544964_DEF14A.txt,30355,244321
edgar-bpe-131072-line,0001543623_000126246315000360_10Q.txt,8085,72224
edgar-bpe-131072-line,0001543637_000154812316000595_10Q.txt,4615,44672
edgar-bpe-131072-line,0001548717_000119312523060850_DEF14A.txt,10507,70323
edgar-bpe-131072-line,0001549631_000149315222005175_8K.txt,636,4463
edgar-bpe-131072-line,0001553023_000155302321000082_10Q.txt,20207,185348
edgar-bpe-131072-line,0001553197_000005193118001014_DEF14A.txt,567,3111
edgar-bpe-131072-line,0001555177_000162828015006244_10Q.txt,10948,94222
edgar-bpe-131072-line,0001562594_000114420415068834_8K.txt,672,6197
edgar-bpe-131072-line,0001564824_000156459020047119_8K.txt,383,3032
edgar-bpe-131072-line,0001566469_000119312521140679_DEF14A.txt,17303,137060
edgar-bpe-131072-line,0001566469_000156646922000060_8K.txt,804,7732
edgar-bpe-131072-line,0001566561_000164033416002116_8K.txt,341,2451
edgar-bpe-131072-line,0001566610_000149315224043700_10Q.txt,14763,127284
edgar-bpe-131072-line,0001566912_000156691221000031_8K.txt,352,3154
edgar-bpe-131072-line,0001569994_000156999418000047_8K.txt,4405,34969
edgar-bpe-131072-line,0001571371_000119312515370154_8K.txt,616,5404
edgar-bpe-131072-line,0001571776_000114036124036413_10Q.txt,27535,238274
edgar-bpe-131072-line,0001571934_000110465921024659_8K.txt,397,3195
edgar-bpe-131072-line,0001572552_000114036115015107_8K.txt,700,6399
edgar-bpe-131072-line,0001573166_000110465916141676_8K.txt,1604,14526
edgar-bpe-131072-line,0001573698_000094039417000105_DEF14A.txt,16474,114992
edgar-bpe-131072-line,0001575515_000119312515289234_8K.txt,476,3573
edgar-bpe-131072-line,0001576914_000162828023019649_8K.txt,366,3080
edgar-bpe-131072-line,0001584207_000104746915003877_DEF14A.txt,24171,186570
edgar-bpe-131072-line,0001585149_000114420415073427_8K.txt,695,4791
edgar-bpe-131072-line,0001585149_000149315223019595_10Q.txt,3533,35083
edgar-bpe-131072-line,0001589061_000143774917011815_8K.txt,777,5681
edgar-bpe-131072-line,0001592706_000119312515195199_8K.txt,1715,15671
edgar-bpe-131072-line,0001595527_000110465920035832_DEF14A.txt,14488,121255
edgar-bpe-131072-line,0001598646_000119312520269392_8K.txt,730,6579
edgar-bpe-131072-line,0001600132_000110465923114775_DEF14A.txt,18367,156183
edgar-bpe-131072-line,0001602409_000143774916039687_10Q.txt,3503,36667
edgar-bpe-131072-line,0001605331_000166357722000272_8K.txt,586,5070
edgar-bpe-131072-line,0001607281_000160728115000013_10Q.txt,2612,24436
edgar-bpe-131072-line,0001616000_000161600024000035_DEF14A.txt,29647,238645
edgar-bpe-131072-line,0001621443_000110465919010499_8K.txt,379,2822
edgar-bpe-131072-line,0001622879_000168316821003724_10Q.txt,14957,119901
edgar-bpe-131072-line,0001623715_000095017022023883_10Q.txt,34118,357844
edgar-bpe-131072-line,0001625278_000162527823000094_10Q.txt,7458,75017
edgar-bpe-131072-line,0001631650_000156459019041020_8K.txt,390,3526
edgar-bpe-131072-line,0001632275_000126246320000275_10Q.txt,4869,38328
edgar-bpe-131072-line,0001633858_000110465920076307_8K.txt,330,2397
edgar-bpe-131072-line,0001635088_000114036124007260_10Q.txt,54281,541745
edgar-bpe-131072-line,0001635881_000163588119000078_8K.txt,377,3480
edgar-bpe-131072-line,0001635984_000163598423000013_DEF14A.txt,26410,194610
edgar-bpe-131072-line,0001636282_000156459019012157_DEF14A.txt,13739,109373
edgar-bpe-131072-line,0001636519_000119312516712342_8K.txt,960,7798
edgar-bpe-131072-line,0001641489_000156459020051377_10Q.txt,13391,129826
edgar-bpe-131072-line,0001643953_000121390019000641_8K.txt,980,7677
edgar-bpe-131072-line,0001650132_000119312517156665_8K.txt,387,2886
edgar-bpe-131072-line,0001651944_000114420418008036_10Q.txt,7288,75589
edgar-bpe-131072-line,0001651987_000149315217013065_10Q.txt,12619,100589
edgar-bpe-131072-line,0001655075_000119312522240118_8K.txt,551,4767
edgar-bpe-131072-line,0001656839_000153949715002106_8K.txt,2129,20303
edgar-bpe-131072-line,0001657788_000155837017008705_10Q.txt,12729,123368
edgar-bpe-131072-line,0001657803_000149315217004884_10Q.txt,2384,21976
edgar-bpe-131072-line,0001662524_000166252418000009_10Q.txt,26656,242386
edgar-bpe-131072-line,0001668397_000156459019038396_10Q.txt,10353,97059
edgar-bpe-131072-line,0001669779_000104746918002341_DEF14A.txt,25692,201679
edgar-bpe-131072-line,0001671013_000155837016006917_10Q.txt,25718,214037
edgar-bpe-131072-line,0001671584_000119312520071893_8K.txt,581,4206
edgar-bpe-131072-line,0001672882_000102143216001439_10Q.txt,3019,26983
edgar-bpe-131072-line,0001674440_000149315222007138_10Q.txt,16281,126228
edgar-bpe-131072-line,0001674910_000119312517370707_DEF14A.txt,38332,288369
edgar-bpe-131072-line,0001675149_000119312519079568_DEF14A.txt,40422,295038
edgar-bpe-131072-line,0001680379_000110465923066341_8K.txt,621,5688
edgar-bpe-131072-line,0001687065_000107997321000392_10Q.txt,4238,36746
edgar-bpe-131072-line,0001687229_000168722919000044_10Q.txt,25348,216304
edgar-bpe-131072-line,0001691507_000156459020025482_10Q.txt,11378,104869
edgar-bpe-131072-line,0001697500_000114036122012578_DEF14A.txt,12103,95936
edgar-bpe-131072-line,0001699838_000119312524258535_8K.txt,447,3383
edgar-bpe-131072-line,0001702916_000159991618000031_10Q.txt,2382,21004
edgar-bpe-131072-line,0001707502_000119312522125475_DEF14A.txt,23921,196270
edgar-bpe-131072-line,0001707753_000170775320000032_10Q.txt,29726,298769
edgar-bpe-131072-line,0001708035_000114036121011255_DEF14A.txt,24670,175999
edgar-bpe-131072-line,0001710583_000119312522125136_DEF14A.txt,74461,608847
edgar-bpe-131072-line,0001711279_000119312518124863_DEF14A.txt,10500,82875
edgar-bpe-131072-line,0001716621_000156459020054367_8K.txt,821,7519
edgar-bpe-131072-line,0001718644_000160706219000142_8K.txt,534,3316
edgar-bpe-131072-line,0001720725_000119312521129303_DEF14A.txt,18162,143175
edgar-bpe-131072-line,0001725057_000095017024049078_8K.txt,809,5460
edgar-bpe-131072-line,0001725134_000162828023038668_8K.txt,806,6772
edgar-bpe-131072-line,0001735184_000119312521103969_DEF14A.txt,14182,114090
edgar-bpe-131072-line,0001743881_000156459020025197_10Q.txt,46079,471017
edgar-bpe-131072-line,0001750735_000175073522000080_10Q.txt,19084,150837
edgar-bpe-131072-line,0001752836_000119312520276926_DEF14A.txt,7072,55304
edgar-bpe-131072-line,0001754170_000110465922054647_DEF14A.txt,19369,151026
edgar-bpe-131072-line,0001754170_000155837022003554_8K.txt,375,3490
edgar-bpe-131072-line,0001759509_000175950924000128_10Q.txt,46119,455457
edgar-bpe-131072-line,0001760717_000176071721000047_10Q.txt,9791,85423
edgar-bpe-131072-line,0001766400_000176640020000040_DEF14A.txt,13029,107331
edgar-bpe-131072-line,0001766478_000176647823000132_10Q.txt,21293,180846
edgar-bpe-131072-line,0001768224_000119380520000886_8K.txt,770,6176
edgar-bpe-131072-line,0001773056_000110465919029913_8K.txt,582,3879
edgar-bpe-131072-line,0001777319_000149315224020688_10Q.txt,9703,79692
edgar-bpe-131072-line,0001785347_000005193122000985_DEF14A.txt,14683,81935
edgar-bpe-131072-line,0001796022_000179602223000011_10Q.txt,28171,263680
edgar-bpe-131072-line,0001799332_000149315224044300_10Q.txt,17317,143831
edgar-bpe-131072-line,0001805521_000121390022012549_8K.txt,815,7295
edgar-bpe-131072-line,0001806952_000162828024020467_10Q.txt,31112,330603
edgar-bpe-131072-line,0001808805_000180880524000033_DEF14A.txt,23449,197977
edgar-bpe-131072-line,0001812923_000119312523020783_DEF14A.txt,14450,107120
edgar-bpe-131072-line,0001818844_000155837024009327_8K.txt,563,3949
edgar-bpe-131072-line,0001823466_000119312523105713_DEF14A.txt,21681,172288
edgar-bpe-131072-line,0001823826_000121390022065652_DEF14A.txt,15370,142791
edgar-bpe-131072-line,0001828723_000182872323000128_10Q.txt,20560,195299
edgar-bpe-131072-line,0001829328_000121390022047088_10Q.txt,9822,102512
edgar-bpe-131072-line,0001835256_000183525624000031_10Q.txt,16118,149234
edgar-bpe-131072-line,0001836833_000183683323000107_8K.txt,421,3751
edgar-bpe-131072-line,0001842916_000121390023018885_8K.txt,1355,10096
edgar-bpe-131072-line,0001844419_000110465921082615_10Q.txt,5950,73113
edgar-bpe-131072-line,0001852244_000110465921132441_8K.txt,402,3280
edgar-bpe-131072-line,0001866226_000121390024025131_8K.txt,980,8265
edgar-bpe-131072-line,0001874875_000149315223040328_10Q.txt,11739,93961
edgar-bpe-131072-line,0001937993_000121390024051803_DEF14A.txt,29292,252421
edgar-bpe-131072-line,0002000178_000119312524139480_8K.txt,571,5147
gpt2,0000003499_000000349924000015_10Q.txt,14222,59541
gpt2,0000006885_000000688517000113_DEF14A.txt,79569,380855
gpt2,0000006955_000000695522000035_DEF14A.txt,46774,223188
gpt2,0000012927_000119312518085720_DEF14A.txt,54987,245815
gpt2,0000014195_000001419519000034_8K.txt,2201,10046
gpt2,0000016040_000156459022003902_10Q.txt,19595,90633
gpt2,0000021665_000002166517000012_10Q.txt,31042,140348
gpt2,0000025895_000143774923007161_8K.txt,2285,9591
gpt2,0000029905_000002990520000035_10Q.txt,34702,152047
gpt2,0000030697_000119312523081491_8K.txt,1232,4729
gpt2,0000032621_000119312516747167_DEF14A.txt,17713,78582
gpt2,0000033619_000119312515416055_DEF14A.txt,46803,213876
gpt2,0000044402_000113322824000295_DEF14A.txt,14752,58538
gpt2,0000045012_000004501224000061_8K.txt,1283,5409
gpt2,0000050471_000165495417009541_DEF14A.txt,20849,88953
gpt2,0000051143_000155837019008923_8K.txt,1468,5297
gpt2,0000063090_000174177324003913_DEF14A.txt,107620,281113
gpt2,0000064996_000006499621000010_DEF14A.txt,16803,83393
gpt2,0000065596_000135448815003888_10Q.txt,11505,47831
gpt2,0000069891_000143774918016143_DEF14A.txt,13803,65235
gpt2,0000070318_000007031821000035_8K.txt,846,3331
gpt2,0000070866_000119312522279265_8K.txt,1315,5413
gpt2,0000071829_000007182918000159_8K.txt,1288,5379
gpt2,0000072331_000119312521014249_DEF14A.txt,91009,409299
gpt2,0000072573_000095014215000651_8K.txt,635,2214
gpt2,0000072903_000007290322000027_10Q.txt,31741,143629
gpt2,0000073020_000173399822000037_8K.txt,1296,5253
gpt2,0000073124_000007312419000197_10Q.txt,62252,236660
gpt2,0000075208_000114420416097387_DEF14A.txt,37268,167918
gpt2,0000081020_000132616018000094_8K.txt,1039,3667
gpt2,0000082811_000114036122009921_DEF14A.txt,53092,240875
gpt2,0000092108_000119312516422850_8K.txt,4361,20590
gpt2,0000094344_000114420418038883_8K.txt,811,2853
gpt2,0000095029_000117494716002292_DEF14A.txt,29838,127019
gpt2,0000096021_000119312516445231_8K.txt,1305,5324
gpt2,0000100517_000110465918035733_8K.txt,1872,6867
gpt2,0000101984_000010198417000012_DEF14A.txt,33312,154836
gpt2,0000102752_000010275219000057_10Q.txt,20516,88306
gpt2,0000105744_000121465924006148_8K.txt,960,3497
gpt2,0000106532_000141057823002272_10Q.txt,13692,52637
gpt2,0000109177_000010917717000059_DEF14A.txt,37095,169817
gpt2,0000278165_000149315223009387_8K.txt,831,2739
gpt2,0000315256_000007274116000075_10Q.txt,50384,195825
gpt2,0000316709_000119312516523055_DEF14A.txt,43652,185988
gpt2,0000318306_000114420417019907_DEF14A.txt,19035,85279
gpt2,0000318833_000031883324000054_10Q.txt,24827,102667
gpt2,0000319654_000119312517252285_10Q.txt,10740,44842
gpt2,0000319655_000119312520040303_8K.txt,1008,3634
gpt2,0000702513_000143774918018477_8K.txt,754,3008
gpt2,0000704532_000156459018007515_DEF14A.txt,33361,152696
gpt2,0000704562_000168316819002729_DEF14A.txt,40963,181856
gpt2,0000706863_000070686321000122_8K.txt,1007,4001
gpt2,0000709364_000094937720000282_DEF14A.txt,24019,89914
gpt2,0000710752_000119312516579326_8K.txt,746,2570
gpt2,0000714310_000071431018000109_DEF14A.txt,45637,200977
gpt2,0000719413_000119312522102288_DEF14A.txt,68415,294636
gpt2,0000719413_000143774920000256_8K.txt,1111,4446
gpt2,0000726958_000072695817000086_DEF14A.txt,33027,151811
gpt2,0000727207_000162828023029348_10Q.txt,43267,192782
gpt2,0000729986_000119312515372134_8K.txt,2709,12043
gpt2,0000731766_000073176616000081_10Q.txt,21838,86706
gpt2,0000732712_000073271221000054_10Q.txt,46308,215994
gpt2,0000745308_000119312521109513_DEF14A.txt,25040,115043
gpt2,0000749251_000074925119000015_10Q.txt,36266,155901
gpt2,0000749660_000119380523000855_8K.txt,1221,4002
gpt2,0000751364_000075136419000096_10Q.txt,22760,90673
gpt2,0000752642_000149315217006745_8K.txt,1168,3841
gpt2,0000764065_000076406524000092_DEF14A.txt,55059,249519
gpt2,0000774569_000156459019030505_10Q.txt,37232,148027
gpt2,0000789933_000078993319000020_DEF14A.txt,59088,280468
gpt2,0000792935_000190359623000646_10Q.txt,30855,121662
gpt2,0000795212_000114036121019437_DEF14A.txt,20741,97611
gpt2,0000796764_000117184319003270_8K.txt,2070,8478
gpt2,0000798354_000119312522064509_8K.txt,882,3151
gpt2,0000801337_000080133721000013_8K.txt,1059,4337
gpt2,0000803578_000143774923015463_10Q.txt,17855,76817
gpt2,0000807884_000119312515123559_DEF14A.txt,63973,288136
gpt2,0000809821_000120677415000358_DEF14A.txt,63109,198634
gpt2,0000810509_000143774921012043_10Q.txt,35649,161999
gpt2,0000812011_000081201121000013_10Q.txt,40537,180637
gpt2,0000812796_000121390015003198_DEF14A.txt,34450,153449
gpt2,0000814453_000081445321000120_10Q.txt,31723,147331
gpt2,0000815065_000119312515275839_8K.txt,781,2882
gpt2,0000817473_000081747316000135_8K.txt,665,2547
gpt2,0000818850_000125889715001418_DEF14A.txt,32568,133793
gpt2,0000825313_000082531320000030_10Q.txt,10992,48200
gpt2,0000827187_000082718718000037_8K.txt,1027,4401
gpt2,0000830271_000119312520180768_DEF14A.txt,28010,117140
gpt2,0000831547_000119312523138882_8K.txt,902,3382
gpt2,0000832480_000083248016000039_DEF14A.txt,15641,72560
gpt2,0000832489_000143774918007919_DEF14A.txt,22491,103095
gpt2,0000834071_000095010318007517_8K.txt,716,2473
gpt2,0000834071_000156459017022556_10Q.txt,33508,151565
gpt2,0000842633_000114036122011873_DEF14A.txt,44936,202951
gpt2,0000845379_000119312518330245_DEF14A.txt,15500,71045
gpt2,0000845877_000084587717000124_10Q.txt,74232,290375
gpt2,0000847464_000114420415009643_10Q.txt,15602,59059
gpt2,0000852254_000174177323001593_DEF14A.txt,2004,5852
gpt2,0000860543_000147793219002815_10Q.txt,12431,54622
gpt2,0000860546_000086054619000014_10Q.txt,34313,140731
gpt2,0000860748_000086074816000201_10Q.txt,47130,194230
gpt2,0000861838_000155837017008228_10Q.txt,21733,100443
gpt2,0000869531_000149315223035704_10Q.txt,12085,45892
gpt2,0000874501_000087450120000064_DEF14A.txt,79467,376083
gpt2,0000874766_000087476620000022_DEF14A.txt,82547,384765
gpt2,0000876378_000156459018011929_10Q.txt,32553,150908
gpt2,0000877860_000087786019000104_8K.txt,743,2798
gpt2,0000884614_000088461422000017_8K.txt,678,2664
gpt2,0000884905_000088490517000072_10Q.txt,25625,107790
gpt2,0000884940_000119312517275632_10Q.txt,11150,43916
gpt2,0000886136_000110465920047200_DEF14A.txt,72150,339019
gpt2,0000887596_000104746919002380_DEF14A.txt,82617,375023
gpt2,0000887596_000110465921046345_8K.txt,3128,12528
gpt2,0000888981_000107997323000803_DEF14A.txt,19225,82705
gpt2,0000890447_000162828015004311_10Q.txt,52489,225424
gpt2,0000891024_000119312521344459_8K.txt,782,2868
gpt2,0000893691_000089369117000017_DEF14A.txt,39556,181192
gpt2,0000894242_000119312518185711_DEF14A.txt,41067,163957
gpt2,0000895051_000155837022013418_10Q.txt,24621,106039
gpt2,0000895456_000089545619000025_10Q.txt,12979,54618
gpt2,0000898173_000089817315000123_10Q.txt,18464,83070
gpt2,0000901243_000119312524155180_DEF14A.txt,45618,183685
gpt2,0000908315_000090831518000011_DEF14A.txt,16530,73128
gpt2,0000912615_000119312515116103_DEF14A.txt,38342,176449
gpt2,0000914025_000091402516000076_DEF14A.txt,51240,239869
gpt2,0000919013_000162828015008948_10Q.txt,29915,143624
gpt2,0000919893_000091989322000006_DEF14A.txt,21429,94475
gpt2,0000920148_000119312519305378_8K.txt,1006,3833
gpt2,0000921113_000110465915021755_8K.txt,1517,5629
gpt2,0000923139_000155837021010235_10Q.txt,40976,150193
gpt2,0000924168_000092416822000088_10Q.txt,35262,162536
gpt2,0000925741_000143774917018927_10Q.txt,17489,83174
gpt2,0000926282_000119312517108241_DEF14A.txt,35758,162326
gpt2,0000926761_000089710116002443_DEF14A.txt,51527,231244
gpt2,0000928658_000100888618000029_DEF14A.txt,38299,182434
gpt2,0000930245_000147237518000106_10Q.txt,8718,36370
gpt2,0000930828_000093082815000016_DEF14A.txt,24072,108637
gpt2,0000931148_000119312519085857_DEF14A.txt,30423,138033
gpt2,0000931584_000143774923030379_10Q.txt,16397,66281
gpt2,0000932699_000093269916000113_DEF14A.txt,30759,140972
gpt2,0000932781_000155278124000238_8K.txt,1758,7235
gpt2,0000935494_000093549416000043_8K.txt,642,2378
gpt2,0000937556_000093755620000102_8K.txt,1184,4905
gpt2,0000939767_000093976724000002_8K.txt,1807,7697
gpt2,0000944075_000094407515000015_DEF14A.txt,24825,109147
gpt2,0000944148_000156459020035333_10Q.txt,27094,111060
gpt2,0000945394_000110465920072085_8K.txt,2029,7816
gpt2,0000945908_000119312524141589_DEF14A.txt,84574,282786
gpt2,0001001258_000143774917002016_10Q.txt,38706,171098
gpt2,0001004155_000100415516000202_10Q.txt,32487,150890
gpt2,0001005229_000100522920000298_10Q.txt,28607,132520
gpt2,0001006424_000143774915008102_DEF14A.txt,19628,90025
gpt2,0001008848_000119312522311593_8K.txt,1710,7783
gpt2,0001010086_000114036120009995_DEF14A.txt,35396,168340
gpt2,0001013237_000101323722000165_DEF14A.txt,69541,334995
gpt2,0001018164_000101816422000016_10Q.txt,20746,93301
gpt2,0001018840_000119312517139441_DEF14A.txt,153020,706182
gpt2,0001021270_000119312516475765_8K.txt,667,2299
gpt2,0001022671_000114420418057915_10Q.txt,24898,92099
gpt2,0001025362_000127956917000219_8K.txt,787,2888
gpt2,0001025953_000102595315000075_10Q.txt,27385,128277
gpt2,0001031093_000107997323000270_DEF14A.txt,26881,118449
gpt2,0001035983_000110465918072540_8K.txt,861,3378
gpt2,0001036848_000121390024001900_8K.txt,1912,7639
gpt2,0001038773_000114420416093063_DEF14A.txt,33053,148048
gpt2,0001041368_000093905720000286_DEF14A.txt,23328,105005
gpt2,0001043000_000119312515174249_10Q.txt,21253,92736
gpt2,0001043337_000114420418024834_10Q.txt,24073,105250
gpt2,0001043509_000162828019002872_DEF14A.txt,68068,324834
gpt2,0001043961_000114420418045172_10Q.txt,31209,134797
gpt2,0001044378_000119312522136763_DEF14A.txt,62840,286835
gpt2,0001045610_000119312516687616_8K.txt,1386,4801
gpt2,0001047304_000119312524236025_DEF14A.txt,26668,106030
gpt2,0001047884_000115752318000450_8K.txt,1088,3913
gpt2,0001053691_000143774920019730_8K.txt,1137,4726
gpt2,0001063344_000106334422000097_8K.txt,2987,13460
gpt2,0001065059_000106505916000055_8K.txt,824,3215
gpt2,0001065087_000114420417025705_8K.txt,648,2353
gpt2,0001066194_000155837015001836_DEF14A.txt,16060,72260
gpt2,0001070154_000107015416000042_8K.txt,756,2894
gpt2,0001070789_000149315216011467_8K.txt,1518,6276
gpt2,0001070985_000119312517054571_8K.txt,923,3295
gpt2,0001073429_000162828019013749_8K.txt,873,3445
gpt2,0001080319_000101738621000437_8K.txt,886,3237
gpt2,0001080340_000114420416105001_DEF14A.txt,12982,55956
gpt2,0001083301_000108330124000048_8K.txt,1656,7254
gpt2,0001083848_000168316820002899_10Q.txt,17012,70329
gpt2,0001084048_000107261316000732_DEF14A.txt,26935,123083
gpt2,0001084580_000108458021000013_10Q.txt,66800,306543
gpt2,0001086222_000119312517107762_DEF14A.txt,66107,296786
gpt2,0001087786_000119312519272523_DEF14A.txt,26067,113379
gpt2,0001092699_000119312518116942_DEF14A.txt,32464,144188
gpt2,0001096752_000109675221000015_8K.txt,1669,7045
gpt2,0001096752_000119312519318456_DEF14A.txt,81991,365623
gpt2,0001101215_000110121515000015_8K.txt,772,2990
gpt2,0001104462_000144586615000957_10Q.txt,10995,52187
gpt2,0001106838_000149315224020551_8K.txt,2622,10170
gpt2,0001108524_000119312521280079_8K.txt,937,3585
gpt2,0001109189_000110918920000154_10Q.txt,37519,170193
gpt2,0001122304_000112230417000035_8K.txt,1105,4410
gpt2,0001123316_000119312518093017_8K.txt,2418,9877
gpt2,0001124796_000112479620000123_10Q.txt,38730,188374
gpt2,0001124941_000119312522010023_DEF14A.txt,44566,201508
gpt2,0001126741_000155837016003096_10Q.txt,30883,144997
gpt2,0001127703_000170639720000007_10Q.txt,75897,348069
gpt2,0001127993_000107878217000755_10Q.txt,9081,39577
gpt2,0001128928_000156459021029068_10Q.txt,38616,162900
gpt2,0001130144_000114420417003451_8K.txt,691,2507
gpt2,0001135971_000162828018013229_8K.txt,2205,8021
gpt2,0001136893_000119312521111542_DEF14A.txt,52379,237232
gpt2,0001140215_000149315223039082_DEF14A.txt,23061,99201
gpt2,0001141103_000115752315000380_8K.txt,644,2134
gpt2,0001141688_000114420415065272_10Q.txt,27219,105118
gpt2,0001142596_000119312520050815_8K.txt,849,3163
gpt2,0001156388_000119312524118390_DEF14A.txt,34902,161076
gpt2,0001157602_000104746915003551_DEF14A.txt,27199,121691
gpt2,0001158324_000104746919001306_DEF14A.txt,59057,270890
gpt2,0001158463_000115846320000046_8K.txt,2439,11286
gpt2,0001162461_000143774917012435_8K.txt,993,3888
gpt2,0001163792_000119312516549975_DEF14A.txt,17418,77274
gpt2,0001164255_000116425516000086_10Q.txt,25924,117186
gpt2,0001167419_000114036123022069_DEF14A.txt,64901,290795
gpt2,0001172631_000149315216009608_10Q.txt,17491,75225
gpt2,0001173489_000143774924011641_DEF14A.txt,43157,198463
gpt2,0001173514_000117351417000029_DEF14A.txt,43194,191789
gpt2,0001178670_000117867020000007_10Q.txt,61655,312023
gpt2,0001179060_000110465917039998_8K.txt,952,3411
gpt2,0001181504_000119312523269340_DEF14A.txt,49556,197861
gpt2,0001183765_000117184323003314_8K.txt,901,3615
gpt2,0001191334_000071758820000010_10Q.txt,5507,23812
gpt2,0001195933_000119312516536426_DEF14A.txt,33417,145679
gpt2,0001230276_000123027616000071_DEF14A.txt,41214,188728
gpt2,0001232582_000123258218000040_8K.txt,974,3783
gpt2,0001260968_000117184317002385_8K.txt,829,3103
gpt2,0001261166_000089843222000514_DEF14A.txt,26694,116013
gpt2,0001267902_000119312519100307_DEF14A.txt,16048,70411
gpt2,0001269026_000149315220013086_DEF14A.txt,77877,361446
gpt2,0001270073_000114420416116416_8K.txt,747,2698
gpt2,0001273636_000156459016012450_10Q.txt,19037,90238
gpt2,0001274494_000162828021008263_10Q.txt,34257,158455
gpt2,0001274644_000127464416000150_10Q.txt,16820,75956
gpt2,0001275158_000127515823000033_DEF14A.txt,58978,277895
gpt2,0001277250_000165495422000137_8K.txt,1172,4620
gpt2,0001283450_000106823823000159_8K.txt,1568,6290
gpt2,0001288992_000094039419000062_DEF14A.txt,21368,97673
gpt2,0001289340_000149315224032047_10Q.txt,25778,114563
gpt2,0001301611_000115752315003579_8K.txt,672,2165
gpt2,0001302946_000130294616000163_10Q.txt,17589,73000
gpt2,0001304161_000165495418002767_10Q.txt,16746,68018
gpt2,0001304730_000149315219007426_10Q.txt,11004,44757
gpt2,0001308161_000156459018001566_10Q.txt,36189,164482
gpt2,0001308208_000156459021022564_8K.txt,1514,5452
gpt2,0001310383_000114420416133357_10Q.txt,25241,102027
gpt2,0001321732_000132173219000051_DEF14A.txt,33822,161720
gpt2,0001325740_000156459019032182_10Q.txt,25283,111633
gpt2,0001326706_000121390020008758_8K.txt,903,3228
gpt2,0001326771_000132677115000030_10Q.txt,47506,184949
gpt2,0001328792_000110465923087252_DEF14A.txt,18661,85216
gpt2,0001331451_000133145122000131_8K.txt,2228,9943
gpt2,0001331754_000133175424000184_8K.txt,1811,7926
gpt2,0001335105_000149315218015470_10Q.txt,30739,136827
gpt2,0001341235_000119312524104862_DEF14A.txt,29215,128545
gpt2,0001345126_000119312521065640_8K.txt,1501,5901
gpt2,0001346980_000114036120011770_DEF14A.txt,41123,186272
gpt2,0001352010_000119312519114962_DEF14A.txt,40889,185414
gpt2,0001365916_000136591624000008_8K.txt,4882,21526
gpt2,0001370450_000104746915003622_DEF14A.txt,27903,127655
gpt2,0001371489_000155837017008718_10Q.txt,17544,78599
gpt2,0001372020_000095017023000932_8K.txt,1298,5195
gpt2,0001372514_000110465921058990_DEF14A.txt,45505,212202
gpt2,0001378992_000137899221000026_8K.txt,943,3436
gpt2,0001379895_000110465917049338_8K.txt,2256,9840
gpt2,0001383701_000156459022019887_10Q.txt,64354,321244
gpt2,0001384905_000138490523000022_8K.txt,852,3360
gpt2,0001386278_000138627820000037_8K.txt,719,2731
gpt2,0001386570_000141588915003666_10Q.txt,17093,68044
gpt2,0001389050_000138905015000027_10Q.txt,57561,255697
gpt2,0001389123_000121390019023198_10Q.txt,95503,345795
gpt2,0001391127_000139112717000077_DEF14A.txt,39954,184026
gpt2,0001391933_000092708923000048_DEF14A.txt,28063,129434
gpt2,0001393781_000166357722000646_10Q.txt,10846,44269
gpt2,0001395937_000156459020019694_DEF14A.txt,31809,146655
gpt2,0001398805_000168316821005511_10Q.txt,20188,85397
gpt2,0001408198_000140819824000131_10Q.txt,34159,142548
gpt2,0001410098_000165495419002232_8K.txt,1066,3754
gpt2,0001412665_000141266519000098_8K.txt,771,2947
gpt2,0001417926_000149315222032023_10Q.txt,27161,113927
gpt2,0001419951_000173112221000904_10Q.txt,21934,92064
gpt2,0001424657_000121390022028643_8K.txt,1082,3915
gpt2,0001424768_000149315218011317_10Q.txt,15228,60245
gpt2,0001425287_000121390024029590_DEF14A.txt,171151,814673
gpt2,0001434621_000114036124022344_DEF14A.txt,47181,206861
gpt2,0001437491_000121390018010010_8K.txt,890,3311
gpt2,0001437557_000114420417020563_8K.txt,1810,7355
gpt2,0001441816_000144181624000111_10Q.txt,55925,288279
gpt2,0001444307_000149315220007458_DEF14A.txt,40816,182638
gpt2,0001448705_000107997324000032_8K.txt,857,3085
gpt2,0001448893_000144889322000085_10Q.txt,41752,182963
gpt2,0001450148_000110465915086678_DEF14A.txt,16264,75733
gpt2,0001453593_000114420417059058_8K.txt,1133,4110
gpt2,0001459417_000145941719000003_10Q.txt,25719,116121
gpt2,0001464343_000143774924012068_DEF14A.txt,21438,98134
gpt2,0001465470_000149315224032357_10Q.txt,35576,152234
gpt2,0001467154_000146715421000071_8K.txt,2036,8519
gpt2,0001474432_000119312518156087_DEF14A.txt,37734,168238
gpt2,0001477815_000162828023025985_10Q.txt,29191,130521
gpt2,0001485003_000148500321000063_DEF14A.txt,53417,256223
gpt2,0001486298_000139834423005413_DEF14A.txt,16122,66056
gpt2,0001490892_000104746919001737_DEF14A.txt,40978,182110
gpt2,0001490978_000149097824000089_10Q.txt,82748,430931
gpt2,0001491487_000114420416121942_8K.txt,1430,5416
gpt2,0001493594_000149359423000076_8K.txt,779,3039
gpt2,0001493761_000119312515161026_DEF14A.txt,30936,137972
gpt2,0001495320_000149532022000046_10Q.txt,29192,127954
gpt2,0001496099_000115752317001482_8K.txt,832,2882
gpt2,0001496264_000148251219000073_10Q.txt,40370,170623
gpt2,0001500375_000092708918000367_DEF14A.txt,16869,77806
gpt2,0001501103_000139834420001718_DEF14A.txt,12454,52694
gpt2,0001501697_000119312518186853_8K.txt,851,2977
gpt2,0001502292_000150229218000055_10Q.txt,27057,107812
gpt2,0001502756_000155837018004089_10Q.txt,48428,198520
gpt2,0001504545_000119312521062991_DEF14A.txt,17720,76576
gpt2,0001512228_000161577417000360_10Q.txt,18509,77156
gpt2,0001514705_000151470523000008_10Q.txt,18629,81968
gpt2,0001520697_000119312521092741_DEF14A.txt,72897,329122
gpt2,0001521332_000119312517306532_DEF14A.txt,6009,24612
gpt2,0001522767_000149315221020437_DEF14A.txt,22423,100679
gpt2,0001527675_000121390019003898_8K.txt,1159,4562
gpt2,0001532961_000143774915009815_8K.txt,717,2566
gpt2,0001533758_000153375818000021_10Q.txt,53395,229734
gpt2,0001534133_000095017023021775_10Q.txt,80389,417529
gpt2,0001537140_000158064221004327_DEF14A.txt,13922,62308
gpt2,0001541119_000154111922000046_10Q.txt,35879,152427
gpt2,0001541401_000119312516544964_DEF14A.txt,53938,244321
gpt2,0001543623_000126246315000360_10Q.txt,16210,72224
gpt2,0001543637_000154812316000595_10Q.txt,9804,44672
gpt2,0001548717_000119312523060850_DEF14A.txt,17155,70323
gpt2,0001549631_000149315222005175_8K.txt,1203,4463
gpt2,0001553023_000155302321000082_10Q.txt,41389,185348
gpt2,0001553197_000005193118001014_DEF14A.txt,880,3111
gpt2,0001555177_000162828015006244_10Q.txt,22608,94222
gpt2,0001562594_000114420415068834_8K.txt,1489,6197
gpt2,0001564824_000156459020047119_8K.txt,838,3032
gpt2,0001566469_000119312521140679_DEF14A.txt,30420,137060
gpt2,0001566469_000156646922000060_8K.txt,1790,7732
gpt2,0001566561_000164033416002116_8K.txt,664,2451
gpt2,0001566610_000149315224043700_10Q.txt,29627,127284
gpt2,0001566912_000156691221000031_8K.txt,814,3154
gpt2,0001569994_000156999418000047_8K.txt,7426,34969
gpt2,0001571371_000119312515370154_8K.txt,1312,5404
gpt2,0001571776_000114036124036413_10Q.txt,57714,238274
gpt2,0001571934_000110465921024659_8K.txt,866,3195
gpt2,0001572552_000114036115015107_8K.txt,1421,6399
gpt2,0001573166_000110465916141676_8K.txt,3496,14526
gpt2,0001573698_000094039417000105_DEF14A.txt,25480,114992
gpt2,0001575515_000119312515289234_8K.txt,929,3573
gpt2,0001576914_000162828023019649_8K.txt,780,3080
gpt2,0001584207_000104746915003877_DEF14A.txt,41479,186570
gpt2,0001585149_000114420415073427_8K.txt,1200,4791
gpt2,0001585149_000149315223019595_10Q.txt,7960,35083
gpt2,0001589061_000143774917011815_8K.txt,1489,5681
gpt2,0001592706_000119312515195199_8K.txt,3630,15671
gpt2,0001595527_000110465920035832_DEF14A.txt,25766,121255
gpt2,0001598646_000119312520269392_8K.txt,1553,6579
gpt2,0001600132_000110465923114775_DEF14A.txt,32378,156183
gpt2,0001602409_000143774916039687_10Q.txt,8103,36667
gpt2,0001605331_000166357722000272_8K.txt,1241,5070
gpt2,0001607281_000160728115000013_10Q.txt,5539,24436
gpt2,0001616000_000161600024000035_DEF14A.txt,51051,238645
gpt2,0001621443_000110465919010499_8K.txt,771,2822
gpt2,0001622879_000168316821003724_10Q.txt,29467,119901
gpt2,0001623715_000095017022023883_10Q.txt,69533,357844
gpt2,0001625278_000162527823000094_10Q.txt,17539,75017
gpt2,0001631650_000156459019041020_8K.txt,934,3526
gpt2,0001632275_000126246320000275_10Q.txt,9882,38328
gpt2,0001633858_000110465920076307_8K.txt,702,2397
gpt2,0001635088_000114036124007260_10Q.txt,110494,541745
gpt2,0001635881_000163588119000078_8K.txt,892,3480
gpt2,0001635984_000163598423000013_DEF14A.txt,43660,194610
gpt2,0001636282_000156459019012157_DEF14A.txt,24268,109373
gpt2,0001636519_000119312516712342_8K.txt,1826,7798
gpt2,0001641489_000156459020051377_10Q.txt,28932,129826
gpt2,0001643953_000121390019000641_8K.txt,1907,7677
gpt2,0001650132_000119312517156665_8K.txt,817,2886
gpt2,0001651944_000114420418008036_10Q.txt,16888,75589
gpt2,0001651987_000149315217013065_10Q.txt,25368,100589
gpt2,0001655075_000119312522240118_8K.txt,1185,4767
gpt2,0001656839_000153949715002106_8K.txt,5058,20303
gpt2,0001657788_000155837017008705_10Q.txt,27392,123368
gpt2,0001657803_000149315217004884_10Q.txt,5415,21976
gpt2,0001662524_000166252418000009_10Q.txt,50656,242386
gpt2,0001668397_000156459019038396_10Q.txt,23109,97059
gpt2,0001669779_000104746918002341_DEF14A.txt,45029,201679
gpt2,0001671013_000155837016006917_10Q.txt,53364,214037
gpt2,0001671584_000119312520071893_8K.txt,1193,4206
gpt2,0001672882_000102143216001439_10Q.txt,5997,26983
gpt2,0001674440_000149315222007138_10Q.txt,30607,126228
gpt2,0001674910_000119312517370707_DEF14A.txt,65553,288369
gpt2,0001675149_000119312519079568_DEF14A.txt,67664,295038
gpt2,0001680379_000110465923066341_8K.txt,1458,5688
gpt2,0001687065_000107997321000392_10Q.txt,8826,36746
gpt2,0001687229_000168722919000044_10Q.txt,51782,216304
gpt2,0001691507_000156459020025482_10Q.txt,24947,104869
gpt2,0001697500_000114036122012578_DEF14A.txt,20833,95936
gpt2,0001699838_000119312524258535_8K.txt,890,3383
gpt2,0001702916_000159991618000031_10Q.txt,5209,21004
gpt2,0001707502_000119312522125475_DEF14A.txt,43374,196270
gpt2,0001707753_000170775320000032_10Q.txt,59372,298769
gpt2,0001708035_000114036121011255_DEF14A.txt,39379,175999
gpt2,0001710583_000119312522125136_DEF14A.txt,132241,608847
gpt2,0001711279_000119312518124863_DEF14A.txt,18219,82875
gpt2,0001716621_000156459020054367_8K.txt,1800,7519
gpt2,0001718644_000160706219000142_8K.txt,939,3316
gpt2,0001720725_000119312521129303_DEF14A.txt,32028,143175
gpt2,0001725057_000095017024049078_8K.txt,1599,5460
gpt2,0001725134_000162828023038668_8K.txt,1584,6772
gpt2,0001735184_000119312521103969_DEF14A.txt,24719,114090
gpt2,0001743881_000156459020025197_10Q.txt,94250,471017
gpt2,0001750735_000175073522000080_10Q.txt,36957,150837
gpt2,0001752836_000119312520276926_DEF14A.txt,12604,55304
gpt2,0001754170_000110465922054647_DEF14A.txt,33646,151026
gpt2,0001754170_000155837022003554_8K.txt,894,3490
gpt2,0001759509_000175950924000128_10Q.txt,89360,455457
gpt2,0001760717_000176071721000047_10Q.txt,19962,85423
gpt2,0001766400_000176640020000040_DEF14A.txt,22610,107331
gpt2,0001766478_000176647823000132_10Q.txt,42287,180846
gpt2,0001768224_000119380520000886_8K.txt,1495,6176
gpt2,0001773056_000110465919029913_8K.txt,1143,3879
gpt2,0001777319_000149315224020688_10Q.txt,19968,79692
gpt2,0001785347_000005193122000985_DEF14A.txt,21447,81935
gpt2,0001796022_000179602223000011_10Q.txt,55899,263680
gpt2,0001799332_000149315224044300_10Q.txt,33756,143831
gpt2,0001805521_000121390022012549_8K.txt,1830,7295
gpt2,0001806952_000162828024020467_10Q.txt,62227,330603
gpt2,0001808805_000180880524000033_DEF14A.txt,41160,197977
gpt2,0001812923_000119312523020783_DEF14A.txt,23420,107120
gpt2,0001818844_000155837024009327_8K.txt,1082,3949
gpt2,0001823466_000119312523105713_DEF14A.txt,38096,172288
gpt2,0001823826_000121390022065652_DEF14A.txt,30239,142791
gpt2,0001828723_000182872323000128_10Q.txt,43391,195299
gpt2,0001829328_000121390022047088_10Q.txt,23054,102512
gpt2,0001835256_000183525624000031_10Q.txt,32404,149234
gpt2,0001836833_000183683323000107_8K.txt,954,3751
gpt2,0001842916_000121390023018885_8K.txt,2653,10096
gpt2,0001844419_000110465921082615_10Q.txt,15527,73113
gpt2,0001852244_000110465921132441_8K.txt,909,3280
gpt2,0001866226_000121390024025131_8K.txt,2032,8265
gpt2,0001874875_000149315223040328_10Q.txt,23118,93961
gpt2,0001937993_000121390024051803_DEF14A.txt,53597,252421
gpt2,0002000178_000119312524139480_8K.txt,1254,5147
cl100k,0000003499_000000349924000015_10Q.txt,13990,59541
cl100k,0000006885_000000688517000113_DEF14A.txt,76044,380855
cl100k,0000006955_000000695522000035_DEF14A.txt,46147,223188
cl100k,0000012927_000119312518085720_DEF14A.txt,51670,245815
cl100k,0000014195_000001419519000034_8K.txt,2119,10046
cl100k,0000016040_000156459022003902_10Q.txt,18254,90633
cl100k,0000021665_000002166517000012_10Q.txt,30086,140348
cl100k,0000025895_000143774923007161_8K.txt,2117,9591
cl100k,0000029905_000002990520000035_10Q.txt,34883,152047
cl100k,0000030697_000119312523081491_8K.txt,1111,4729
cl100k,0000032621_000119312516747167_DEF14A.txt,16811,78582
cl100k,0000033619_000119312515416055_DEF14A.txt,44831,213876
cl100k,0000044402_000113322824000295_DEF14A.txt,13580,58538
cl100k,0000045012_000004501224000061_8K.txt,1243,5409
cl100k,0000050471_000165495417009541_DEF14A.txt,19718,88953
cl100k,0000051143_000155837019008923_8K.txt,1415,5297
cl100k,0000063090_000174177324003913_DEF14A.txt,100056,281113
cl100k,0000064996_000006499621000010_DEF14A.txt,16453,83393
cl100k,0000065596_000135448815003888_10Q.txt,11208,47831
cl100k,0000069891_000143774918016143_DEF14A.txt,13021,65235
cl100k,0000070318_000007031821000035_8K.txt,818,3331
cl100k,0000070866_000119312522279265_8K.txt,1230,5413
cl100k,0000071829_000007182918000159_8K.txt,1248,5379
cl100k,0000072331_000119312521014249_DEF14A.txt,85524,409299
cl100k,0000072573_000095014215000651_8K.txt,574,2214
cl100k,0000072903_000007290322000027_10Q.txt,32148,143629
cl100k,0000073020_000173399822000037_8K.txt,1265,5253
cl100k,0000073124_000007312419000197_10Q.txt,57586,236660
cl100k,0000075208_000114420416097387_DEF14A.txt,35686,167918
cl100k,0000081020_000132616018000094_8K.txt,921,3667
cl100k,0000082811_000114036122009921_DEF14A.txt,51090,240875
cl100k,0000092108_000119312516422850_8K.txt,4057,20590
cl100k,0000094344_000114420418038883_8K.txt,751,2853
cl100k,0000095029_000117494716002292_DEF14A.txt,27701,127019
cl100k,0000096021_000119312516445231_8K.txt,1214,5324
cl100k,0000100517_000110465918035733_8K.txt,1637,6867
cl100k,0000101984_000010198417000012_DEF14A.txt,31568,154836
cl100k,0000102752_000010275219000057_10Q.txt,19328,88306
cl100k,0000105744_000121465924006148_8K.txt,871,3497
cl100k,0000106532_000141057823002272_10Q.txt,12765,52637
cl100k,0000109177_000010917717000059_DEF14A.txt,36114,169817
cl100k,0000278165_000149315223009387_8K.txt,745,2739
cl100k,0000315256_000007274116000075_10Q.txt,46235,195825
cl100k,0000316709_000119312516523055_DEF14A.txt,41006,185988
cl100k,0000318306_000114420417019907_DEF14A.txt,18418,85279
cl100k,0000318833_000031883324000054_10Q.txt,24566,102667
cl100k,0000319654_000119312517252285_10Q.txt,10315,44842
cl100k,0000319655_000119312520040303_8K.txt,921,3634
cl100k,0000702513_000143774918018477_8K.txt,719,3008
cl100k,0000704532_000156459018007515_DEF14A.txt,31679,152696
cl100k,0000704562_000168316819002729_DEF14A.txt,39059,181856
cl100k,0000706863_000070686321000122_8K.txt,990,4001
cl100k,0000709364_000094937720000282_DEF14A.txt,21560,89914
cl100k,0000710752_000119312516579326_8K.txt,686,2570
cl100k,0000714310_000071431018000109_DEF14A.txt,43490,200977
cl100k,0000719413_000119312522102288_DEF14A.txt,63796,294636
cl100k,0000719413_000143774920000256_8K.txt,1035,4446
cl100k,0000726958_000072695817000086_DEF14A.txt,31412,151811
cl100k,0000727207_000162828023029348_10Q.txt,42930,192782
cl100k,0000729986_000119312515372134_8K.txt,2511,12043
cl100k,0000731766_000073176616000081_10Q.txt,20086,86706
cl100k,0000732712_000073271221000054_10Q.txt,46775,215994
cl100k,0000745308_000119312521109513_DEF14A.txt,23506,115043
cl100k,0000749251_000074925119000015_10Q.txt,34400,155901
cl100k,0000749660_000119380523000855_8K.txt,1087,4002
cl100k,0000751364_000075136419000096_10Q.txt,21069,90673
cl100k,0000752642_000149315217006745_8K.txt,1046,3841
cl100k,0000764065_000076406524000092_DEF14A.txt,53857,249519
cl100k,0000774569_000156459019030505_10Q.txt,34360,148027
cl100k,0000789933_000078993319000020_DEF14A.txt,57422,280468
cl100k,0000792935_000190359623000646_10Q.txt,29064,121662
cl100k,0000795212_000114036121019437_DEF14A.txt,19982,97611
cl100k,0000796764_000117184319003270_8K.txt,2050,8478
cl100k,0000798354_000119312522064509_8K.txt,810,3151
cl100k,0000801337_000080133721000013_8K.txt,1013,4337
cl100k,0000803578_000143774923015463_10Q.txt,16861,76817
cl100k,0000807884_000119312515123559_DEF14A.txt,61717,288136
cl100k,0000809821_000120677415000358_DEF14A.txt,54169,198634
cl100k,0000810509_000143774921012043_10Q.txt,33986,161999
cl100k,0000812011_000081201121000013_10Q.txt,40756,180637
cl100k,0000812796_000121390015003198_DEF14A.txt,33360,153449
cl100k,0000814453_000081445321000120_10Q.txt,31429,147331
cl100k,0000815065_000119312515275839_8K.txt,731,2882
cl100k,0000817473_000081747316000135_8K.txt,623,2547
cl100k,0000818850_000125889715001418_DEF14A.txt,30300,133793
cl100k,0000825313_000082531320000030_10Q.txt,10129,48200
cl100k,0000827187_000082718718000037_8K.txt,968,4401
cl100k,0000830271_000119312520180768_DEF14A.txt,26552,117140
cl100k,0000831547_000119312523138882_8K.txt,841,3382
cl100k,0000832480_000083248016000039_DEF14A.txt,15093,72560
cl100k,0000832489_000143774918007919_DEF14A.txt,21678,103095
cl100k,0000834071_000095010318007517_8K.txt,643,2473
cl100k,0000834071_000156459017022556_10Q.txt,31282,151565
cl100k,0000842633_000114036122011873_DEF14A.txt,43424,202951
cl100k,0000845379_000119312518330245_DEF14A.txt,14644,71045
cl100k,0000845877_000084587717000124_10Q.txt,68746,290375
cl100k,0000847464_000114420415009643_10Q.txt,14779,59059
cl100k,0000852254_000174177323001593_DEF14A.txt,1866,5852
cl100k,0000860543_000147793219002815_10Q.txt,11641,54622
cl100k,0000860546_000086054619000014_10Q.txt,31428,140731
cl100k,0000860748_000086074816000201_10Q.txt,44397,194230
cl100k,0000861838_000155837017008228_10Q.txt,20812,100443
cl100k,0000869531_000149315223035704_10Q.txt,11422,45892
cl100k,0000874501_000087450120000064_DEF14A.txt,77077,376083
cl100k,0000874766_000087476620000022_DEF14A.txt,79191,384765
cl100k,0000876378_000156459018011929_10Q.txt,31084,150908
cl100k,0000877860_000087786019000104_8K.txt,708,2798
cl100k,0000884614_000088461422000017_8K.txt,649,2664
cl100k,0000884905_000088490517000072_10Q.txt,24282,107790
cl100k,0000884940_000119312517275632_10Q.txt,10450,43916
cl100k,0000886136_000110465920047200_DEF14A.txt,69280,339019
cl100k,0000887596_000104746919002380_DEF14A.txt,78997,375023
cl100k,0000887596_000110465921046345_8K.txt,2979,12528
cl100k,0000888981_000107997323000803_DEF14A.txt,18167,82705
cl100k,0000890447_000162828015004311_10Q.txt,50245,225424
cl100k,0000891024_000119312521344459_8K.txt,721,2868
cl100k,0000893691_000089369117000017_DEF14A.txt,38512,181192
cl100k,0000894242_000119312518185711_DEF14A.txt,37519,163957
cl100k,0000895051_000155837022013418_10Q.txt,23469,106039
cl100k,0000895456_000089545619000025_10Q.txt,11952,54618
cl100k,0000898173_000089817315000123_10Q.txt,18051,83070
cl100k,0000901243_000119312524155180_DEF14A.txt,42342,183685
cl100k,0000908315_000090831518000011_DEF14A.txt,15785,73128
cl100k,0000912615_000119312515116103_DEF14A.txt,36140,176449
cl100k,0000914025_000091402516000076_DEF14A.txt,49408,239869
cl100k,0000919013_000162828015008948_10Q.txt,28960,143624
cl100k,0000919893_000091989322000006_DEF14A.txt,19962,94475
cl100k,0000920148_000119312519305378_8K.txt,939,3833
cl100k,0000921113_000110465915021755_8K.txt,1378,5629
cl100k,0000923139_000155837021010235_10Q.txt,37876,150193
cl100k,0000924168_000092416822000088_10Q.txt,35744,162536
cl100k,0000925741_000143774917018927_10Q.txt,16623,83174
cl100k,0000926282_000119312517108241_DEF14A.txt,34321,162326
cl100k,0000926761_000089710116002443_DEF14A.txt,48030,231244
cl100k,0000928658_000100888618000029_DEF14A.txt,37306,182434
cl100k,0000930245_000147237518000106_10Q.txt,8145,36370
cl100k,0000930828_000093082815000016_DEF14A.txt,22514,108637
cl100k,0000931148_000119312519085857_DEF14A.txt,28868,138033
cl100k,0000931584_000143774923030379_10Q.txt,15229,66281
cl100k,0000932699_000093269916000113_DEF14A.txt,29914,140972
cl100k,0000932781_000155278124000238_8K.txt,1604,7235
cl100k,0000935494_000093549416000043_8K.txt,587,2378
cl100k,0000937556_000093755620000102_8K.txt,1110,4905
cl100k,0000939767_000093976724000002_8K.txt,1768,7697
cl100k,0000944075_000094407515000015_DEF14A.txt,23743,109147
cl100k,0000944148_000156459020035333_10Q.txt,25032,111060
cl100k,0000945394_000110465920072085_8K.txt,1839,7816
cl100k,0000945908_000119312524141589_DEF14A.txt,73393,282786
cl100k,0001001258_000143774917002016_10Q.txt,37137,171098
cl100k,0001004155_000100415516000202_10Q.txt,30906,150890
cl100k,0001005229_000100522920000298_10Q.txt,29182,132520
cl100k,0001006424_000143774915008102_DEF14A.txt,18728,90025
cl100k,0001008848_000119312522311593_8K.txt,1618,7783
cl100k,0001010086_000114036120009995_DEF14A.txt,34250,168340
cl100k,0001013237_000101323722000165_DEF14A.txt,68179,334995
cl100k,0001018164_000101816422000016_10Q.txt,20954,93301
cl100k,0001018840_000119312517139441_DEF14A.txt,147033,706182
cl100k,0001021270_000119312516475765_8K.txt,600,2299
cl100k,0001022671_000114420418057915_10Q.txt,22285,92099
cl100k,0001025362_000127956917000219_8K.txt,715,2888
cl100k,0001025953_000102595315000075_10Q.txt,26439,128277
cl100k,0001031093_000107997323000270_DEF14A.txt,25747,118449
cl100k,0001035983_000110465918072540_8K.txt,801,3378
cl100k,0001036848_000121390024001900_8K.txt,1770,7639
cl100k,0001038773_000114420416093063_DEF14A.txt,31620,148048
cl100k,0001041368_000093905720000286_DEF14A.txt,21844,105005
cl100k,0001043000_000119312515174249_10Q.txt,20169,92736
cl100k,0001043337_000114420418024834_10Q.txt,23214,105250
cl100k,0001043509_000162828019002872_DEF14A.txt,66434,324834
cl100k,0001043961_000114420418045172_10Q.txt,30156,134797
cl100k,0001044378_000119312522136763_DEF14A.txt,60339,286835
cl100k,0001045610_000119312516687616_8K.txt,1297,4801
cl100k,0001047304_000119312524236025_DEF14A.txt,24576,106030
cl100k,0001047884_000115752318000450_8K.txt,980,3913
cl100k,0001053691_000143774920019730_8K.txt,1045,4726
cl100k,0001063344_000106334422000097_8K.txt,2923,13460
cl100k,0001065059_000106505916000055_8K.txt,798,3215
cl100k,0001065087_000114420417025705_8K.txt,590,2353
cl100k,0001066194_000155837015001836_DEF14A.txt,15082,72260
cl100k,0001070154_000107015416000042_8K.txt,704,2894
cl100k,0001070789_000149315216011467_8K.txt,1438,6276
cl100k,0001070985_000119312517054571_8K.txt,848,3295
cl100k,0001073429_000162828019013749_8K.txt,824,3445
cl100k,0001080319_000101738621000437_8K.txt,806,3237
cl100k,0001080340_000114420416105001_DEF14A.txt,12345,55956
cl100k,0001083301_000108330124000048_8K.txt,1517,7254
cl100k,0001083848_000168316820002899_10Q.txt,16073,70329
cl100k,0001084048_000107261316000732_DEF14A.txt,26051,123083
cl100k,0001084580_000108458021000013_10Q.txt,67090,306543
cl100k,0001086222_000119312517107762_DEF14A.txt,62537,296786
cl100k,0001087786_000119312519272523_DEF14A.txt,25111,113379
cl100k,0001092699_000119312518116942_DEF14A.txt,30907,144188
cl100k,0001096752_000109675221000015_8K.txt,1666,7045
cl100k,0001096752_000119312519318456_DEF14A.txt,77433,365623
cl100k,0001101215_000110121515000015_8K.txt,714,2990
cl100k,0001104462_000144586615000957_10Q.txt,10319,52187
cl100k,0001106838_000149315224020551_8K.txt,2450,10170
cl100k,0001108524_000119312521280079_8K.txt,868,3585
cl100k,0001109189_000110918920000154_10Q.txt,38066,170193
cl100k,0001122304_000112230417000035_8K.txt,1078,4410
cl100k,0001123316_000119312518093017_8K.txt,2288,9877
cl100k,0001124796_000112479620000123_10Q.txt,37139,188374
cl100k,0001124941_000119312522010023_DEF14A.txt,41775,201508
cl100k,0001126741_000155837016003096_10Q.txt,29357,144997
cl100k,0001127703_000170639720000007_10Q.txt,72738,348069
cl100k,0001127993_000107878217000755_10Q.txt,8377,39577
cl100k,0001128928_000156459021029068_10Q.txt,35852,162900
cl100k,0001130144_000114420417003451_8K.txt,642,2507
cl100k,0001135971_000162828018013229_8K.txt,2034,8021
cl100k,0001136893_000119312521111542_DEF14A.txt,50397,237232
cl100k,0001140215_000149315223039082_DEF14A.txt,21787,99201
cl100k,0001141103_000115752315000380_8K.txt,581,2134
cl100k,0001141688_000114420415065272_10Q.txt,26081,105118
cl100k,0001142596_000119312520050815_8K.txt,791,3163
cl100k,0001156388_000119312524118390_DEF14A.txt,33058,161076
cl100k,0001157602_000104746915003551_DEF14A.txt,26253,121691
cl100k,0001158324_000104746919001306_DEF14A.txt,57146,270890
cl100k,0001158463_000115846320000046_8K.txt,2285,11286
cl100k,0001162461_000143774917012435_8K.txt,942,3888
cl100k,0001163792_000119312516549975_DEF14A.txt,16327,77274
cl100k,0001164255_000116425516000086_10Q.txt,25340,117186
cl100k,0001167419_000114036123022069_DEF14A.txt,60821,290795
cl100k,0001172631_000149315216009608_10Q.txt,16743,75225
cl100k,0001173489_000143774924011641_DEF14A.txt,40899,198463
cl100k,0001173514_000117351417000029_DEF14A.txt,41367,191789
cl100k,0001178670_000117867020000007_10Q.txt,60789,312023
cl100k,0001179060_000110465917039998_8K.txt,859,3411
cl100k,0001181504_000119312523269340_DEF14A.txt,45363,197861
cl100k,0001183765_000117184323003314_8K.txt,877,3615
cl100k,0001191334_000071758820000010_10Q.txt,5111,23812
cl100k,0001195933_000119312516536426_DEF14A.txt,31752,145679
cl100k,0001230276_000123027616000071_DEF14A.txt,39594,188728
cl100k,0001232582_000123258218000040_8K.txt,914,3783
cl100k,0001260968_000117184317002385_8K.txt,795,3103
cl100k,0001261166_000089843222000514_DEF14A.txt,25471,116013
cl100k,0001267902_000119312519100307_DEF14A.txt,14905,70411
cl100k,0001269026_000149315220013086_DEF14A.txt,74110,361446
cl100k,0001270073_000114420416116416_8K.txt,685,2698
cl100k,0001273636_000156459016012450_10Q.txt,17888,90238
cl100k,0001274494_000162828021008263_10Q.txt,34032,158455
cl100k,0001274644_000127464416000150_10Q.txt,16051,75956
cl100k,0001275158_000127515823000033_DEF14A.txt,57424,277895
cl100k,0001277250_000165495422000137_8K.txt,1126,4620
cl100k,0001283450_000106823823000159_8K.txt,1468,6290
cl100k,0001288992_000094039419000062_DEF14A.txt,20440,97673
cl100k,0001289340_000149315224032047_10Q.txt,24386,114563
cl100k,0001301611_000115752315003579_8K.txt,593,2165
cl100k,0001302946_000130294616000163_10Q.txt,16502,73000
cl100k,0001304161_000165495418002767_10Q.txt,15425,68018
cl100k,0001304730_000149315219007426_10Q.txt,10302,44757
cl100k,0001308161_000156459018001566_10Q.txt,33648,164482
cl100k,0001308208_000156459021022564_8K.txt,1368,5452
cl100k,0001310383_000114420416133357_10Q.txt,24329,102027
cl100k,0001321732_000132173219000051_DEF14A.txt,32903,161720
cl100k,0001325740_000156459019032182_10Q.txt,24438,111633
cl100k,0001326706_000121390020008758_8K.txt,829,3228
cl100k,0001326771_000132677115000030_10Q.txt,43143,184949
cl100k,0001328792_000110465923087252_DEF14A.txt,17672,85216
cl100k,0001331451_000133145122000131_8K.txt,2105,9943
cl100k,0001331754_000133175424000184_8K.txt,1735,7926
cl100k,0001335105_000149315218015470_10Q.txt,29914,136827
cl100k,0001341235_000119312524104862_DEF14A.txt,27628,128545
cl100k,0001345126_000119312521065640_8K.txt,1327,5901
cl100k,0001346980_000114036120011770_DEF14A.txt,40116,186272
cl100k,0001352010_000119312519114962_DEF14A.txt,39038,185414
cl100k,0001365916_000136591624000008_8K.txt,4640,21526
cl100k,0001370450_000104746915003622_DEF14A.txt,27350,127655
cl100k,0001371489_000155837017008718_10Q.txt,16297,78599
cl100k,0001372020_000095017023000932_8K.txt,1170,5195
cl100k,0001372514_000110465921058990_DEF14A.txt,43519,212202
cl100k,0001378992_000137899221000026_8K.txt,842,3436
cl100k,0001379895_000110465917049338_8K.txt,2069,9840
cl100k,0001383701_000156459022019887_10Q.txt,61933,321244
cl100k,0001384905_000138490523000022_8K.txt,819,3360
cl100k,0001386278_000138627820000037_8K.txt,670,2731
cl100k,0001386570_000141588915003666_10Q.txt,15990,68044
cl100k,0001389050_000138905015000027_10Q.txt,55585,255697
cl100k,0001389123_000121390019023198_10Q.txt,90161,345795
cl100k,0001391127_000139112717000077_DEF14A.txt,38422,184026
cl100k,0001391933_000092708923000048_DEF14A.txt,26831,129434
cl100k,0001393781_000166357722000646_10Q.txt,10333,44269
cl100k,0001395937_000156459020019694_DEF14A.txt,30566,146655
cl100k,0001398805_000168316821005511_10Q.txt,19471,85397
cl100k,0001408198_000140819824000131_10Q.txt,34154,142548
cl100k,0001410098_000165495419002232_8K.txt,979,3754
cl100k,0001412665_000141266519000098_8K.txt,732,2947
cl100k,0001417926_000149315222032023_10Q.txt,25694,113927
cl100k,0001419951_000173112221000904_10Q.txt,20698,92064
cl100k,0001424657_000121390022028643_8K.txt,983,3915
cl100k,0001424768_000149315218011317_10Q.txt,14352,60245
cl100k,0001425287_000121390024029590_DEF14A.txt,163801,814673
cl100k,0001434621_000114036124022344_DEF14A.txt,44515,206861
cl100k,0001437491_000121390018010010_8K.txt,820,3311
cl100k,0001437557_000114420417020563_8K.txt,1717,7355
cl100k,0001441816_000144181624000111_10Q.txt,54745,288279
cl100k,0001444307_000149315220007458_DEF14A.txt,39207,182638
cl100k,0001448705_000107997324000032_8K.txt,782,3085
cl100k,0001448893_000144889322000085_10Q.txt,42645,182963
cl100k,0001450148_000110465915086678_DEF14A.txt,15797,75733
cl100k,0001453593_000114420417059058_8K.txt,1027,4110
cl100k,0001459417_000145941719000003_10Q.txt,24211,116121
cl100k,0001464343_000143774924012068_DEF14A.txt,20300,98134
cl100k,0001465470_000149315224032357_10Q.txt,34499,152234
cl100k,0001467154_000146715421000071_8K.txt,1964,8519
cl100k,0001474432_000119312518156087_DEF14A.txt,36287,168238
cl100k,0001477815_000162828023025985_10Q.txt,28778,130521
cl100k,0001485003_000148500321000063_DEF14A.txt,52912,256223
cl100k,0001486298_000139834423005413_DEF14A.txt,14961,66056
cl100k,0001490892_000104746919001737_DEF14A.txt,38859,182110
cl100k,0001490978_000149097824000089_10Q.txt,82104,430931
cl100k,0001491487_000114420416121942_8K.txt,1335,5416
cl100k,0001493594_000149359423000076_8K.txt,745,3039
cl100k,0001493761_000119312515161026_DEF14A.txt,29261,137972
cl100k,0001495320_000149532022000046_10Q.txt,29078,127954
cl100k,0001496099_000115752317001482_8K.txt,773,2882
cl100k,0001496264_000148251219000073_10Q.txt,39948,170623
cl100k,0001500375_000092708918000367_DEF14A.txt,16261,77806
cl100k,0001501103_000139834420001718_DEF14A.txt,11511,52694
cl100k,0001501697_000119312518186853_8K.txt,766,2977
cl100k,0001502292_000150229218000055_10Q.txt,25694,107812
cl100k,0001502756_000155837018004089_10Q.txt,45283,198520
cl100k,0001504545_000119312521062991_DEF14A.txt,16731,76576
cl100k,0001512228_000161577417000360_10Q.txt,17390,77156
cl100k,0001514705_000151470523000008_10Q.txt,18400,81968
cl100k,0001520697_000119312521092741_DEF14A.txt,69116,329122
cl100k,0001521332_000119312517306532_DEF14A.txt,5473,24612
cl100k,0001522767_000149315221020437_DEF14A.txt,21230,100679
cl100k,0001527675_000121390019003898_8K.txt,1084,4562
cl100k,0001532961_000143774915009815_8K.txt,647,2566
cl100k,0001533758_000153375818000021_10Q.txt,49811,229734
cl100k,0001534133_000095017023021775_10Q.txt,77128,417529
cl100k,0001537140_000158064221004327_DEF14A.txt,13198,62308
cl100k,0001541119_000154111922000046_10Q.txt,36941,152427
cl100k,0001541401_000119312516544964_DEF14A.txt,51275,244321
cl100k,0001543623_000126246315000360_10Q.txt,15421,72224
cl100k,0001543637_000154812316000595_10Q.txt,9338,44672
cl100k,0001548717_000119312523060850_DEF14A.txt,16257,70323
cl100k,0001549631_000149315222005175_8K.txt,1106,4463
cl100k,0001553023_000155302321000082_10Q.txt,42072,185348
cl100k,0001553197_000005193118001014_DEF14A.txt,750,3111
cl100k,0001555177_000162828015006244_10Q.txt,20999,94222
cl100k,0001562594_000114420415068834_8K.txt,1386,6197
cl100k,0001564824_000156459020047119_8K.txt,753,3032
cl100k,0001566469_000119312521140679_DEF14A.txt,29378,137060
cl100k,0001566469_000156646922000060_8K.txt,1705,7732
cl100k,0001566561_000164033416002116_8K.txt,625,2451
cl100k,0001566610_000149315224043700_10Q.txt,27755,127284
cl100k,0001566912_000156691221000031_8K.txt,782,3154
cl100k,0001569994_000156999418000047_8K.txt,7186,34969
cl100k,0001571371_000119312515370154_8K.txt,1215,5404
cl100k,0001571776_000114036124036413_10Q.txt,52958,238274
cl100k,0001571934_000110465921024659_8K.txt,803,3195
cl100k,0001572552_000114036115015107_8K.txt,1348,6399
cl100k,0001573166_000110465916141676_8K.txt,3253,14526
cl100k,0001573698_000094039417000105_DEF14A.txt,23880,114992
cl100k,0001575515_000119312515289234_8K.txt,850,3573
cl100k,0001576914_000162828023019649_8K.txt,742,3080
cl100k,0001584207_000104746915003877_DEF14A.txt,40294,186570
cl100k,0001585149_000114420415073427_8K.txt,1139,4791
cl100k,0001585149_000149315223019595_10Q.txt,7312,35083
cl100k,0001589061_000143774917011815_8K.txt,1354,5681
cl100k,0001592706_000119312515195199_8K.txt,3396,15671
cl100k,0001595527_000110465920035832_DEF14A.txt,24859,121255
cl100k,0001598646_000119312520269392_8K.txt,1493,6579
cl100k,0001600132_000110465923114775_DEF14A.txt,30876,156183
cl100k,0001602409_000143774916039687_10Q.txt,7688,36667
cl100k,0001605331_000166357722000272_8K.txt,1170,5070
cl100k,0001607281_000160728115000013_10Q.txt,5372,24436
cl100k,0001616000_000161600024000035_DEF14A.txt,49607,238645
cl100k,0001621443_000110465919010499_8K.txt,706,2822
cl100k,0001622879_000168316821003724_10Q.txt,28490,119901
cl100k,0001623715_000095017022023883_10Q.txt,66651,357844
cl100k,0001625278_000162527823000094_10Q.txt,17679,75017
cl100k,0001631650_000156459019041020_8K.txt,874,3526
cl100k,0001632275_000126246320000275_10Q.txt,9266,38328
cl100k,0001633858_000110465920076307_8K.txt,638,2397
cl100k,0001635088_000114036124007260_10Q.txt,104877,541745
cl100k,0001635881_000163588119000078_8K.txt,829,3480
cl100k,0001635984_000163598423000013_DEF14A.txt,43613,194610
cl100k,0001636282_000156459019012157_DEF14A.txt,23299,109373
cl100k,0001636519_000119312516712342_8K.txt,1700,7798
cl100k,0001641489_000156459020051377_10Q.txt,27144,129826
cl100k,0001643953_000121390019000641_8K.txt,1831,7677
cl100k,0001650132_000119312517156665_8K.txt,760,2886
cl100k,0001651944_000114420418008036_10Q.txt,15911,75589
cl100k,0001651987_000149315217013065_10Q.txt,23923,100589
cl100k,0001655075_000119312522240118_8K.txt,1081,4767
cl100k,0001656839_000153949715002106_8K.txt,4867,20303
cl100k,0001657788_000155837017008705_10Q.txt,26289,123368
cl100k,0001657803_000149315217004884_10Q.txt,4951,21976
cl100k,0001662524_000166252418000009_10Q.txt,48567,242386
cl100k,0001668397_000156459019038396_10Q.txt,21486,97059
cl100k,0001669779_000104746918002341_DEF14A.txt,43439,201679
cl100k,0001671013_000155837016006917_10Q.txt,49206,214037
cl100k,0001671584_000119312520071893_8K.txt,1055,4206
cl100k,0001672882_000102143216001439_10Q.txt,5817,26983
cl100k,0001674440_000149315222007138_10Q.txt,29048,126228
cl100k,0001674910_000119312517370707_DEF14A.txt,61229,288369
cl100k,0001675149_000119312519079568_DEF14A.txt,62864,295038
cl100k,0001680379_000110465923066341_8K.txt,1282,5688
cl100k,0001687065_000107997321000392_10Q.txt,8344,36746
cl100k,0001687229_000168722919000044_10Q.txt,49732,216304
cl100k,0001691507_000156459020025482_10Q.txt,23185,104869
cl100k,0001697500_000114036122012578_DEF14A.txt,20300,95936
cl100k,0001699838_000119312524258535_8K.txt,828,3383
cl100k,0001702916_000159991618000031_10Q.txt,4852,21004
cl100k,0001707502_000119312522125475_DEF14A.txt,41396,196270
cl100k,0001707753_000170775320000032_10Q.txt,58799,298769
cl100k,0001708035_000114036121011255_DEF14A.txt,38196,175999
cl100k,0001710583_000119312522125136_DEF14A.txt,126812,608847
cl100k,0001711279_000119312518124863_DEF14A.txt,17499,82875
cl100k,0001716621_000156459020054367_8K.txt,1684,7519
cl100k,0001718644_000160706219000142_8K.txt,859,3316
cl100k,0001720725_000119312521129303_DEF14A.txt,30741,143175
cl100k,0001725057_000095017024049078_8K.txt,1422,5460
cl100k,0001725134_000162828023038668_8K.txt,1497,6772
cl100k,0001735184_000119312521103969_DEF14A.txt,23375,114090
cl100k,0001743881_000156459020025197_10Q.txt,90500,471017
cl100k,0001750735_000175073522000080_10Q.txt,37863,150837
cl100k,0001752836_000119312520276926_DEF14A.txt,12008,55304
cl100k,0001754170_000110465922054647_DEF14A.txt,31927,151026
cl100k,0001754170_000155837022003554_8K.txt,853,3490
cl100k,0001759509_000175950924000128_10Q.txt,88486,455457
cl100k,0001760717_000176071721000047_10Q.txt,20117,85423
cl100k,0001766400_000176640020000040_DEF14A.txt,21986,107331
cl100k,0001766478_000176647823000132_10Q.txt,42148,180846
cl100k,0001768224_000119380520000886_8K.txt,1385,6176
cl100k,0001773056_000110465919029913_8K.txt,1030,3879
cl100k,0001777319_000149315224020688_10Q.txt,18722,79692
cl100k,0001785347_000005193122000985_DEF14A.txt,19311,81935
cl100k,0001796022_000179602223000011_10Q.txt,55832,263680
cl100k,0001799332_000149315224044300_10Q.txt,31794,143831
cl100k,0001805521_000121390022012549_8K.txt,1661,7295
cl100k,0001806952_000162828024020467_10Q.txt,61129,330603
cl100k,0001808805_000180880524000033_DEF14A.txt,40681,197977
cl100k,0001812923_000119312523020783_DEF14A.txt,22053,107120
cl100k,0001818844_000155837024009327_8K.txt,1027,3949
cl100k,0001823466_000119312523105713_DEF14A.txt,36076,172288
cl100k,0001823826_000121390022065652_DEF14A.txt,28543,142791
cl100k,0001828723_000182872323000128_10Q.txt,43543,195299
cl100k,0001829328_000121390022047088_10Q.txt,21963,102512
cl100k,0001835256_000183525624000031_10Q.txt,32427,149234
cl100k,0001836833_000183683323000107_8K.txt,906,3751
cl100k,0001842916_000121390023018885_8K.txt,2356,10096
cl100k,0001844419_000110465921082615_10Q.txt,14855,73113
cl100k,0001852244_000110465921132441_8K.txt,819,3280
cl100k,0001866226_000121390024025131_8K.txt,1835,8265
cl100k,0001874875_000149315223040328_10Q.txt,21940,93961
cl100k,0001937993_000121390024051803_DEF14A.txt,51695,252421
cl100k,0002000178_000119312524139480_8K.txt,1187,5147
o200k,0000003499_000000349924000015_10Q.txt,13873,59541
o200k,0000006885_000000688517000113_DEF14A.txt,75603,380855
o200k,0000006955_000000695522000035_DEF14A.txt,45722,223188
o200k,0000012927_000119312518085720_DEF14A.txt,51232,245815
o200k,0000014195_000001419519000034_8K.txt,2094,10046
o200k,0000016040_000156459022003902_10Q.txt,18087,90633
o200k,0000021665_000002166517000012_10Q.txt,29882,140348
o200k,0000025895_000143774923007161_8K.txt,2099,9591
o200k,0000029905_000002990520000035_10Q.txt,34576,152047
o200k,0000030697_000119312523081491_8K.txt,1104,4729
o200k,0000032621_000119312516747167_DEF14A.txt,16687,78582
o200k,0000033619_000119312515416055_DEF14A.txt,44593,213876
o200k,0000044402_000113322824000295_DEF14A.txt,13388,58538
o200k,0000045012_000004501224000061_8K.txt,1238,5409
o200k,0000050471_000165495417009541_DEF14A.txt,19579,88953
o200k,0000051143_000155837019008923_8K.txt,1414,5297
o200k,0000063090_000174177324003913_DEF14A.txt,97709,281113
o200k,0000064996_000006499621000010_DEF14A.txt,16329,83393
o200k,0000065596_000135448815003888_10Q.txt,11116,47831
o200k,0000069891_000143774918016143_DEF14A.txt,12904,65235
o200k,0000070318_000007031821000035_8K.txt,810,3331
o200k,0000070866_000119312522279265_8K.txt,1225,5413
o200k,0000071829_000007182918000159_8K.txt,1232,5379
o200k,0000072331_000119312521014249_DEF14A.txt,84439,409299
o200k,0000072573_000095014215000651_8K.txt,574,2214
o200k,0000072903_000007290322000027_10Q.txt,31763,143629
o200k,0000073020_000173399822000037_8K.txt,1251,5253
o200k,0000073124_000007312419000197_10Q.txt,57175,236660
o200k,0000075208_000114420416097387_DEF14A.txt,35432,167918
o200k,0000081020_000132616018000094_8K.txt,915,3667
o200k,0000082811_000114036122009921_DEF14A.txt,50645,240875
o200k,0000092108_000119312516422850_8K.txt,4045,20590
o200k,0000094344_000114420418038883_8K.txt,744,2853
o200k,0000095029_000117494716002292_DEF14A.txt,27431,127019
o200k,0000096021_000119312516445231_8K.txt,1209,5324
o200k,0000100517_000110465918035733_8K.txt,1634,6867
o200k,0000101984_000010198417000012_DEF14A.txt,31341,154836
o200k,0000102752_000010275219000057_10Q.txt,19245,88306
o200k,0000105744_000121465924006148_8K.txt,868,3497
o200k,0000106532_000141057823002272_10Q.txt,12671,52637
o200k,0000109177_000010917717000059_DEF14A.txt,35989,169817
o200k,0000278165_000149315223009387_8K.txt,737,2739
o200k,0000315256_000007274116000075_10Q.txt,45964,195825
o200k,0000316709_000119312516523055_DEF14A.txt,40711,185988
o200k,0000318306_000114420417019907_DEF14A.txt,18356,85279
o200k,0000318833_000031883324000054_10Q.txt,24430,102667
o200k,0000319654_000119312517252285_10Q.txt,10234,44842
o200k,0000319655_000119312520040303_8K.txt,912,3634
o200k,0000702513_000143774918018477_8K.txt,716,3008
o200k,0000704532_000156459018007515_DEF14A.txt,31684,152696
o200k,0000704562_000168316819002729_DEF14A.txt,38814,181856
o200k,0000706863_000070686321000122_8K.txt,983,4001
o200k,0000709364_000094937720000282_DEF14A.txt,21171,89914
o200k,0000710752_000119312516579326_8K.txt,678,2570
o200k,0000714310_000071431018000109_DEF14A.txt,43369,200977
o200k,0000719413_000119312522102288_DEF14A.txt,63311,294636
o200k,0000719413_000143774920000256_8K.txt,1027,4446
o200k,0000726958_000072695817000086_DEF14A.txt,31230,151811
o200k,0000727207_000162828023029348_10Q.txt,42603,192782
o200k,0000729986_000119312515372134_8K.txt,2492,12043
o200k,0000731766_000073176616000081_10Q.txt,19919,86706
o200k,0000732712_000073271221000054_10Q.txt,46540,215994
o200k,0000745308_000119312521109513_DEF14A.txt,23387,115043
o200k,0000749251_000074925119000015_10Q.txt,34156,155901
o200k,0000749660_000119380523000855_8K.txt,1081,4002
o200k,0000751364_000075136419000096_10Q.txt,20907,90673
o200k,0000752642_000149315217006745_8K.txt,1038,3841
o200k,0000764065_000076406524000092_DEF14A.txt,53608,249519
o200k,0000774569_000156459019030505_10Q.txt,34206,148027
o200k,0000789933_000078993319000020_DEF14A.txt,56888,280468
o200k,0000792935_000190359623000646_10Q.txt,28909,121662
o200k,0000795212_000114036121019437_DEF14A.txt,19775,97611
o200k,0000796764_000117184319003270_8K.txt,2032,8478
o200k,0000798354_000119312522064509_8K.txt,804,3151
o200k,0000801337_000080133721000013_8K.txt,1009,4337
o200k,0000803578_000143774923015463_10Q.txt,16769,76817
o200k,0000807884_000119312515123559_DEF14A.txt,61021,288136
o200k,0000809821_000120677415000358_DEF14A.txt,53336,198634
o200k,0000810509_000143774921012043_10Q.txt,33619,161999
o200k,0000812011_000081201121000013_10Q.txt,40340,180637
o200k,0000812796_000121390015003198_DEF14A.txt,33098,153449
o200k,0000814453_000081445321000120_10Q.txt,31177,147331
o200k,0000815065_000119312515275839_8K.txt,727,2882
o200k,0000817473_000081747316000135_8K.txt,622,2547
o200k,0000818850_000125889715001418_DEF14A.txt,29647,133793
o200k,0000825313_000082531320000030_10Q.txt,10061,48200
o200k,0000827187_000082718718000037_8K.txt,959,4401
o200k,0000830271_000119312520180768_DEF14A.txt,26123,117140
o200k,0000831547_000119312523138882_8K.txt,836,3382
o200k,0000832480_000083248016000039_DEF14A.txt,14957,72560
o200k,0000832489_000143774918007919_DEF14A.txt,21609,103095
o200k,0000834071_000095010318007517_8K.txt,637,2473
o200k,0000834071_000156459017022556_10Q.txt,31013,151565
o200k,0000842633_000114036122011873_DEF14A.txt,42990,202951
o200k,0000845379_000119312518330245_DEF14A.txt,14520,71045
o200k,0000845877_000084587717000124_10Q.txt,68420,290375
o200k,0000847464_000114420415009643_10Q.txt,14653,59059
o200k,0000852254_000174177323001593_DEF14A.txt,1891,5852
o200k,0000860543_000147793219002815_10Q.txt,11590,54622
o200k,0000860546_000086054619000014_10Q.txt,31113,140731
o200k,0000860748_000086074816000201_10Q.txt,44163,194230
o200k,0000861838_000155837017008228_10Q.txt,20658,100443
o200k,0000869531_000149315223035704_10Q.txt,11363,45892
o200k,0000874501_000087450120000064_DEF14A.txt,76587,376083
o200k,0000874766_000087476620000022_DEF14A.txt,78540,384765
o200k,0000876378_000156459018011929_10Q.txt,30860,150908
o200k,0000877860_000087786019000104_8K.txt,702,2798
o200k,0000884614_000088461422000017_8K.txt,642,2664
o200k,0000884905_000088490517000072_10Q.txt,24117,107790
o200k,0000884940_000119312517275632_10Q.txt,10388,43916
o200k,0000886136_000110465920047200_DEF14A.txt,68944,339019
o200k,0000887596_000104746919002380_DEF14A.txt,78193,375023
o200k,0000887596_000110465921046345_8K.txt,2905,12528
o200k,0000888981_000107997323000803_DEF14A.txt,18086,82705
o200k,0000890447_000162828015004311_10Q.txt,49883,225424
o200k,0000891024_000119312521344459_8K.txt,720,2868
o200k,0000893691_000089369117000017_DEF14A.txt,38202,181192
o200k,0000894242_000119312518185711_DEF14A.txt,37172,163957
o200k,0000895051_000155837022013418_10Q.txt,23199,106039
o200k,0000895456_000089545619000025_10Q.txt,11856,54618
o200k,0000898173_000089817315000123_10Q.txt,17919,83070
o200k,0000901243_000119312524155180_DEF14A.txt,41912,183685
o200k,0000908315_000090831518000011_DEF14A.txt,15766,73128
o200k,0000912615_000119312515116103_DEF14A.txt,35847,176449
o200k,0000914025_000091402516000076_DEF14A.txt,49037,239869
o200k,0000919013_000162828015008948_10Q.txt,28814,143624
o200k,0000919893_000091989322000006_DEF14A.txt,19734,94475
o200k,0000920148_000119312519305378_8K.txt,936,3833
o200k,0000921113_000110465915021755_8K.txt,1356,5629
o200k,0000923139_000155837021010235_10Q.txt,37572,150193
o200k,0000924168_000092416822000088_10Q.txt,35558,162536
o200k,0000925741_000143774917018927_10Q.txt,16496,83174
o200k,0000926282_000119312517108241_DEF14A.txt,34125,162326
o200k,0000926761_000089710116002443_DEF14A.txt,47617,231244
o200k,0000928658_000100888618000029_DEF14A.txt,37111,182434
o200k,0000930245_000147237518000106_10Q.txt,8075,36370
o200k,0000930828_000093082815000016_DEF14A.txt,22266,108637
o200k,0000931148_000119312519085857_DEF14A.txt,28543,138033
o200k,0000931584_000143774923030379_10Q.txt,15129,66281
o200k,0000932699_000093269916000113_DEF14A.txt,29677,140972
o200k,0000932781_000155278124000238_8K.txt,1598,7235
o200k,0000935494_000093549416000043_8K.txt,585,2378
o200k,0000937556_000093755620000102_8K.txt,1105,4905
o200k,0000939767_000093976724000002_8K.txt,1772,7697
o200k,0000944075_000094407515000015_DEF14A.txt,23490,109147
o200k,0000944148_000156459020035333_10Q.txt,24940,111060
o200k,0000945394_000110465920072085_8K.txt,1831,7816
o200k,0000945908_000119312524141589_DEF14A.txt,72401,282786
o200k,0001001258_000143774917002016_10Q.txt,36843,171098
o200k,0001004155_000100415516000202_10Q.txt,30679,150890
o200k,0001005229_000100522920000298_10Q.txt,28987,132520
o200k,0001006424_000143774915008102_DEF14A.txt,18655,90025
o200k,0001008848_000119312522311593_8K.txt,1608,7783
o200k,0001010086_000114036120009995_DEF14A.txt,34019,168340
o200k,0001013237_000101323722000165_DEF14A.txt,67951,334995
o200k,0001018164_000101816422000016_10Q.txt,20825,93301
o200k,0001018840_000119312517139441_DEF14A.txt,145773,706182
o200k,0001021270_000119312516475765_8K.txt,599,2299
o200k,0001022671_000114420418057915_10Q.txt,22152,92099
o200k,0001025362_000127956917000219_8K.txt,708,2888
o200k,0001025953_000102595315000075_10Q.txt,26186,128277
o200k,0001031093_000107997323000270_DEF14A.txt,25615,118449
o200k,0001035983_000110465918072540_8K.txt,803,3378
o200k,0001036848_000121390024001900_8K.txt,1765,7639
o200k,0001038773_000114420416093063_DEF14A.txt,31501,148048
o200k,0001041368_000093905720000286_DEF14A.txt,21734,105005
o200k,0001043000_000119312515174249_10Q.txt,20074,92736
o200k,0001043337_000114420418024834_10Q.txt,23074,105250
o200k,0001043509_000162828019002872_DEF14A.txt,66028,324834
o200k,0001043961_000114420418045172_10Q.txt,29963,134797
o200k,0001044378_000119312522136763_DEF14A.txt,59896,286835
o200k,0001045610_000119312516687616_8K.txt,1278,4801
o200k,0001047304_000119312524236025_DEF14A.txt,24215,106030
o200k,0001047884_000115752318000450_8K.txt,972,3913
o200k,0001053691_000143774920019730_8K.txt,1044,4726
o200k,0001063344_000106334422000097_8K.txt,2880,13460
o200k,0001065059_000106505916000055_8K.txt,800,3215
o200k,0001065087_000114420417025705_8K.txt,591,2353
o200k,0001066194_000155837015001836_DEF14A.txt,15027,72260
o200k,0001070154_000107015416000042_8K.txt,700,2894
o200k,0001070789_000149315216011467_8K.txt,1406,6276
o200k,0001070985_000119312517054571_8K.txt,842,3295
o200k,0001073429_000162828019013749_8K.txt,817,3445
o200k,0001080319_000101738621000437_8K.txt,800,3237
o200k,0001080340_000114420416105001_DEF14A.txt,12281,55956
o200k,0001083301_000108330124000048_8K.txt,1512,7254
o200k,0001083848_000168316820002899_10Q.txt,15983,70329
o200k,0001084048_000107261316000732_DEF14A.txt,25885,123083
o200k,0001084580_000108458021000013_10Q.txt,66459,306543
o200k,0001086222_000119312517107762_DEF14A.txt,61861,296786
o200k,0001087786_000119312519272523_DEF14A.txt,24741,113379
o200k,0001092699_000119312518116942_DEF14A.txt,30599,144188
o200k,0001096752_000109675221000015_8K.txt,1624,7045
o200k,0001096752_000119312519318456_DEF14A.txt,76410,365623
o200k,0001101215_000110121515000015_8K.txt,712,2990
o200k,0001104462_000144586615000957_10Q.txt,10257,52187
o200k,0001106838_000149315224020551_8K.txt,2413,10170
o200k,0001108524_000119312521280079_8K.txt,866,3585
o200k,0001109189_000110918920000154_10Q.txt,37845,170193
o200k,0001122304_000112230417000035_8K.txt,1067,4410
o200k,0001123316_000119312518093017_8K.txt,2267,9877
o200k,0001124796_000112479620000123_10Q.txt,37011,188374
o200k,0001124941_000119312522010023_DEF14A.txt,41434,201508
o200k,0001126741_000155837016003096_10Q.txt,29116,144997
o200k,0001127703_000170639720000007_10Q.txt,72090,348069
o200k,0001127993_000107878217000755_10Q.txt,8320,39577
o200k,0001128928_000156459021029068_10Q.txt,35554,162900
o200k,0001130144_000114420417003451_8K.txt,638,2507
o200k,0001135971_000162828018013229_8K.txt,2035,8021
o200k,0001136893_000119312521111542_DEF14A.txt,50004,237232
o200k,0001140215_000149315223039082_DEF14A.txt,21626,99201
o200k,0001141103_000115752315000380_8K.txt,572,2134
o200k,0001141688_000114420415065272_10Q.txt,25888,105118
o200k,0001142596_000119312520050815_8K.txt,790,3163
o200k,0001156388_000119312524118390_DEF14A.txt,32677,161076
o200k,0001157602_000104746915003551_DEF14A.txt,26051,121691
o200k,0001158324_000104746919001306_DEF14A.txt,56537,270890
o200k,0001158463_000115846320000046_8K.txt,2271,11286
o200k,0001162461_000143774917012435_8K.txt,932,3888
o200k,0001163792_000119312516549975_DEF14A.txt,16131,77274
o200k,0001164255_000116425516000086_10Q.txt,25173,117186
o200k,0001167419_000114036123022069_DEF14A.txt,60410,290795
o200k,0001172631_000149315216009608_10Q.txt,16631,75225
o200k,0001173489_000143774924011641_DEF14A.txt,40698,198463
o200k,0001173514_000117351417000029_DEF14A.txt,41038,191789
o200k,0001178670_000117867020000007_10Q.txt,60294,312023
o200k,0001179060_000110465917039998_8K.txt,853,3411
o200k,0001181504_000119312523269340_DEF14A.txt,44634,197861
o200k,0001183765_000117184323003314_8K.txt,872,3615
o200k,0001191334_000071758820000010_10Q.txt,5076,23812
o200k,0001195933_000119312516536426_DEF14A.txt,31786,145679
o200k,0001230276_000123027616000071_DEF14A.txt,39318,188728
o200k,0001232582_000123258218000040_8K.txt,905,3783
o200k,0001260968_000117184317002385_8K.txt,790,3103
o200k,0001261166_000089843222000514_DEF14A.txt,25409,116013
o200k,0001267902_000119312519100307_DEF14A.txt,14765,70411
o200k,0001269026_000149315220013086_DEF14A.txt,73803,361446
o200k,0001270073_000114420416116416_8K.txt,682,2698
o200k,0001273636_000156459016012450_10Q.txt,17777,90238
o200k,0001274494_000162828021008263_10Q.txt,33860,158455
o200k,0001274644_000127464416000150_10Q.txt,15910,75956
o200k,0001275158_000127515823000033_DEF14A.txt,56977,277895
o200k,0001277250_000165495422000137_8K.txt,1115,4620
o200k,0001283450_000106823823000159_8K.txt,1443,6290
o200k,0001288992_000094039419000062_DEF14A.txt,20314,97673
o200k,0001289340_000149315224032047_10Q.txt,24246,114563
o200k,0001301611_000115752315003579_8K.txt,586,2165
o200k,0001302946_000130294616000163_10Q.txt,16413,73000
o200k,0001304161_000165495418002767_10Q.txt,15296,68018
o200k,0001304730_000149315219007426_10Q.txt,10198,44757
o200k,0001308161_000156459018001566_10Q.txt,33425,164482
o200k,0001308208_000156459021022564_8K.txt,1361,5452
o200k,0001310383_000114420416133357_10Q.txt,24210,102027
o200k,0001321732_000132173219000051_DEF14A.txt,32696,161720
o200k,0001325740_000156459019032182_10Q.txt,24239,111633
o200k,0001326706_000121390020008758_8K.txt,825,3228
o200k,0001326771_000132677115000030_10Q.txt,42686,184949
o200k,0001328792_000110465923087252_DEF14A.txt,17500,85216
o200k,0001331451_000133145122000131_8K.txt,2093,9943
o200k,0001331754_000133175424000184_8K.txt,1720,7926
o200k,0001335105_000149315218015470_10Q.txt,29732,136827
o200k,0001341235_000119312524104862_DEF14A.txt,27457,128545
o200k,0001345126_000119312521065640_8K.txt,1318,5901
o200k,0001346980_000114036120011770_DEF14A.txt,39702,186272
o200k,0001352010_000119312519114962_DEF14A.txt,38770,185414
o200k,0001365916_000136591624000008_8K.txt,4582,21526
o200k,0001370450_000104746915003622_DEF14A.txt,27121,127655
o200k,0001371489_000155837017008718_10Q.txt,16206,78599
o200k,0001372020_000095017023000932_8K.txt,1171,5195
o200k,0001372514_000110465921058990_DEF14A.txt,43260,212202
o200k,0001378992_000137899221000026_8K.txt,840,3436
o200k,0001379895_000110465917049338_8K.txt,2026,9840
o200k,0001383701_000156459022019887_10Q.txt,61314,321244
o200k,0001384905_000138490523000022_8K.txt,817,3360
o200k,0001386278_000138627820000037_8K.txt,667,2731
o200k,0001386570_000141588915003666_10Q.txt,15868,68044
o200k,0001389050_000138905015000027_10Q.txt,55339,255697
o200k,0001389123_000121390019023198_10Q.txt,89595,345795
o200k,0001391127_000139112717000077_DEF14A.txt,38272,184026
o200k,0001391933_000092708923000048_DEF14A.txt,26602,129434
o200k,0001393781_000166357722000646_10Q.txt,10261,44269
o200k,0001395937_000156459020019694_DEF14A.txt,30322,146655
o200k,0001398805_000168316821005511_10Q.txt,19399,85397
o200k,0001408198_000140819824000131_10Q.txt,33764,142548
o200k,0001410098_000165495419002232_8K.txt,969,3754
o200k,0001412665_000141266519000098_8K.txt,728,2947
o200k,0001417926_000149315222032023_10Q.txt,25452,113927
o200k,0001419951_000173112221000904_10Q.txt,20601,92064
o200k,0001424657_000121390022028643_8K.txt,969,3915
o200k,0001424768_000149315218011317_10Q.txt,14258,60245
o200k,0001425287_000121390024029590_DEF14A.txt,162286,814673
o200k,0001434621_000114036124022344_DEF14A.txt,44057,206861
o200k,0001437491_000121390018010010_8K.txt,813,3311
o200k,0001437557_000114420417020563_8K.txt,1712,7355
o200k,0001441816_000144181624000111_10Q.txt,54654,288279
o200k,0001444307_000149315220007458_DEF14A.txt,38935,182638
o200k,0001448705_000107997324000032_8K.txt,768,3085
o200k,0001448893_000144889322000085_10Q.txt,42384,182963
o200k,0001450148_000110465915086678_DEF14A.txt,15579,75733
o200k,0001453593_000114420417059058_8K.txt,1019,4110
o200k,0001459417_000145941719000003_10Q.txt,24098,116121
o200k,0001464343_000143774924012068_DEF14A.txt,20213,98134
o200k,0001465470_000149315224032357_10Q.txt,34345,152234
o200k,0001467154_000146715421000071_8K.txt,1951,8519
o200k,0001474432_000119312518156087_DEF14A.txt,36112,168238
o200k,0001477815_000162828023025985_10Q.txt,28581,130521
o200k,0001485003_000148500321000063_DEF14A.txt,52610,256223
o200k,0001486298_000139834423005413_DEF14A.txt,14712,66056
o200k,0001490892_000104746919001737_DEF14A.txt,38617,182110
o200k,0001490978_000149097824000089_10Q.txt,81727,430931
o200k,0001491487_000114420416121942_8K.txt,1312,5416
o200k,0001493594_000149359423000076_8K.txt,741,3039
o200k,0001493761_000119312515161026_DEF14A.txt,29172,137972
o200k,0001495320_000149532022000046_10Q.txt,28760,127954
o200k,0001496099_000115752317001482_8K.txt,771,2882
o200k,0001496264_000148251219000073_10Q.txt,39647,170623
o200k,0001500375_000092708918000367_DEF14A.txt,16180,77806
o200k,0001501103_000139834420001718_DEF14A.txt,11315,52694
o200k,0001501697_000119312518186853_8K.txt,763,2977
o200k,0001502292_000150229218000055_10Q.txt,25583,107812
o200k,0001502756_000155837018004089_10Q.txt,44967,198520
o200k,0001504545_000119312521062991_DEF14A.txt,16611,76576
o200k,0001512228_000161577417000360_10Q.txt,17239,77156
o200k,0001514705_000151470523000008_10Q.txt,18136,81968
o200k,0001520697_000119312521092741_DEF14A.txt,68421,329122
o200k,0001521332_000119312517306532_DEF14A.txt,5361,24612
o200k,0001522767_000149315221020437_DEF14A.txt,21122,100679
o200k,0001527675_000121390019003898_8K.txt,1077,4562
o200k,0001532961_000143774915009815_8K.txt,642,2566
o200k,0001533758_000153375818000021_10Q.txt,49570,229734
o200k,0001534133_000095017023021775_10Q.txt,76727,417529
o200k,0001537140_000158064221004327_DEF14A.txt,13005,62308
o200k,0001541119_000154111922000046_10Q.txt,36688,152427
o200k,0001541401_000119312516544964_DEF14A.txt,51126,244321
o200k,0001543623_000126246315000360_10Q.txt,15358,72224
o200k,0001543637_000154812316000595_10Q.txt,9268,44672
o200k,0001548717_000119312523060850_DEF14A.txt,16088,70323
o200k,0001549631_000149315222005175_8K.txt,1097,4463
o200k,0001553023_000155302321000082_10Q.txt,41900,185348
o200k,0001553197_000005193118001014_DEF14A.txt,737,3111
o200k,0001555177_000162828015006244_10Q.txt,20835,94222
o200k,0001562594_000114420415068834_8K.txt,1378,6197
o200k,0001564824_000156459020047119_8K.txt,749,3032
o200k,0001566469_000119312521140679_DEF14A.txt,29038,137060
o200k,0001566469_000156646922000060_8K.txt,1701,7732
o200k,0001566561_000164033416002116_8K.txt,624,2451
o200k,0001566610_000149315224043700_10Q.txt,27521,127284
o200k,0001566912_000156691221000031_8K.txt,784,3154
o200k,0001569994_000156999418000047_8K.txt,7147,34969
o200k,0001571371_000119312515370154_8K.txt,1204,5404
o200k,0001571776_000114036124036413_10Q.txt,52782,238274
o200k,0001571934_000110465921024659_8K.txt,799,3195
o200k,0001572552_000114036115015107_8K.txt,1340,6399
o200k,0001573166_000110465916141676_8K.txt,3209,14526
o200k,0001573698_000094039417000105_DEF14A.txt,23696,114992
o200k,0001575515_000119312515289234_8K.txt,847,3573
o200k,0001576914_000162828023019649_8K.txt,737,3080
o200k,0001584207_000104746915003877_DEF14A.txt,39926,186570
o200k,0001585149_000114420415073427_8K.txt,1119,4791
o200k,0001585149_000149315223019595_10Q.txt,7266,35083
o200k,0001589061_000143774917011815_8K.txt,1339,5681
o200k,0001592706_000119312515195199_8K.txt,3340,15671
o200k,0001595527_000110465920035832_DEF14A.txt,24568,121255
o200k,0001598646_000119312520269392_8K.txt,1484,6579
o200k,0001600132_000110465923114775_DEF14A.txt,30663,156183
o200k,0001602409_000143774916039687_10Q.txt,7643,36667
o200k,0001605331_000166357722000272_8K.txt,1153,5070
o200k,0001607281_000160728115000013_10Q.txt,5321,24436
o200k,0001616000_000161600024000035_DEF14A.txt,49204,238645
o200k,0001621443_000110465919010499_8K.txt,695,2822
o200k,0001622879_000168316821003724_10Q.txt,28299,119901
o200k,0001623715_000095017022023883_10Q.txt,66308,357844
o200k,0001625278_000162527823000094_10Q.txt,17528,75017
o200k,0001631650_000156459019041020_8K.txt,869,3526
o200k,0001632275_000126246320000275_10Q.txt,9168,38328
o200k,0001633858_000110465920076307_8K.txt,631,2397
o200k,0001635088_000114036124007260_10Q.txt,104228,541745
o200k,0001635881_000163588119000078_8K.txt,827,3480
o200k,0001635984_000163598423000013_DEF14A.txt,43250,194610
o200k,0001636282_000156459019012157_DEF14A.txt,23106,109373
o200k,0001636519_000119312516712342_8K.txt,1694,7798
o200k,0001641489_000156459020051377_10Q.txt,26972,129826
o200k,0001643953_000121390019000641_8K.txt,1817,7677
o200k,0001650132_000119312517156665_8K.txt,751,2886
o200k,0001651944_000114420418008036_10Q.txt,15793,75589
o200k,0001651987_000149315217013065_10Q.txt,23732,100589
o200k,0001655075_000119312522240118_8K.txt,1067,4767
o200k,0001656839_000153949715002106_8K.txt,4792,20303
o200k,0001657788_000155837017008705_10Q.txt,26168,123368
o200k,0001657803_000149315217004884_10Q.txt,4910,21976
o200k,0001662524_000166252418000009_10Q.txt,48176,242386
o200k,0001668397_000156459019038396_10Q.txt,21357,97059
o200k,0001669779_000104746918002341_DEF14A.txt,43091,201679
o200k,0001671013_000155837016006917_10Q.txt,48838,214037
o200k,0001671584_000119312520071893_8K.txt,1050,4206
o200k,0001672882_000102143216001439_10Q.txt,5766,26983
o200k,0001674440_000149315222007138_10Q.txt,28860,126228
o200k,0001674910_000119312517370707_DEF14A.txt,60753,288369
o200k,0001675149_000119312519079568_DEF14A.txt,61624,295038
o200k,0001680379_000110465923066341_8K.txt,1276,5688
o200k,0001687065_000107997321000392_10Q.txt,8260,36746
o200k,0001687229_000168722919000044_10Q.txt,49262,216304
o200k,0001691507_000156459020025482_10Q.txt,23037,104869
o200k,0001697500_000114036122012578_DEF14A.txt,20135,95936
o200k,0001699838_000119312524258535_8K.txt,818,3383
o200k,0001702916_000159991618000031_10Q.txt,4799,21004
o200k,0001707502_000119312522125475_DEF14A.txt,41184,196270
o200k,0001707753_000170775320000032_10Q.txt,58559,298769
o200k,0001708035_000114036121011255_DEF14A.txt,37870,175999
o200k,0001710583_000119312522125136_DEF14A.txt,125923,608847
o200k,0001711279_000119312518124863_DEF14A.txt,17400,82875
o200k,0001716621_000156459020054367_8K.txt,1685,7519
o200k,0001718644_000160706219000142_8K.txt,851,3316
o200k,0001720725_000119312521129303_DEF14A.txt,30414,143175
o200k,0001725057_000095017024049078_8K.txt,1411,5460
o200k,0001725134_000162828023038668_8K.txt,1465,6772
o200k,0001735184_000119312521103969_DEF14A.txt,23175,114090
o200k,0001743881_000156459020025197_10Q.txt,89931,471017
o200k,0001750735_000175073522000080_10Q.txt,37523,150837
o200k,0001752836_000119312520276926_DEF14A.txt,11962,55304
o200k,0001754170_000110465922054647_DEF14A.txt,31623,151026
o200k,0001754170_000155837022003554_8K.txt,848,3490
o200k,0001759509_000175950924000128_10Q.txt,88022,455457
o200k,0001760717_000176071721000047_10Q.txt,20038,85423
o200k,0001766400_000176640020000040_DEF14A.txt,21836,107331
o200k,0001766478_000176647823000132_10Q.txt,41712,180846
o200k,0001768224_000119380520000886_8K.txt,1379,6176
o200k,0001773056_000110465919029913_8K.txt,1007,3879
o200k,0001777319_000149315224020688_10Q.txt,18623,79692
o200k,0001785347_000005193122000985_DEF14A.txt,19112,81935
o200k,0001796022_000179602223000011_10Q.txt,55578,263680
o200k,0001799332_000149315224044300_10Q.txt,31607,143831
o200k,0001805521_000121390022012549_8K.txt,1640,7295
o200k,0001806952_000162828024020467_10Q.txt,60864,330603
o200k,0001808805_000180880524000033_DEF14A.txt,40378,197977
o200k,0001812923_000119312523020783_DEF14A.txt,21869,107120
o200k,0001818844_000155837024009327_8K.txt,1021,3949
o200k,0001823466_000119312523105713_DEF14A.txt,35825,172288
o200k,0001823826_000121390022065652_DEF14A.txt,28382,142791
o200k,0001828723_000182872323000128_10Q.txt,43273,195299
o200k,0001829328_000121390022047088_10Q.txt,21812,102512
o200k,0001835256_000183525624000031_10Q.txt,32081,149234
o200k,0001836833_000183683323000107_8K.txt,904,3751
o200k,0001842916_000121390023018885_8K.txt,2355,10096
o200k,0001844419_000110465921082615_10Q.txt,14757,73113
o200k,0001852244_000110465921132441_8K.txt,816,3280
o200k,0001866226_000121390024025131_8K.txt,1820,8265
o200k,0001874875_000149315223040328_10Q.txt,21800,93961
o200k,0001937993_000121390024051803_DEF14A.txt,51395,252421
o200k,0002000178_000119312524139480_8K.txt,1172,5147
qwen3,0000003499_000000349924000015_10Q.txt,16063,59541
qwen3,0000006885_000000688517000113_DEF14A.txt,80090,380855
qwen3,0000006955_000000695522000035_DEF14A.txt,50083,223188
qwen3,0000012927_000119312518085720_DEF14A.txt,55878,245815
qwen3,0000014195_000001419519000034_8K.txt,2246,10046
qwen3,0000016040_000156459022003902_10Q.txt,19278,90633
qwen3,0000021665_000002166517000012_10Q.txt,32732,140348
qwen3,0000025895_000143774923007161_8K.txt,2261,9591
qwen3,0000029905_000002990520000035_10Q.txt,40390,152047
qwen3,0000030697_000119312523081491_8K.txt,1204,4729
qwen3,0000032621_000119312516747167_DEF14A.txt,17629,78582
qwen3,0000033619_000119312515416055_DEF14A.txt,48739,213876
qwen3,0000044402_000113322824000295_DEF14A.txt,14512,58538
qwen3,0000045012_000004501224000061_8K.txt,1353,5409
qwen3,0000050471_000165495417009541_DEF14A.txt,21004,88953
qwen3,0000051143_000155837019008923_8K.txt,1626,5297
qwen3,0000063090_000174177324003913_DEF14A.txt,130339,281113
qwen3,0000064996_000006499621000010_DEF14A.txt,17575,83393
qwen3,0000065596_000135448815003888_10Q.txt,12767,47831
qwen3,0000069891_000143774918016143_DEF14A.txt,13660,65235
qwen3,0000070318_000007031821000035_8K.txt,915,3331
qwen3,0000070866_000119312522279265_8K.txt,1329,5413
qwen3,0000071829_000007182918000159_8K.txt,1364,5379
qwen3,0000072331_000119312521014249_DEF14A.txt,91007,409299
qwen3,0000072573_000095014215000651_8K.txt,652,2214
qwen3,0000072903_000007290322000027_10Q.txt,35105,143629
qwen3,0000073020_000173399822000037_8K.txt,1404,5253
qwen3,0000073124_000007312419000197_10Q.txt,64470,236660
qwen3,0000075208_000114420416097387_DEF14A.txt,38979,167918
qwen3,0000081020_000132616018000094_8K.txt,1078,3667
qwen3,0000082811_000114036122009921_DEF14A.txt,54844,240875
qwen3,0000092108_000119312516422850_8K.txt,4195,20590
qwen3,0000094344_000114420418038883_8K.txt,847,2853
qwen3,0000095029_000117494716002292_DEF14A.txt,30012,127019
qwen3,0000096021_000119312516445231_8K.txt,1325,5324
qwen3,0000100517_000110465918035733_8K.txt,1948,6867
qwen3,0000101984_000010198417000012_DEF14A.txt,34128,154836
qwen3,0000102752_000010275219000057_10Q.txt,21976,88306
qwen3,0000105744_000121465924006148_8K.txt,967,3497
qwen3,0000106532_000141057823002272_10Q.txt,14875,52637
qwen3,0000109177_000010917717000059_DEF14A.txt,38853,169817
qwen3,0000278165_000149315223009387_8K.txt,829,2739
qwen3,0000315256_000007274116000075_10Q.txt,52328,195825
qwen3,0000316709_000119312516523055_DEF14A.txt,45223,185988
qwen3,0000318306_000114420417019907_DEF14A.txt,19949,85279
qwen3,0000318833_000031883324000054_10Q.txt,28120,102667
qwen3,0000319654_000119312517252285_10Q.txt,11431,44842
qwen3,0000319655_000119312520040303_8K.txt,1027,3634
qwen3,0000702513_000143774918018477_8K.txt,819,3008
qwen3,0000704532_000156459018007515_DEF14A.txt,34283,152696
qwen3,0000704562_000168316819002729_DEF14A.txt,41483,181856
qwen3,0000706863_000070686321000122_8K.txt,1107,4001
qwen3,0000709364_000094937720000282_DEF14A.txt,23988,89914
qwen3,0000710752_000119312516579326_8K.txt,763,2570
qwen3,0000714310_000071431018000109_DEF14A.txt,47834,200977
qwen3,0000719413_000119312522102288_DEF14A.txt,69560,294636
qwen3,0000719413_000143774920000256_8K.txt,1134,4446
qwen3,0000726958_000072695817000086_DEF14A.txt,33586,151811
qwen3,0000727207_000162828023029348_10Q.txt,47188,192782
qwen3,0000729986_000119312515372134_8K.txt,2622,12043
qwen3,0000731766_000073176616000081_10Q.txt,22883,86706
qwen3,0000732712_000073271221000054_10Q.txt,52408,215994
qwen3,0000745308_000119312521109513_DEF14A.txt,24663,115043
qwen3,0000749251_000074925119000015_10Q.txt,39062,155901
qwen3,0000749660_000119380523000855_8K.txt,1244,4002
qwen3,0000751364_000075136419000096_10Q.txt,24509,90673
qwen3,0000752642_000149315217006745_8K.txt,1231,3841
qwen3,0000764065_000076406524000092_DEF14A.txt,59299,249519
qwen3,0000774569_000156459019030505_10Q.txt,39448,148027
qwen3,0000789933_000078993319000020_DEF14A.txt,60400,280468
qwen3,0000792935_000190359623000646_10Q.txt,33912,121662
qwen3,0000795212_000114036121019437_DEF14A.txt,21053,97611
qwen3,0000796764_000117184319003270_8K.txt,2282,8478
qwen3,0000798354_000119312522064509_8K.txt,911,3151
qwen3,0000801337_000080133721000013_8K.txt,1134,4337
qwen3,0000803578_000143774923015463_10Q.txt,19313,76817
qwen3,0000807884_000119312515123559_DEF14A.txt,66446,288136
qwen3,0000809821_000120677415000358_DEF14A.txt,63676,198634
qwen3,0000810509_000143774921012043_10Q.txt,37213,161999
qwen3,0000812011_000081201121000013_10Q.txt,46463,180637
qwen3,0000812796_000121390015003198_DEF14A.txt,35194,153449
qwen3,0000814453_000081445321000120_10Q.txt,34235,147331
qwen3,0000815065_000119312515275839_8K.txt,823,2882
qwen3,0000817473_000081747316000135_8K.txt,696,2547
qwen3,0000818850_000125889715001418_DEF14A.txt,32699,133793
qwen3,0000825313_000082531320000030_10Q.txt,10937,48200
qwen3,0000827187_000082718718000037_8K.txt,1059,4401
qwen3,0000830271_000119312520180768_DEF14A.txt,28777,117140
qwen3,0000831547_000119312523138882_8K.txt,929,3382
qwen3,0000832480_000083248016000039_DEF14A.txt,15979,72560
qwen3,0000832489_000143774918007919_DEF14A.txt,23216,103095
qwen3,0000834071_000095010318007517_8K.txt,715,2473
qwen3,0000834071_000156459017022556_10Q.txt,33953,151565
qwen3,0000842633_000114036122011873_DEF14A.txt,46671,202951
qwen3,0000845379_000119312518330245_DEF14A.txt,15142,71045
qwen3,0000845877_000084587717000124_10Q.txt,80766,290375
qwen3,0000847464_000114420415009643_10Q.txt,17575,59059
qwen3,0000852254_000174177323001593_DEF14A.txt,2519,5852
qwen3,0000860543_000147793219002815_10Q.txt,13089,54622
qwen3,0000860546_000086054619000014_10Q.txt,35852,140731
qwen3,0000860748_000086074816000201_10Q.txt,48433,194230
qwen3,0000861838_000155837017008228_10Q.txt,22485,100443
qwen3,0000869531_000149315223035704_10Q.txt,13737,45892
qwen3,0000874501_000087450120000064_DEF14A.txt,81431,376083
qwen3,0000874766_000087476620000022_DEF14A.txt,84797,384765
qwen3,0000876378_000156459018011929_10Q.txt,33365,150908
qwen3,0000877860_000087786019000104_8K.txt,794,2798
qwen3,0000884614_000088461422000017_8K.txt,720,2664
qwen3,0000884905_000088490517000072_10Q.txt,26841,107790
qwen3,0000884940_000119312517275632_10Q.txt,11924,43916
qwen3,0000886136_000110465920047200_DEF14A.txt,72560,339019
qwen3,0000887596_000104746919002380_DEF14A.txt,83208,375023
qwen3,0000887596_000110465921046345_8K.txt,3204,12528
qwen3,0000888981_000107997323000803_DEF14A.txt,19090,82705
qwen3,0000890447_000162828015004311_10Q.txt,56150,225424
qwen3,0000891024_000119312521344459_8K.txt,802,2868
qwen3,0000893691_000089369117000017_DEF14A.txt,41816,181192
qwen3,0000894242_000119312518185711_DEF14A.txt,41140,163957
qwen3,0000895051_000155837022013418_10Q.txt,25747,106039
qwen3,0000895456_000089545619000025_10Q.txt,13193,54618
qwen3,0000898173_000089817315000123_10Q.txt,19994,83070
qwen3,0000901243_000119312524155180_DEF14A.txt,46277,183685
qwen3,0000908315_000090831518000011_DEF14A.txt,17371,73128
qwen3,0000912615_000119312515116103_DEF14A.txt,38263,176449
qwen3,0000914025_000091402516000076_DEF14A.txt,53031,239869
qwen3,0000919013_000162828015008948_10Q.txt,31825,143624
qwen3,0000919893_000091989322000006_DEF14A.txt,20824,94475
qwen3,0000920148_000119312519305378_8K.txt,1060,3833
qwen3,0000921113_000110465915021755_8K.txt,1513,5629
qwen3,0000923139_000155837021010235_10Q.txt,45083,150193
qwen3,0000924168_000092416822000088_10Q.txt,39263,162536
qwen3,0000925741_000143774917018927_10Q.txt,17891,83174
qwen3,0000926282_000119312517108241_DEF14A.txt,37208,162326
qwen3,0000926761_000089710116002443_DEF14A.txt,49700,231244
qwen3,0000928658_000100888618000029_DEF14A.txt,40060,182434
qwen3,0000930245_000147237518000106_10Q.txt,8836,36370
qwen3,0000930828_000093082815000016_DEF14A.txt,23268,108637
qwen3,0000931148_000119312519085857_DEF14A.txt,30154,138033
qwen3,0000931584_000143774923030379_10Q.txt,17056,66281
qwen3,0000932699_000093269916000113_DEF14A.txt,31741,140972
qwen3,0000932781_000155278124000238_8K.txt,1702,7235
qwen3,0000935494_000093549416000043_8K.txt,664,2378
qwen3,0000937556_000093755620000102_8K.txt,1229,4905
qwen3,0000939767_000093976724000002_8K.txt,1933,7697
qwen3,0000944075_000094407515000015_DEF14A.txt,25507,109147
qwen3,0000944148_000156459020035333_10Q.txt,28549,111060
qwen3,0000945394_000110465920072085_8K.txt,2065,7816
qwen3,0000945908_000119312524141589_DEF14A.txt,85935,282786
qwen3,0001001258_000143774917002016_10Q.txt,41325,171098
qwen3,0001004155_000100415516000202_10Q.txt,33106,150890
qwen3,0001005229_000100522920000298_10Q.txt,33615,132520
qwen3,0001006424_000143774915008102_DEF14A.txt,19846,90025
qwen3,0001008848_000119312522311593_8K.txt,1708,7783
qwen3,0001010086_000114036120009995_DEF14A.txt,35922,168340
qwen3,0001013237_000101323722000165_DEF14A.txt,72189,334995
qwen3,0001018164_000101816422000016_10Q.txt,23739,93301
qwen3,0001018840_000119312517139441_DEF14A.txt,154399,706182
qwen3,0001021270_000119312516475765_8K.txt,678,2299
qwen3,0001022671_000114420418057915_10Q.txt,27407,92099
qwen3,0001025362_000127956917000219_8K.txt,792,2888
qwen3,0001025953_000102595315000075_10Q.txt,28481,128277
qwen3,0001031093_000107997323000270_DEF14A.txt,27425,118449
qwen3,0001035983_000110465918072540_8K.txt,899,3378
qwen3,0001036848_000121390024001900_8K.txt,1918,7639
qwen3,0001038773_000114420416093063_DEF14A.txt,32849,148048
qwen3,0001041368_000093905720000286_DEF14A.txt,23334,105005
qwen3,0001043000_000119312515174249_10Q.txt,21865,92736
qwen3,0001043337_000114420418024834_10Q.txt,25668,105250
qwen3,0001043509_000162828019002872_DEF14A.txt,70500,324834
qwen3,0001043961_000114420418045172_10Q.txt,32849,134797
qwen3,0001044378_000119312522136763_DEF14A.txt,63073,286835
qwen3,0001045610_000119312516687616_8K.txt,1458,4801
qwen3,0001047304_000119312524236025_DEF14A.txt,26387,106030
qwen3,0001047884_000115752318000450_8K.txt,1087,3913
qwen3,0001053691_000143774920019730_8K.txt,1138,4726
qwen3,0001063344_000106334422000097_8K.txt,3077,13460
qwen3,0001065059_000106505916000055_8K.txt,894,3215
qwen3,0001065087_000114420417025705_8K.txt,661,2353
qwen3,0001066194_000155837015001836_DEF14A.txt,16250,72260
qwen3,0001070154_000107015416000042_8K.txt,787,2894
qwen3,0001070789_000149315216011467_8K.txt,1539,6276
qwen3,0001070985_000119312517054571_8K.txt,933,3295
qwen3,0001073429_000162828019013749_8K.txt,914,3445
qwen3,0001080319_000101738621000437_8K.txt,881,3237
qwen3,0001080340_000114420416105001_DEF14A.txt,13002,55956
qwen3,0001083301_000108330124000048_8K.txt,1602,7254
qwen3,0001083848_000168316820002899_10Q.txt,17529,70329
qwen3,0001084048_000107261316000732_DEF14A.txt,28236,123083
qwen3,0001084580_000108458021000013_10Q.txt,74896,306543
qwen3,0001086222_000119312517107762_DEF14A.txt,66148,296786
qwen3,0001087786_000119312519272523_DEF14A.txt,26975,113379
qwen3,0001092699_000119312518116942_DEF14A.txt,33284,144188
qwen3,0001096752_000109675221000015_8K.txt,1803,7045
qwen3,0001096752_000119312519318456_DEF14A.txt,82334,365623
qwen3,0001101215_000110121515000015_8K.txt,789,2990
qwen3,0001104462_000144586615000957_10Q.txt,10975,52187
qwen3,0001106838_000149315224020551_8K.txt,2646,10170
qwen3,0001108524_000119312521280079_8K.txt,966,3585
qwen3,0001109189_000110918920000154_10Q.txt,43071,170193
qwen3,0001122304_000112230417000035_8K.txt,1198,4410
qwen3,0001123316_000119312518093017_8K.txt,2428,9877
qwen3,0001124796_000112479620000123_10Q.txt,39626,188374
qwen3,0001124941_000119312522010023_DEF14A.txt,44592,201508
qwen3,0001126741_000155837016003096_10Q.txt,31726,144997
qwen3,0001127703_000170639720000007_10Q.txt,79422,348069
qwen3,0001127993_000107878217000755_10Q.txt,9403,39577
qwen3,0001128928_000156459021029068_10Q.txt,39785,162900
qwen3,0001130144_000114420417003451_8K.txt,721,2507
qwen3,0001135971_000162828018013229_8K.txt,2349,8021
qwen3,0001136893_000119312521111542_DEF14A.txt,55032,237232
qwen3,0001140215_000149315223039082_DEF14A.txt,22997,99201
qwen3,0001141103_000115752315000380_8K.txt,649,2134
qwen3,0001141688_000114420415065272_10Q.txt,30201,105118
qwen3,0001142596_000119312520050815_8K.txt,885,3163
qwen3,0001156388_000119312524118390_DEF14A.txt,34955,161076
qwen3,0001157602_000104746915003551_DEF14A.txt,27959,121691
qwen3,0001158324_000104746919001306_DEF14A.txt,59985,270890
qwen3,0001158463_000115846320000046_8K.txt,2394,11286
qwen3,0001162461_000143774917012435_8K.txt,1049,3888
qwen3,0001163792_000119312516549975_DEF14A.txt,16916,77274
qwen3,0001164255_000116425516000086_10Q.txt,27949,117186
qwen3,0001167419_000114036123022069_DEF14A.txt,64625,290795
qwen3,0001172631_000149315216009608_10Q.txt,18210,75225
qwen3,0001173489_000143774924011641_DEF14A.txt,43894,198463
qwen3,0001173514_000117351417000029_DEF14A.txt,44607,191789
qwen3,0001178670_000117867020000007_10Q.txt,63760,312023
qwen3,0001179060_000110465917039998_8K.txt,963,3411
qwen3,0001181504_000119312523269340_DEF14A.txt,46894,197861
qwen3,0001183765_000117184323003314_8K.txt,981,3615
qwen3,0001191334_000071758820000010_10Q.txt,5394,23812
qwen3,0001195933_000119312516536426_DEF14A.txt,35000,145679
qwen3,0001230276_000123027616000071_DEF14A.txt,42565,188728
qwen3,0001232582_000123258218000040_8K.txt,1013,3783
qwen3,0001260968_000117184317002385_8K.txt,892,3103
qwen3,0001261166_000089843222000514_DEF14A.txt,27228,116013
qwen3,0001267902_000119312519100307_DEF14A.txt,15564,70411
qwen3,0001269026_000149315220013086_DEF14A.txt,75441,361446
qwen3,0001270073_000114420416116416_8K.txt,763,2698
qwen3,0001273636_000156459016012450_10Q.txt,19197,90238
qwen3,0001274494_000162828021008263_10Q.txt,38127,158455
qwen3,0001274644_000127464416000150_10Q.txt,17474,75956
qwen3,0001275158_000127515823000033_DEF14A.txt,61041,277895
qwen3,0001277250_000165495422000137_8K.txt,1270,4620
qwen3,0001283450_000106823823000159_8K.txt,1636,6290
qwen3,0001288992_000094039419000062_DEF14A.txt,21500,97673
qwen3,0001289340_000149315224032047_10Q.txt,26404,114563
qwen3,0001301611_000115752315003579_8K.txt,670,2165
qwen3,0001302946_000130294616000163_10Q.txt,18580,73000
qwen3,0001304161_000165495418002767_10Q.txt,16758,68018
qwen3,0001304730_000149315219007426_10Q.txt,11797,44757
qwen3,0001308161_000156459018001566_10Q.txt,36649,164482
qwen3,0001308208_000156459021022564_8K.txt,1600,5452
qwen3,0001310383_000114420416133357_10Q.txt,27862,102027
qwen3,0001321732_000132173219000051_DEF14A.txt,34626,161720
qwen3,0001325740_000156459019032182_10Q.txt,26546,111633
qwen3,0001326706_000121390020008758_8K.txt,919,3228
qwen3,0001326771_000132677115000030_10Q.txt,49736,184949
qwen3,0001328792_000110465923087252_DEF14A.txt,18589,85216
qwen3,0001331451_000133145122000131_8K.txt,2230,9943
qwen3,0001331754_000133175424000184_8K.txt,1860,7926
qwen3,0001335105_000149315218015470_10Q.txt,32936,136827
qwen3,0001341235_000119312524104862_DEF14A.txt,29477,128545
qwen3,0001345126_000119312521065640_8K.txt,1430,5901
qwen3,0001346980_000114036120011770_DEF14A.txt,42950,186272
qwen3,0001352010_000119312519114962_DEF14A.txt,41709,185414
qwen3,0001365916_000136591624000008_8K.txt,4843,21526
qwen3,0001370450_000104746915003622_DEF14A.txt,28982,127655
qwen3,0001371489_000155837017008718_10Q.txt,17785,78599
qwen3,0001372020_000095017023000932_8K.txt,1260,5195
qwen3,0001372514_000110465921058990_DEF14A.txt,45664,212202
qwen3,0001378992_000137899221000026_8K.txt,927,3436
qwen3,0001379895_000110465917049338_8K.txt,2173,9840
qwen3,0001383701_000156459022019887_10Q.txt,64646,321244
qwen3,0001384905_000138490523000022_8K.txt,909,3360
qwen3,0001386278_000138627820000037_8K.txt,748,2731
qwen3,0001386570_000141588915003666_10Q.txt,19021,68044
qwen3,0001389050_000138905015000027_10Q.txt,62833,255697
qwen3,0001389123_000121390019023198_10Q.txt,106946,345795
qwen3,0001391127_000139112717000077_DEF14A.txt,41936,184026
qwen3,0001391933_000092708923000048_DEF14A.txt,28204,129434
qwen3,0001393781_000166357722000646_10Q.txt,11850,44269
qwen3,0001395937_000156459020019694_DEF14A.txt,32398,146655
qwen3,0001398805_000168316821005511_10Q.txt,22260,85397
qwen3,0001408198_000140819824000131_10Q.txt,40233,142548
qwen3,0001410098_000165495419002232_8K.txt,1066,3754
qwen3,0001412665_000141266519000098_8K.txt,815,2947
qwen3,0001417926_000149315222032023_10Q.txt,28567,113927
qwen3,0001419951_000173112221000904_10Q.txt,23173,92064
qwen3,0001424657_000121390022028643_8K.txt,1081,3915
qwen3,0001424768_000149315218011317_10Q.txt,16642,60245
qwen3,0001425287_000121390024029590_DEF14A.txt,168162,814673
qwen3,0001434621_000114036124022344_DEF14A.txt,48493,206861
qwen3,0001437491_000121390018010010_8K.txt,905,3311
qwen3,0001437557_000114420417020563_8K.txt,1871,7355
qwen3,0001441816_000144181624000111_10Q.txt,57765,288279
qwen3,0001444307_000149315220007458_DEF14A.txt,41328,182638
qwen3,0001448705_000107997324000032_8K.txt,862,3085
qwen3,0001448893_000144889322000085_10Q.txt,49223,182963
qwen3,0001450148_000110465915086678_DEF14A.txt,16294,75733
qwen3,0001453593_000114420417059058_8K.txt,1127,4110
qwen3,0001459417_000145941719000003_10Q.txt,26490,116121
qwen3,0001464343_000143774924012068_DEF14A.txt,21686,98134
qwen3,0001465470_000149315224032357_10Q.txt,38672,152234
qwen3,0001467154_000146715421000071_8K.txt,2123,8519
qwen3,0001474432_000119312518156087_DEF14A.txt,39275,168238
qwen3,0001477815_000162828023025985_10Q.txt,32485,130521
qwen3,0001485003_000148500321000063_DEF14A.txt,55728,256223
qwen3,0001486298_000139834423005413_DEF14A.txt,15796,66056
qwen3,0001490892_000104746919001737_DEF14A.txt,41964,182110
qwen3,0001490978_000149097824000089_10Q.txt,87036,430931
qwen3,0001491487_000114420416121942_8K.txt,1442,5416
qwen3,0001493594_000149359423000076_8K.txt,833,3039
qwen3,0001493761_000119312515161026_DEF14A.txt,31140,137972
qwen3,0001495320_000149532022000046_10Q.txt,32321,127954
qwen3,0001496099_000115752317001482_8K.txt,869,2882
qwen3,0001496264_000148251219000073_10Q.txt,45847,170623
qwen3,0001500375_000092708918000367_DEF14A.txt,17519,77806
qwen3,0001501103_000139834420001718_DEF14A.txt,12124,52694
qwen3,0001501697_000119312518186853_8K.txt,889,2977
qwen3,0001502292_000150229218000055_10Q.txt,29612,107812
qwen3,0001502756_000155837018004089_10Q.txt,49599,198520
qwen3,0001504545_000119312521062991_DEF14A.txt,17637,76576
qwen3,0001512228_000161577417000360_10Q.txt,18869,77156
qwen3,0001514705_000151470523000008_10Q.txt,19600,81968
qwen3,0001520697_000119312521092741_DEF14A.txt,73535,329122
qwen3,0001521332_000119312517306532_DEF14A.txt,5708,24612
qwen3,0001522767_000149315221020437_DEF14A.txt,22334,100679
qwen3,0001527675_000121390019003898_8K.txt,1171,4562
qwen3,0001532961_000143774915009815_8K.txt,727,2566
qwen3,0001533758_000153375818000021_10Q.txt,56920,229734
qwen3,0001534133_000095017023021775_10Q.txt,79350,417529
qwen3,0001537140_000158064221004327_DEF14A.txt,13676,62308
qwen3,0001541119_000154111922000046_10Q.txt,43102,152427
qwen3,0001541401_000119312516544964_DEF14A.txt,54431,244321
qwen3,0001543623_000126246315000360_10Q.txt,16835,72224
qwen3,0001543637_000154812316000595_10Q.txt,10255,44672
qwen3,0001548717_000119312523060850_DEF14A.txt,17671,70323
qwen3,0001549631_000149315222005175_8K.txt,1209,4463
qwen3,0001553023_000155302321000082_10Q.txt,45699,185348
qwen3,0001553197_000005193118001014_DEF14A.txt,770,3111
qwen3,0001555177_000162828015006244_10Q.txt,23813,94222
qwen3,0001562594_000114420415068834_8K.txt,1487,6197
qwen3,0001564824_000156459020047119_8K.txt,841,3032
qwen3,0001566469_000119312521140679_DEF14A.txt,31066,137060
qwen3,0001566469_000156646922000060_8K.txt,1839,7732
qwen3,0001566561_000164033416002116_8K.txt,715,2451
qwen3,0001566610_000149315224043700_10Q.txt,30072,127284
qwen3,0001566912_000156691221000031_8K.txt,874,3154
qwen3,0001569994_000156999418000047_8K.txt,7611,34969
qwen3,0001571371_000119312515370154_8K.txt,1327,5404
qwen3,0001571776_000114036124036413_10Q.txt,58661,238274
qwen3,0001571934_000110465921024659_8K.txt,899,3195
qwen3,0001572552_000114036115015107_8K.txt,1429,6399
qwen3,0001573166_000110465916141676_8K.txt,3427,14526
qwen3,0001573698_000094039417000105_DEF14A.txt,24970,114992
qwen3,0001575515_000119312515289234_8K.txt,929,3573
qwen3,0001576914_000162828023019649_8K.txt,820,3080
qwen3,0001584207_000104746915003877_DEF14A.txt,42876,186570
qwen3,0001585149_000114420415073427_8K.txt,1237,4791
qwen3,0001585149_000149315223019595_10Q.txt,7744,35083
qwen3,0001589061_000143774917011815_8K.txt,1497,5681
qwen3,0001592706_000119312515195199_8K.txt,3571,15671
qwen3,0001595527_000110465920035832_DEF14A.txt,25846,121255
qwen3,0001598646_000119312520269392_8K.txt,1633,6579
qwen3,0001600132_000110465923114775_DEF14A.txt,31655,156183
qwen3,0001602409_000143774916039687_10Q.txt,8484,36667
qwen3,0001605331_000166357722000272_8K.txt,1285,5070
qwen3,0001607281_000160728115000013_10Q.txt,5854,24436
qwen3,0001616000_000161600024000035_DEF14A.txt,53185,238645
qwen3,0001621443_000110465919010499_8K.txt,797,2822
qwen3,0001622879_000168316821003724_10Q.txt,32867,119901
qwen3,0001623715_000095017022023883_10Q.txt,68929,357844
qwen3,0001625278_000162527823000094_10Q.txt,19011,75017
qwen3,0001631650_000156459019041020_8K.txt,972,3526
qwen3,0001632275_000126246320000275_10Q.txt,10582,38328
qwen3,0001633858_000110465920076307_8K.txt,728,2397
qwen3,0001635088_000114036124007260_10Q.txt,109939,541745
qwen3,0001635881_000163588119000078_8K.txt,916,3480
qwen3,0001635984_000163598423000013_DEF14A.txt,48381,194610
qwen3,0001636282_000156459019012157_DEF14A.txt,24826,109373
qwen3,0001636519_000119312516712342_8K.txt,1796,7798
qwen3,0001641489_000156459020051377_10Q.txt,29310,129826
qwen3,0001643953_000121390019000641_8K.txt,2001,7677
qwen3,0001650132_000119312517156665_8K.txt,850,2886
qwen3,0001651944_000114420418008036_10Q.txt,17177,75589
qwen3,0001651987_000149315217013065_10Q.txt,27655,100589
qwen3,0001655075_000119312522240118_8K.txt,1173,4767
qwen3,0001656839_000153949715002106_8K.txt,5120,20303
qwen3,0001657788_000155837017008705_10Q.txt,29207,123368
qwen3,0001657803_000149315217004884_10Q.txt,5366,21976
qwen3,0001662524_000166252418000009_10Q.txt,50624,242386
qwen3,0001668397_000156459019038396_10Q.txt,24593,97059
qwen3,0001669779_000104746918002341_DEF14A.txt,45775,201679
qwen3,0001671013_000155837016006917_10Q.txt,56426,214037
qwen3,0001671584_000119312520071893_8K.txt,1161,4206
qwen3,0001672882_000102143216001439_10Q.txt,6204,26983
qwen3,0001674440_000149315222007138_10Q.txt,33010,126228
qwen3,0001674910_000119312517370707_DEF14A.txt,65199,288369
qwen3,0001675149_000119312519079568_DEF14A.txt,67818,295038
qwen3,0001680379_000110465923066341_8K.txt,1382,5688
qwen3,0001687065_000107997321000392_10Q.txt,9179,36746
qwen3,0001687229_000168722919000044_10Q.txt,56610,216304
qwen3,0001691507_000156459020025482_10Q.txt,26225,104869
qwen3,0001697500_000114036122012578_DEF14A.txt,21648,95936
qwen3,0001699838_000119312524258535_8K.txt,913,3383
qwen3,0001702916_000159991618000031_10Q.txt,5336,21004
qwen3,0001707502_000119312522125475_DEF14A.txt,43756,196270
qwen3,0001707753_000170775320000032_10Q.txt,63110,298769
qwen3,0001708035_000114036121011255_DEF14A.txt,41479,175999
qwen3,0001710583_000119312522125136_DEF14A.txt,131352,608847
qwen3,0001711279_000119312518124863_DEF14A.txt,18291,82875
qwen3,0001716621_000156459020054367_8K.txt,1818,7519
qwen3,0001718644_000160706219000142_8K.txt,934,3316
qwen3,0001720725_000119312521129303_DEF14A.txt,32479,143175
qwen3,0001725057_000095017024049078_8K.txt,1685,5460
qwen3,0001725134_000162828023038668_8K.txt,1616,6772
qwen3,0001735184_000119312521103969_DEF14A.txt,24261,114090
qwen3,0001743881_000156459020025197_10Q.txt,95299,471017
qwen3,0001750735_000175073522000080_10Q.txt,45233,150837
qwen3,0001752836_000119312520276926_DEF14A.txt,12649,55304
qwen3,0001754170_000110465922054647_DEF14A.txt,33719,151026
qwen3,0001754170_000155837022003554_8K.txt,948,3490
qwen3,0001759509_000175950924000128_10Q.txt,93981,455457
qwen3,0001760717_000176071721000047_10Q.txt,21474,85423
qwen3,0001766400_000176640020000040_DEF14A.txt,23110,107331
qwen3,0001766478_000176647823000132_10Q.txt,47878,180846
qwen3,0001768224_000119380520000886_8K.txt,1492,6176
qwen3,0001773056_000110465919029913_8K.txt,1153,3879
qwen3,0001777319_000149315224020688_10Q.txt,21885,79692
qwen3,0001785347_000005193122000985_DEF14A.txt,20495,81935
qwen3,0001796022_000179602223000011_10Q.txt,62278,263680
qwen3,0001799332_000149315224044300_10Q.txt,34859,143831
qwen3,0001805521_000121390022012549_8K.txt,1779,7295
qwen3,0001806952_000162828024020467_10Q.txt,63473,330603
qwen3,0001808805_000180880524000033_DEF14A.txt,42914,197977
qwen3,0001812923_000119312523020783_DEF14A.txt,22942,107120
qwen3,0001818844_000155837024009327_8K.txt,1181,3949
qwen3,0001823466_000119312523105713_DEF14A.txt,37964,172288
qwen3,0001823826_000121390022065652_DEF14A.txt,29294,142791
qwen3,0001828723_000182872323000128_10Q.txt,48873,195299
qwen3,0001829328_000121390022047088_10Q.txt,23825,102512
qwen3,0001835256_000183525624000031_10Q.txt,36171,149234
qwen3,0001836833_000183683323000107_8K.txt,1000,3751
qwen3,0001842916_000121390023018885_8K.txt,2577,10096
qwen3,0001844419_000110465921082615_10Q.txt,15745,73113
qwen3,0001852244_000110465921132441_8K.txt,910,3280
qwen3,0001866226_000121390024025131_8K.txt,1929,8265
qwen3,0001874875_000149315223040328_10Q.txt,25361,93961
qwen3,0001937993_000121390024051803_DEF14A.txt,54269,252421
qwen3,0002000178_000119312524139480_8K.txt,1291,5147
