tokenizer,doc,tokens,bytes
edgar-bpe-65536,0000020212_000002021218000010_10K.txt,77318,371608
edgar-bpe-65536,0000040888_000004088819000004_10K.txt,76953,367292
edgar-bpe-65536,0000353569_000035356921000028_10K.txt,57843,298359
edgar-bpe-65536,0000718332_000101054917000349_10K.txt,28998,132232
edgar-bpe-65536,0000789073_000119312513002379_13D.txt,2860,11369
edgar-bpe-65536,0000845289_000119312512117688_10K.txt,118040,514027
edgar-bpe-65536,0000868725_000092189517000647_13D.txt,1715,6892
edgar-bpe-65536,0001019737_000156459018003055_10K.txt,61705,302765
edgar-bpe-65536,0001065201_000143774922007724_10K.txt,38090,181736
edgar-bpe-65536,0001096142_000109614213000006_10K.txt,94245,454260
edgar-bpe-65536,0001098146_000143774920008866_10K.txt,71477,335181
edgar-bpe-65536,0001179500_000156459016014274_10K.txt,87815,424388
edgar-bpe-65536,0001371217_000091957419007335_13D.txt,2911,12122
edgar-bpe-65536,0001371217_000155837019005143_10K.txt,62029,314583
edgar-bpe-65536,0001441634_000119312514202686_13D.txt,6696,30673
edgar-bpe-65536,0001449447_000160706216001077_10K.txt,28520,128162
edgar-bpe-65536,0001511161_000139390515000579_10K.txt,17815,89258
edgar-bpe-65536,0001584754_000121390021045465_10K.txt,57191,282198
edgar-bpe-65536,0001586727_000161577415003244_10K.txt,23457,112417
edgar-bpe-65536,0001591890_000114420417000015_13D.txt,2346,8820
edgar-bpe-65536,0001635881_000163588121000012_10K.txt,71879,377228
edgar-bpe-65536,0001662382_000121390020008234_10K.txt,67765,337922
edgar-bpe-65536,0001841804_000095017023003203_10K.txt,88931,458792
edgar-bpe-65536,0000003570_000000357024000040_10K.txt,80103,398079
edgar-bpe-65536,0000008868_000000886822000005_10K.txt,101017,505314
edgar-bpe-65536,0000019745_000162828018002594_10K.txt,85420,405419
edgar-bpe-65536,0000022356_000002235621000015_10K.txt,113472,529915
edgar-bpe-65536,0000027093_000149315222023030_10K.txt,59184,282662
edgar-bpe-65536,0000027430_000078725024000006_10K.txt,88319,435351
edgar-bpe-65536,0000038984_000156459015001692_10K.txt,76617,376638
edgar-bpe-65536,0000049600_000004960018000009_10K.txt,71606,298421
edgar-bpe-65536,0000055604_000119312513106993_10K.txt,35573,161587
edgar-bpe-65536,0000072971_000007297119000227_10K.txt,15098,73751
edgar-bpe-65536,0000082811_000008281119000018_10K.txt,60286,287896
edgar-bpe-65536,0000089800_000008980020000005_10K.txt,75802,357711
edgar-bpe-65536,0000092679_000144530513002224_10K.txt,60680,307153
edgar-bpe-65536,0000096021_000009602121000093_10K.txt,92226,449448
edgar-bpe-65536,0000099302_000120677417001858_10K.txt,45887,212006
edgar-bpe-65536,0000100378_000143774920018707_10K.txt,50069,236786
edgar-bpe-65536,0000277948_000027794816000046_10K.txt,56054,274229
edgar-bpe-65536,0000319458_000143774920005775_10K.txt,53398,266952
edgar-bpe-65536,0000351789_000089710115000350_10K.txt,19670,93258
edgar-bpe-65536,0000354963_000162828017002855_10K.txt,81678,404212
edgar-bpe-65536,0000706863_000070686318000012_10K.txt,73583,354384
edgar-bpe-65536,0000710782_000107878217000994_10K.txt,12443,60987
edgar-bpe-65536,0000714256_000149315223008240_10K.txt,76912,385688
edgar-bpe-65536,0000731245_000114420416093925_10K.txt,31713,148762
edgar-bpe-65536,0000732834_000073283419000002_10K.txt,86793,430900
edgar-bpe-65536,0000733076_000073307624000007_10K.txt,103136,539928
edgar-bpe-65536,0000798081_000114420413030790_10K.txt,60184,268464
edgar-bpe-65536,0000807882_000080788218000021_10K.txt,65316,311687
edgar-bpe-65536,0000808362_000080836214000007_10K.txt,60597,303632
edgar-bpe-65536,0000812306_000143774922023194_10K.txt,29288,139398
edgar-bpe-65536,0000814585_000119312513080289_10K.txt,178028,887055
edgar-bpe-65536,0000820771_000149315222020601_10K.txt,22361,108171
edgar-bpe-65536,0000822663_000175392623000213_10K.txt,77693,356414
edgar-bpe-65536,0000823546_000107878215001058_10K.txt,24102,121185
edgar-bpe-65536,0000830483_000144586613000457_10K.txt,34869,169328
edgar-bpe-65536,0000845877_000084587715000035_10K.txt,130794,598978
edgar-bpe-65536,0000846617_000084661719000017_10K.txt,78815,357977
edgar-bpe-65536,0000859747_000147793217002839_10K.txt,22873,110421
edgar-bpe-65536,0000865754_000086575413000005_10K.txt,53084,240550
edgar-bpe-65536,0000868671_000086867114000004_10K.txt,78201,352080
edgar-bpe-65536,0000880266_000088026617000005_10K.txt,72018,342033
edgar-bpe-65536,0000884219_000119312513101356_10K.txt,62921,281730
edgar-bpe-65536,0000884269_000143774919004169_10K.txt,31194,149027
edgar-bpe-65536,0000885978_000156761916001931_10K.txt,52665,259512
edgar-bpe-65536,0000886035_000088603516000144_10K.txt,95020,459016
edgar-bpe-65536,0000895464_000119380516003444_10K.txt,19259,92713
edgar-bpe-65536,0000899715_000089971520000057_10K.txt,79677,373703
edgar-bpe-65536,0000908259_000119312516518083_10K.txt,43163,216341
edgar-bpe-65536,0000913142_000091314222000007_10K.txt,63811,320750
edgar-bpe-65536,0000914748_000091474820000002_10K.txt,76782,300260
edgar-bpe-65536,0000915358_000091535822000010_10K.txt,58168,275260
edgar-bpe-65536,0000918386_000156459016020020_10K.txt,51947,256041
edgar-bpe-65536,0000919956_000162828016012237_10K.txt,65326,319374
edgar-bpe-65536,0000921114_000114420417016833_10K.txt,86441,423501
edgar-bpe-65536,0000923601_000149315221016798_10K.txt,45532,216603
edgar-bpe-65536,0001002590_000119312514439000_10K.txt,77866,367911
edgar-bpe-65536,0001006837_000100683722000015_10K.txt,123272,617297
edgar-bpe-65536,0001025996_000102599616000298_10K.txt,127165,587946
edgar-bpe-65536,0001029800_000102980014000005_10K.txt,59591,277079
edgar-bpe-65536,0001034670_000119312514061778_10K.txt,25996,126842
edgar-bpe-65536,0001035002_000103500219000008_10K.txt,72989,349608
edgar-bpe-65536,0001035092_000162828024011336_10K.txt,91084,458238
edgar-bpe-65536,0001035267_000103526715000014_10K.txt,79929,401301
edgar-bpe-65536,0001037189_000119312514121790_10K.txt,50641,243706
edgar-bpe-65536,0001042776_000104277618000040_10K.txt,78064,361187
edgar-bpe-65536,0001045450_000104545018000021_10K.txt,110103,475931
edgar-bpe-65536,0001046025_000104602520000037_10K.txt,94591,441819
edgar-bpe-65536,0001051627_000155837024003410_10K.txt,85948,432070
edgar-bpe-65536,0001054721_000156459020006135_10K.txt,38807,194425
edgar-bpe-65536,0001054905_000119312514050831_10K.txt,52673,238242
edgar-bpe-65536,0001065059_000106505913000010_10K.txt,128556,639539
edgar-bpe-65536,0001070081_000107008119000018_10K.txt,174307,920791
edgar-bpe-65536,0001077688_000118518520000497_10K.txt,60307,288756
edgar-bpe-65536,0001089872_000156459020006072_10K.txt,29585,147384
edgar-bpe-65536,0001090061_000109006115000006_10K.txt,63207,293789
edgar-bpe-65536,0001103021_000119312517085497_10K.txt,131975,647662
edgar-bpe-65536,0001123494_000117184318002041_10K.txt,67251,320682
edgar-bpe-65536,0001125259_000119312514025514_10K.txt,48771,242393
edgar-bpe-65536,0001126328_000104746914000817_10K.txt,170967,761310
edgar-bpe-65536,0001128361_000112836118000006_10K.txt,98259,451012
edgar-bpe-65536,0001131227_000113122717000006_10K.txt,71415,335673
edgar-bpe-65536,0001164863_000116486314000006_10K.txt,71573,350245
edgar-bpe-65536,0001169055_000156459016013321_10K.txt,96426,449054
edgar-bpe-65536,0001173281_000138713113000067_10K.txt,40198,188644
edgar-bpe-65536,0001173489_000143774924006970_10K.txt,75694,372449
edgar-bpe-65536,0001183765_000119312514085581_10K.txt,72445,364503
edgar-bpe-65536,0001227090_000106823814000063_10K.txt,2623,11436
edgar-bpe-65536,0001279695_000119312513102148_10K.txt,51862,243662
edgar-bpe-65536,0001279704_000141057824000307_10K.txt,68113,356498
edgar-bpe-65536,0001288855_000138713114001205_10K.txt,46006,207721
edgar-bpe-65536,0001300867_000106299313000700_10K.txt,32733,146692
edgar-bpe-65536,0001324404_000132440419000006_10K.txt,99064,497331
edgar-bpe-65536,0001334978_000133497816000018_10K.txt,88329,396027
edgar-bpe-65536,0001336920_000133692023000015_10K.txt,79244,418198
edgar-bpe-65536,0001340476_000095017024018049_10K.txt,71626,347943
edgar-bpe-65536,0001348362_000164033423002227_10K.txt,47560,229526
edgar-bpe-65536,0001352952_000143774918005587_10K.txt,42656,199773
edgar-bpe-65536,0001356093_000143774924008777_10K.txt,50824,261999
edgar-bpe-65536,0001356284_000199937124004182_10K.txt,2652,11906
edgar-bpe-65536,0001358190_000114420413015600_10K.txt,69315,312219
edgar-bpe-65536,0001359841_000135984120000027_10K.txt,82337,397740
edgar-bpe-65536,0001362516_000109181813000020_10K.txt,33330,162471
edgar-bpe-65536,0001370702_000137070219000006_10K.txt,65066,327228
edgar-bpe-65536,0001377149_000138713120003439_10K.txt,59097,290202
edgar-bpe-65536,0001377936_000121390023035521_10K.txt,226945,933386
edgar-bpe-65536,0001392694_000149315213001389_10K.txt,30140,137061
edgar-bpe-65536,0001407200_000119312521091263_10K.txt,9977,42510
edgar-bpe-65536,0001408057_000118518514000401_10K.txt,43993,214658
edgar-bpe-65536,0001417664_000121465923004552_10K.txt,61994,300343
edgar-bpe-65536,0001418819_000141881920000004_10K.txt,78583,392661
edgar-bpe-65536,0001419612_000117891320000672_10K.txt,79171,398252
edgar-bpe-65536,0001423723_000121390021018369_10K.txt,32482,159902
edgar-bpe-65536,0001424755_000114420418009811_10K.txt,102567,490684
edgar-bpe-65536,0001432963_000121390014001960_10K.txt,20759,94482
edgar-bpe-65536,0001445305_000144530518000054_10K.txt,68534,360118
edgar-bpe-65536,0001445831_000144583117000002_10K.txt,14532,71259
edgar-bpe-65536,0001462566_000126246315000161_10K.txt,24113,116545
edgar-bpe-65536,0001464165_000147793217002007_10K.txt,46280,231277
edgar-bpe-65536,0001464343_000143774923006513_10K.txt,83792,414454
edgar-bpe-65536,0001467760_000146776024000010_10K.txt,86339,432632
edgar-bpe-65536,0001468780_000121465915002463_10K.txt,34803,164778
edgar-bpe-65536,0001473579_000161577418002112_10K.txt,73621,356919
edgar-bpe-65536,0001476170_000156459016025989_10K.txt,104766,536197
edgar-bpe-65536,0001479320_000137216715000017_10K.txt,20647,99571
edgar-bpe-65536,0001482912_000119312515113762_10K.txt,3804,17790
edgar-bpe-65536,0001487718_000121390023031453_10K.txt,45868,215931
edgar-bpe-65536,0001487952_000148795224000006_10K.txt,64847,330471
edgar-bpe-65536,0001494582_000143774919005179_10K.txt,88115,433011
edgar-bpe-65536,0001494722_000146970915000335_10K.txt,16035,73833
edgar-bpe-65536,0001500122_000168316818000745_10K.txt,24208,118498
edgar-bpe-65536,0001504876_000121390016010112_10K.txt,16734,80592
edgar-bpe-65536,0001504886_000119312517099681_10K.txt,60107,282979
edgar-bpe-65536,0001509589_000150958918000004_10K.txt,94349,471032
edgar-bpe-65536,0001517006_000162828024005761_10K.txt,83590,417321
edgar-bpe-65536,0001517302_000151730222000012_10K.txt,81488,407954
edgar-bpe-65536,0001532619_000153261913000017_10K.txt,21726,98019
edgar-bpe-65536,0001538123_000149315215006241_10K.txt,43129,207571
edgar-bpe-65536,0001539778_000147793213006066_10K.txt,20799,95236
edgar-bpe-65536,0001543066_000116169713000388_10K.txt,23286,116256
edgar-bpe-65536,0001546679_000117184315003641_10K.txt,37699,185167
edgar-bpe-65536,0001554054_000121465919007954_10K.txt,11789,56154
edgar-bpe-65536,0001556739_000155673914000004_10K.txt,83284,425236
edgar-bpe-65536,0001566978_000104746914009533_10K.txt,102468,485937
edgar-bpe-65536,0001575098_000114036123015256_10K.txt,7024,33306
edgar-bpe-65536,0001576575_000126246315000254_10K.txt,37179,188553
edgar-bpe-65536,0001580673_000158067317000025_10K.txt,126844,661985
edgar-bpe-65536,0001580808_000162828019003017_10K.txt,69820,354769
edgar-bpe-65536,0001581378_000116169715000432_10K.txt,16836,83206
edgar-bpe-65536,0001586883_000102024217000052_10K.txt,8720,40563
edgar-bpe-65536,0001590418_000168316823002065_10K.txt,65954,319347
edgar-bpe-65536,0001592379_000159237916000111_10K.txt,68118,344206
edgar-bpe-65536,0001601744_000188852422002782_10K.txt,4962,22240
edgar-bpe-65536,0001611647_000156459017004284_10K.txt,55828,268011
edgar-bpe-65536,0001618694_000161869416000029_10K.txt,64517,327373
edgar-bpe-65536,0001620749_000164033423000027_10K.txt,18576,90696
edgar-bpe-65536,0001621227_000155837022003489_10K.txt,95613,493799
edgar-bpe-65536,0001621672_000143774923008795_10K.txt,83582,430900
edgar-bpe-65536,0001622996_000164033418000094_10K.txt,20203,100419
edgar-bpe-65536,0001627554_000147793217000766_10K.txt,20564,101391
edgar-bpe-65536,0001630690_000105640418001689_10K.txt,9411,41135
edgar-bpe-65536,0001634432_000155837021002288_10K.txt,81086,407444
edgar-bpe-65536,0001641489_000156459020005627_10K.txt,105430,543503
edgar-bpe-65536,0001641631_000107878216003604_10K.txt,15773,78690
edgar-bpe-65536,0001643953_000121390016011527_10K.txt,62355,319090
edgar-bpe-65536,0001647254_000154063917000225_10K.txt,3323,14951
edgar-bpe-65536,0001662774_000156459021009867_10K.txt,87819,474159
edgar-bpe-65536,0001666176_000092963819000389_10K.txt,4506,21051
edgar-bpe-65536,0001685212_000105640417001108_10K.txt,17891,80707
edgar-bpe-65536,0001690110_000105640418001992_10K.txt,16887,78237
edgar-bpe-65536,0001699462_000105640419002368_10K.txt,17160,77143
edgar-bpe-65536,0001702750_000156459021010980_10K.txt,118125,547456
edgar-bpe-65536,0001705181_000095017024019124_10K.txt,119936,613893
edgar-bpe-65536,0001715933_000095017023010240_10K.txt,75065,347015
edgar-bpe-65536,0001716187_000188852423002959_10K.txt,15328,69548
edgar-bpe-65536,0001717556_000149315220010175_10K.txt,77957,369227
edgar-bpe-65536,0001723291_000105640419002594_10K.txt,20264,92994
edgar-bpe-65536,0001748790_000174879022000024_10K.txt,66183,334411
edgar-bpe-65536,0001756497_000175649722000007_10K.txt,102565,533875
edgar-bpe-65536,0001769624_000121390022012228_10K.txt,53405,266462
edgar-bpe-65536,0001773407_000092963821000491_10K.txt,3876,17689
edgar-bpe-65536,0001774675_000155837022005527_10K.txt,108371,534342
edgar-bpe-65536,0001786352_000156459020041865_10K.txt,76942,394169
edgar-bpe-65536,0001797768_000114036121010528_10K.txt,115115,620169
edgar-bpe-65536,0001801338_000105640421002841_10K.txt,19303,85954
edgar-bpe-65536,0001801661_000162828021004659_10K.txt,81140,419369
edgar-bpe-65536,0001804591_000180459124000038_10K.txt,129139,696561
edgar-bpe-65536,0001816581_000119312521074025_10K.txt,59137,310151
edgar-bpe-65536,0001817669_000121390021017162_10K.txt,3391,15448
edgar-bpe-65536,0001819608_000119312522091731_10K.txt,85021,453178
edgar-bpe-65536,0001825739_000141057822000725_10K.txt,74036,399463
edgar-bpe-65536,0001841800_000095017023009502_10K.txt,88869,462301
edgar-bpe-65536,0001855467_000149315224051917_10K.txt,77481,387061
edgar-bpe-65536,0001892492_000149315223012596_10K.txt,76470,371308
edgar-bpe-65536-norm*,0000020212_000002021218000010_10K.txt,77219,371608
edgar-bpe-65536-norm*,0000040888_000004088819000004_10K.txt,76750,367292
edgar-bpe-65536-norm*,0000353569_000035356921000028_10K.txt,57660,298359
edgar-bpe-65536-norm*,0000718332_000101054917000349_10K.txt,28929,132232
edgar-bpe-65536-norm*,0000789073_000119312513002379_13D.txt,2857,11369
edgar-bpe-65536-norm*,0000845289_000119312512117688_10K.txt,117720,514027
edgar-bpe-65536-norm*,0000868725_000092189517000647_13D.txt,1713,6892
edgar-bpe-65536-norm*,0001019737_000156459018003055_10K.txt,61636,302765
edgar-bpe-65536-norm*,0001065201_000143774922007724_10K.txt,37974,181736
edgar-bpe-65536-norm*,0001096142_000109614213000006_10K.txt,93722,454260
edgar-bpe-65536-norm*,0001098146_000143774920008866_10K.txt,71134,335181
edgar-bpe-65536-norm*,0001179500_000156459016014274_10K.txt,87390,424388
edgar-bpe-65536-norm*,0001371217_000091957419007335_13D.txt,2908,12122
edgar-bpe-65536-norm*,0001371217_000155837019005143_10K.txt,61803,314583
edgar-bpe-65536-norm*,0001441634_000119312514202686_13D.txt,6677,30673
edgar-bpe-65536-norm*,0001449447_000160706216001077_10K.txt,28397,128162
edgar-bpe-65536-norm*,0001511161_000139390515000579_10K.txt,17759,89258
edgar-bpe-65536-norm*,0001584754_000121390021045465_10K.txt,57019,282198
edgar-bpe-65536-norm*,0001586727_000161577415003244_10K.txt,23428,112417
edgar-bpe-65536-norm*,0001591890_000114420417000015_13D.txt,2342,8820
edgar-bpe-65536-norm*,0001635881_000163588121000012_10K.txt,71746,377228
edgar-bpe-65536-norm*,0001662382_000121390020008234_10K.txt,67611,337922
edgar-bpe-65536-norm*,0001841804_000095017023003203_10K.txt,88811,458792
edgar-bpe-65536-norm*,0000003570_000000357024000040_10K.txt,79977,398079
edgar-bpe-65536-norm*,0000008868_000000886822000005_10K.txt,100871,505314
edgar-bpe-65536-norm*,0000019745_000162828018002594_10K.txt,85321,405419
edgar-bpe-65536-norm*,0000022356_000002235621000015_10K.txt,113229,529915
edgar-bpe-65536-norm*,0000027093_000149315222023030_10K.txt,58991,282662
edgar-bpe-65536-norm*,0000027430_000078725024000006_10K.txt,88110,435351
edgar-bpe-65536-norm*,0000038984_000156459015001692_10K.txt,76366,376638
edgar-bpe-65536-norm*,0000049600_000004960018000009_10K.txt,71471,298421
edgar-bpe-65536-norm*,0000055604_000119312513106993_10K.txt,35488,161587
edgar-bpe-65536-norm*,0000072971_000007297119000227_10K.txt,15003,73751
edgar-bpe-65536-norm*,0000082811_000008281119000018_10K.txt,60245,287896
edgar-bpe-65536-norm*,0000089800_000008980020000005_10K.txt,75586,357711
edgar-bpe-65536-norm*,0000092679_000144530513002224_10K.txt,60474,307153
edgar-bpe-65536-norm*,0000096021_000009602121000093_10K.txt,91935,449448
edgar-bpe-65536-norm*,0000099302_000120677417001858_10K.txt,45794,212006
edgar-bpe-65536-norm*,0000100378_000143774920018707_10K.txt,49784,236786
edgar-bpe-65536-norm*,0000277948_000027794816000046_10K.txt,55889,274229
edgar-bpe-65536-norm*,0000319458_000143774920005775_10K.txt,53264,266952
edgar-bpe-65536-norm*,0000351789_000089710115000350_10K.txt,19576,93258
edgar-bpe-65536-norm*,0000354963_000162828017002855_10K.txt,81330,404212
edgar-bpe-65536-norm*,0000706863_000070686318000012_10K.txt,73526,354384
edgar-bpe-65536-norm*,0000710782_000107878217000994_10K.txt,12409,60987
edgar-bpe-65536-norm*,0000714256_000149315223008240_10K.txt,76675,385688
edgar-bpe-65536-norm*,0000731245_000114420416093925_10K.txt,31577,148762
edgar-bpe-65536-norm*,0000732834_000073283419000002_10K.txt,86610,430900
edgar-bpe-65536-norm*,0000733076_000073307624000007_10K.txt,102866,539928
edgar-bpe-65536-norm*,0000798081_000114420413030790_10K.txt,60092,268464
edgar-bpe-65536-norm*,0000807882_000080788218000021_10K.txt,65218,311687
edgar-bpe-65536-norm*,0000808362_000080836214000007_10K.txt,60546,303632
edgar-bpe-65536-norm*,0000812306_000143774922023194_10K.txt,29192,139398
edgar-bpe-65536-norm*,0000814585_000119312513080289_10K.txt,177055,887055
edgar-bpe-65536-norm*,0000820771_000149315222020601_10K.txt,22287,108171
edgar-bpe-65536-norm*,0000822663_000175392623000213_10K.txt,77491,356414
edgar-bpe-65536-norm*,0000823546_000107878215001058_10K.txt,24027,121185
edgar-bpe-65536-norm*,0000830483_000144586613000457_10K.txt,34811,169328
edgar-bpe-65536-norm*,0000845877_000084587715000035_10K.txt,130763,598978
edgar-bpe-65536-norm*,0000846617_000084661719000017_10K.txt,78449,357977
edgar-bpe-65536-norm*,0000859747_000147793217002839_10K.txt,22834,110421
edgar-bpe-65536-norm*,0000865754_000086575413000005_10K.txt,53084,240550
edgar-bpe-65536-norm*,0000868671_000086867114000004_10K.txt,77790,352080
edgar-bpe-65536-norm*,0000880266_000088026617000005_10K.txt,71741,342033
edgar-bpe-65536-norm*,0000884219_000119312513101356_10K.txt,62572,281730
edgar-bpe-65536-norm*,0000884269_000143774919004169_10K.txt,31089,149027
edgar-bpe-65536-norm*,0000885978_000156761916001931_10K.txt,52527,259512
edgar-bpe-65536-norm*,0000886035_000088603516000144_10K.txt,94792,459016
edgar-bpe-65536-norm*,0000895464_000119380516003444_10K.txt,19183,92713
edgar-bpe-65536-norm*,0000899715_000089971520000057_10K.txt,79608,373703
edgar-bpe-65536-norm*,0000908259_000119312516518083_10K.txt,43074,216341
edgar-bpe-65536-norm*,0000913142_000091314222000007_10K.txt,63729,320750
edgar-bpe-65536-norm*,0000914748_000091474820000002_10K.txt,76602,300260
edgar-bpe-65536-norm*,0000915358_000091535822000010_10K.txt,57731,275260
edgar-bpe-65536-norm*,0000918386_000156459016020020_10K.txt,51795,256041
edgar-bpe-65536-norm*,0000919956_000162828016012237_10K.txt,65279,319374
edgar-bpe-65536-norm*,0000921114_000114420417016833_10K.txt,86203,423501
edgar-bpe-65536-norm*,0000923601_000149315221016798_10K.txt,45339,216603
edgar-bpe-65536-norm*,0001002590_000119312514439000_10K.txt,77600,367911
edgar-bpe-65536-norm*,0001006837_000100683722000015_10K.txt,122676,617297
edgar-bpe-65536-norm*,0001025996_000102599616000298_10K.txt,126868,587946
edgar-bpe-65536-norm*,0001029800_000102980014000005_10K.txt,59590,277079
edgar-bpe-65536-norm*,0001034670_000119312514061778_10K.txt,25904,126842
edgar-bpe-65536-norm*,0001035002_000103500219000008_10K.txt,72858,349608
edgar-bpe-65536-norm*,0001035092_000162828024011336_10K.txt,90721,458238
edgar-bpe-65536-norm*,0001035267_000103526715000014_10K.txt,79772,401301
edgar-bpe-65536-norm*,0001037189_000119312514121790_10K.txt,50286,243706
edgar-bpe-65536-norm*,0001042776_000104277618000040_10K.txt,77947,361187
edgar-bpe-65536-norm*,0001045450_000104545018000021_10K.txt,109950,475931
edgar-bpe-65536-norm*,0001046025_000104602520000037_10K.txt,94401,441819
edgar-bpe-65536-norm*,0001051627_000155837024003410_10K.txt,85741,432070
edgar-bpe-65536-norm*,0001054721_000156459020006135_10K.txt,38775,194425
edgar-bpe-65536-norm*,0001054905_000119312514050831_10K.txt,52525,238242
edgar-bpe-65536-norm*,0001065059_000106505913000010_10K.txt,128188,639539
edgar-bpe-65536-norm*,0001070081_000107008119000018_10K.txt,174019,920791
edgar-bpe-65536-norm*,0001077688_000118518520000497_10K.txt,60179,288756
edgar-bpe-65536-norm*,0001089872_000156459020006072_10K.txt,29536,147384
edgar-bpe-65536-norm*,0001090061_000109006115000006_10K.txt,62986,293789
edgar-bpe-65536-norm*,0001103021_000119312517085497_10K.txt,131624,647662
edgar-bpe-65536-norm*,0001123494_000117184318002041_10K.txt,67033,320682
edgar-bpe-65536-norm*,0001125259_000119312514025514_10K.txt,48665,242393
edgar-bpe-65536-norm*,0001126328_000104746914000817_10K.txt,170963,761310
edgar-bpe-65536-norm*,0001128361_000112836118000006_10K.txt,98012,451012
edgar-bpe-65536-norm*,0001131227_000113122717000006_10K.txt,71227,335673
edgar-bpe-65536-norm*,0001164863_000116486314000006_10K.txt,71414,350245
edgar-bpe-65536-norm*,0001169055_000156459016013321_10K.txt,96191,449054
edgar-bpe-65536-norm*,0001173281_000138713113000067_10K.txt,40080,188644
edgar-bpe-65536-norm*,0001173489_000143774924006970_10K.txt,75473,372449
edgar-bpe-65536-norm*,0001183765_000119312514085581_10K.txt,72271,364503
edgar-bpe-65536-norm*,0001227090_000106823814000063_10K.txt,2606,11436
edgar-bpe-65536-norm*,0001279695_000119312513102148_10K.txt,51772,243662
edgar-bpe-65536-norm*,0001279704_000141057824000307_10K.txt,67954,356498
edgar-bpe-65536-norm*,0001288855_000138713114001205_10K.txt,45764,207721
edgar-bpe-65536-norm*,0001300867_000106299313000700_10K.txt,32668,146692
edgar-bpe-65536-norm*,0001324404_000132440419000006_10K.txt,98958,497331
edgar-bpe-65536-norm*,0001334978_000133497816000018_10K.txt,88160,396027
edgar-bpe-65536-norm*,0001336920_000133692023000015_10K.txt,79164,418198
edgar-bpe-65536-norm*,0001340476_000095017024018049_10K.txt,71390,347943
edgar-bpe-65536-norm*,0001348362_000164033423002227_10K.txt,47414,229526
edgar-bpe-65536-norm*,0001352952_000143774918005587_10K.txt,42522,199773
edgar-bpe-65536-norm*,0001356093_000143774924008777_10K.txt,50689,261999
edgar-bpe-65536-norm*,0001356284_000199937124004182_10K.txt,2644,11906
edgar-bpe-65536-norm*,0001358190_000114420413015600_10K.txt,69062,312219
edgar-bpe-65536-norm*,0001359841_000135984120000027_10K.txt,82034,397740
edgar-bpe-65536-norm*,0001362516_000109181813000020_10K.txt,33205,162471
edgar-bpe-65536-norm*,0001370702_000137070219000006_10K.txt,64944,327228
edgar-bpe-65536-norm*,0001377149_000138713120003439_10K.txt,58918,290202
edgar-bpe-65536-norm*,0001377936_000121390023035521_10K.txt,226616,933386
edgar-bpe-65536-norm*,0001392694_000149315213001389_10K.txt,30056,137061
edgar-bpe-65536-norm*,0001407200_000119312521091263_10K.txt,9893,42510
edgar-bpe-65536-norm*,0001408057_000118518514000401_10K.txt,43855,214658
edgar-bpe-65536-norm*,0001417664_000121465923004552_10K.txt,61835,300343
edgar-bpe-65536-norm*,0001418819_000141881920000004_10K.txt,78400,392661
edgar-bpe-65536-norm*,0001419612_000117891320000672_10K.txt,78997,398252
edgar-bpe-65536-norm*,0001423723_000121390021018369_10K.txt,32381,159902
edgar-bpe-65536-norm*,0001424755_000114420418009811_10K.txt,102323,490684
edgar-bpe-65536-norm*,0001432963_000121390014001960_10K.txt,20699,94482
edgar-bpe-65536-norm*,0001445305_000144530518000054_10K.txt,68455,360118
edgar-bpe-65536-norm*,0001445831_000144583117000002_10K.txt,14503,71259
edgar-bpe-65536-norm*,0001462566_000126246315000161_10K.txt,24075,116545
edgar-bpe-65536-norm*,0001464165_000147793217002007_10K.txt,46177,231277
edgar-bpe-65536-norm*,0001464343_000143774923006513_10K.txt,83717,414454
edgar-bpe-65536-norm*,0001467760_000146776024000010_10K.txt,86199,432632
edgar-bpe-65536-norm*,0001468780_000121465915002463_10K.txt,34690,164778
edgar-bpe-65536-norm*,0001473579_000161577418002112_10K.txt,73400,356919
edgar-bpe-65536-norm*,0001476170_000156459016025989_10K.txt,104282,536197
edgar-bpe-65536-norm*,0001479320_000137216715000017_10K.txt,20625,99571
edgar-bpe-65536-norm*,0001482912_000119312515113762_10K.txt,3793,17790
edgar-bpe-65536-norm*,0001487718_000121390023031453_10K.txt,45726,215931
edgar-bpe-65536-norm*,0001487952_000148795224000006_10K.txt,64659,330471
edgar-bpe-65536-norm*,0001494582_000143774919005179_10K.txt,87916,433011
edgar-bpe-65536-norm*,0001494722_000146970915000335_10K.txt,15984,73833
edgar-bpe-65536-norm*,0001500122_000168316818000745_10K.txt,24161,118498
edgar-bpe-65536-norm*,0001504876_000121390016010112_10K.txt,16659,80592
edgar-bpe-65536-norm*,0001504886_000119312517099681_10K.txt,59719,282979
edgar-bpe-65536-norm*,0001509589_000150958918000004_10K.txt,94212,471032
edgar-bpe-65536-norm*,0001517006_000162828024005761_10K.txt,83363,417321
edgar-bpe-65536-norm*,0001517302_000151730222000012_10K.txt,81332,407954
edgar-bpe-65536-norm*,0001532619_000153261913000017_10K.txt,21724,98019
edgar-bpe-65536-norm*,0001538123_000149315215006241_10K.txt,42972,207571
edgar-bpe-65536-norm*,0001539778_000147793213006066_10K.txt,20756,95236
edgar-bpe-65536-norm*,0001543066_000116169713000388_10K.txt,23239,116256
edgar-bpe-65536-norm*,0001546679_000117184315003641_10K.txt,37629,185167
edgar-bpe-65536-norm*,0001554054_000121465919007954_10K.txt,11770,56154
edgar-bpe-65536-norm*,0001556739_000155673914000004_10K.txt,83155,425236
edgar-bpe-65536-norm*,0001566978_000104746914009533_10K.txt,102466,485937
edgar-bpe-65536-norm*,0001575098_000114036123015256_10K.txt,6980,33306
edgar-bpe-65536-norm*,0001576575_000126246315000254_10K.txt,37122,188553
edgar-bpe-65536-norm*,0001580673_000158067317000025_10K.txt,126562,661985
edgar-bpe-65536-norm*,0001580808_000162828019003017_10K.txt,69764,354769
edgar-bpe-65536-norm*,0001581378_000116169715000432_10K.txt,16789,83206
edgar-bpe-65536-norm*,0001586883_000102024217000052_10K.txt,8720,40563
edgar-bpe-65536-norm*,0001590418_000168316823002065_10K.txt,65783,319347
edgar-bpe-65536-norm*,0001592379_000159237916000111_10K.txt,67840,344206
edgar-bpe-65536-norm*,0001601744_000188852422002782_10K.txt,4945,22240
edgar-bpe-65536-norm*,0001611647_000156459017004284_10K.txt,55702,268011
edgar-bpe-65536-norm*,0001618694_000161869416000029_10K.txt,64417,327373
edgar-bpe-65536-norm*,0001620749_000164033423000027_10K.txt,18513,90696
edgar-bpe-65536-norm*,0001621227_000155837022003489_10K.txt,95461,493799
edgar-bpe-65536-norm*,0001621672_000143774923008795_10K.txt,83379,430900
edgar-bpe-65536-norm*,0001622996_000164033418000094_10K.txt,20162,100419
edgar-bpe-65536-norm*,0001627554_000147793217000766_10K.txt,20506,101391
edgar-bpe-65536-norm*,0001630690_000105640418001689_10K.txt,9390,41135
edgar-bpe-65536-norm*,0001634432_000155837021002288_10K.txt,80911,407444
edgar-bpe-65536-norm*,0001641489_000156459020005627_10K.txt,105158,543503
edgar-bpe-65536-norm*,0001641631_000107878216003604_10K.txt,15730,78690
edgar-bpe-65536-norm*,0001643953_000121390016011527_10K.txt,62236,319090
edgar-bpe-65536-norm*,0001647254_000154063917000225_10K.txt,3316,14951
edgar-bpe-65536-norm*,0001662774_000156459021009867_10K.txt,87576,474159
edgar-bpe-65536-norm*,0001666176_000092963819000389_10K.txt,4488,21051
edgar-bpe-65536-norm*,0001685212_000105640417001108_10K.txt,17854,80707
edgar-bpe-65536-norm*,0001690110_000105640418001992_10K.txt,16849,78237
edgar-bpe-65536-norm*,0001699462_000105640419002368_10K.txt,17131,77143
edgar-bpe-65536-norm*,0001702750_000156459021010980_10K.txt,117858,547456
edgar-bpe-65536-norm*,0001705181_000095017024019124_10K.txt,119116,613893
edgar-bpe-65536-norm*,0001715933_000095017023010240_10K.txt,74881,347015
edgar-bpe-65536-norm*,0001716187_000188852423002959_10K.txt,15293,69548
edgar-bpe-65536-norm*,0001717556_000149315220010175_10K.txt,77612,369227
edgar-bpe-65536-norm*,0001723291_000105640419002594_10K.txt,20220,92994
edgar-bpe-65536-norm*,0001748790_000174879022000024_10K.txt,66105,334411
edgar-bpe-65536-norm*,0001756497_000175649722000007_10K.txt,102358,533875
edgar-bpe-65536-norm*,0001769624_000121390022012228_10K.txt,53212,266462
edgar-bpe-65536-norm*,0001773407_000092963821000491_10K.txt,3864,17689
edgar-bpe-65536-norm*,0001774675_000155837022005527_10K.txt,107976,534342
edgar-bpe-65536-norm*,0001786352_000156459020041865_10K.txt,76818,394169
edgar-bpe-65536-norm*,0001797768_000114036121010528_10K.txt,114983,620169
edgar-bpe-65536-norm*,0001801338_000105640421002841_10K.txt,19263,85954
edgar-bpe-65536-norm*,0001801661_000162828021004659_10K.txt,80912,419369
edgar-bpe-65536-norm*,0001804591_000180459124000038_10K.txt,128826,696561
edgar-bpe-65536-norm*,0001816581_000119312521074025_10K.txt,58988,310151
edgar-bpe-65536-norm*,0001817669_000121390021017162_10K.txt,3386,15448
edgar-bpe-65536-norm*,0001819608_000119312522091731_10K.txt,84817,453178
edgar-bpe-65536-norm*,0001825739_000141057822000725_10K.txt,73826,399463
edgar-bpe-65536-norm*,0001841800_000095017023009502_10K.txt,88625,462301
edgar-bpe-65536-norm*,0001855467_000149315224051917_10K.txt,77294,387061
edgar-bpe-65536-norm*,0001892492_000149315223012596_10K.txt,76145,371308
edgar-bpe-65536-digits,0000020212_000002021218000010_10K.txt,69946,371608
edgar-bpe-65536-digits,0000040888_000004088819000004_10K.txt,69453,367292
edgar-bpe-65536-digits,0000353569_000035356921000028_10K.txt,55546,298359
edgar-bpe-65536-digits,0000718332_000101054917000349_10K.txt,26130,132232
edgar-bpe-65536-digits,0000789073_000119312513002379_13D.txt,2620,11369
edgar-bpe-65536-digits,0000845289_000119312512117688_10K.txt,105084,514027
edgar-bpe-65536-digits,0000868725_000092189517000647_13D.txt,1533,6892
edgar-bpe-65536-digits,0001019737_000156459018003055_10K.txt,55146,302765
edgar-bpe-65536-digits,0001065201_000143774922007724_10K.txt,35088,181736
edgar-bpe-65536-digits,0001096142_000109614213000006_10K.txt,85153,454260
edgar-bpe-65536-digits,0001098146_000143774920008866_10K.txt,63175,335181
edgar-bpe-65536-digits,0001179500_000156459016014274_10K.txt,79288,424388
edgar-bpe-65536-digits,0001371217_000091957419007335_13D.txt,2674,12122
edgar-bpe-65536-digits,0001371217_000155837019005143_10K.txt,57946,314583
edgar-bpe-65536-digits,0001441634_000119312514202686_13D.txt,6463,30673
edgar-bpe-65536-digits,0001449447_000160706216001077_10K.txt,26828,128162
edgar-bpe-65536-digits,0001511161_000139390515000579_10K.txt,16761,89258
edgar-bpe-65536-digits,0001584754_000121390021045465_10K.txt,54258,282198
edgar-bpe-65536-digits,0001586727_000161577415003244_10K.txt,22155,112417
edgar-bpe-65536-digits,0001591890_000114420417000015_13D.txt,2085,8820
edgar-bpe-65536-digits,0001635881_000163588121000012_10K.txt,68146,377228
edgar-bpe-65536-digits,0001662382_000121390020008234_10K.txt,64643,337922
edgar-bpe-65536-digits,0001841804_000095017023003203_10K.txt,83190,458792
edgar-bpe-65536-digits,0000003570_000000357024000040_10K.txt,76193,398079
edgar-bpe-65536-digits,0000008868_000000886822000005_10K.txt,95112,505314
edgar-bpe-65536-digits,0000019745_000162828018002594_10K.txt,76604,405419
edgar-bpe-65536-digits,0000022356_000002235621000015_10K.txt,102055,529915
edgar-bpe-65536-digits,0000027093_000149315222023030_10K.txt,55315,282662
edgar-bpe-65536-digits,0000027430_000078725024000006_10K.txt,81753,435351
edgar-bpe-65536-digits,0000038984_000156459015001692_10K.txt,68611,376638
edgar-bpe-65536-digits,0000049600_000004960018000009_10K.txt,60204,298421
edgar-bpe-65536-digits,0000055604_000119312513106993_10K.txt,31607,161587
edgar-bpe-65536-digits,0000072971_000007297119000227_10K.txt,14355,73751
edgar-bpe-65536-digits,0000082811_000008281119000018_10K.txt,53240,287896
edgar-bpe-65536-digits,0000089800_000008980020000005_10K.txt,67369,357711
edgar-bpe-65536-digits,0000092679_000144530513002224_10K.txt,56121,307153
edgar-bpe-65536-digits,0000096021_000009602121000093_10K.txt,86056,449448
edgar-bpe-65536-digits,0000099302_000120677417001858_10K.txt,41833,212006
edgar-bpe-65536-digits,0000100378_000143774920018707_10K.txt,44899,236786
edgar-bpe-65536-digits,0000277948_000027794816000046_10K.txt,51519,274229
edgar-bpe-65536-digits,0000319458_000143774920005775_10K.txt,49274,266952
edgar-bpe-65536-digits,0000351789_000089710115000350_10K.txt,17526,93258
edgar-bpe-65536-digits,0000354963_000162828017002855_10K.txt,75095,404212
edgar-bpe-65536-digits,0000706863_000070686318000012_10K.txt,66348,354384
edgar-bpe-65536-digits,0000710782_000107878217000994_10K.txt,11650,60987
edgar-bpe-65536-digits,0000714256_000149315223008240_10K.txt,73712,385688
edgar-bpe-65536-digits,0000731245_000114420416093925_10K.txt,29779,148762
edgar-bpe-65536-digits,0000732834_000073283419000002_10K.txt,79302,430900
edgar-bpe-65536-digits,0000733076_000073307624000007_10K.txt,99814,539928
edgar-bpe-65536-digits,0000798081_000114420413030790_10K.txt,55614,268464
edgar-bpe-65536-digits,0000807882_000080788218000021_10K.txt,58377,311687
edgar-bpe-65536-digits,0000808362_000080836214000007_10K.txt,56621,303632
edgar-bpe-65536-digits,0000812306_000143774922023194_10K.txt,27008,139398
edgar-bpe-65536-digits,0000814585_000119312513080289_10K.txt,166699,887055
edgar-bpe-65536-digits,0000820771_000149315222020601_10K.txt,20962,108171
edgar-bpe-65536-digits,0000822663_000175392623000213_10K.txt,72588,356414
edgar-bpe-65536-digits,0000823546_000107878215001058_10K.txt,22650,121185
edgar-bpe-65536-digits,0000830483_000144586613000457_10K.txt,32418,169328
edgar-bpe-65536-digits,0000845877_000084587715000035_10K.txt,115362,598978
edgar-bpe-65536-digits,0000846617_000084661719000017_10K.txt,68162,357977
edgar-bpe-65536-digits,0000859747_000147793217002839_10K.txt,20468,110421
edgar-bpe-65536-digits,0000865754_000086575413000005_10K.txt,47413,240550
edgar-bpe-65536-digits,0000868671_000086867114000004_10K.txt,67735,352080
edgar-bpe-65536-digits,0000880266_000088026617000005_10K.txt,63638,342033
edgar-bpe-65536-digits,0000884219_000119312513101356_10K.txt,55615,281730
edgar-bpe-65536-digits,0000884269_000143774919004169_10K.txt,27919,149027
edgar-bpe-65536-digits,0000885978_000156761916001931_10K.txt,47290,259512
edgar-bpe-65536-digits,0000886035_000088603516000144_10K.txt,84975,459016
edgar-bpe-65536-digits,0000895464_000119380516003444_10K.txt,17645,92713
edgar-bpe-65536-digits,0000899715_000089971520000057_10K.txt,70830,373703
edgar-bpe-65536-digits,0000908259_000119312516518083_10K.txt,41401,216341
edgar-bpe-65536-digits,0000913142_000091314222000007_10K.txt,59624,320750
edgar-bpe-65536-digits,0000914748_000091474820000002_10K.txt,64054,300260
edgar-bpe-65536-digits,0000915358_000091535822000010_10K.txt,53037,275260
edgar-bpe-65536-digits,0000918386_000156459016020020_10K.txt,46886,256041
edgar-bpe-65536-digits,0000919956_000162828016012237_10K.txt,58589,319374
edgar-bpe-65536-digits,0000921114_000114420417016833_10K.txt,81951,423501
edgar-bpe-65536-digits,0000923601_000149315221016798_10K.txt,42290,216603
edgar-bpe-65536-digits,0001002590_000119312514439000_10K.txt,70212,367911
edgar-bpe-65536-digits,0001006837_000100683722000015_10K.txt,116342,617297
edgar-bpe-65536-digits,0001025996_000102599616000298_10K.txt,112129,587946
edgar-bpe-65536-digits,0001029800_000102980014000005_10K.txt,53174,277079
edgar-bpe-65536-digits,0001034670_000119312514061778_10K.txt,24890,126842
edgar-bpe-65536-digits,0001035002_000103500219000008_10K.txt,66467,349608
edgar-bpe-65536-digits,0001035092_000162828024011336_10K.txt,85595,458238
edgar-bpe-65536-digits,0001035267_000103526715000014_10K.txt,75417,401301
edgar-bpe-65536-digits,0001037189_000119312514121790_10K.txt,47357,243706
edgar-bpe-65536-digits,0001042776_000104277618000040_10K.txt,69541,361187
edgar-bpe-65536-digits,0001045450_000104545018000021_10K.txt,94441,475931
edgar-bpe-65536-digits,0001046025_000104602520000037_10K.txt,83203,441819
edgar-bpe-65536-digits,0001051627_000155837024003410_10K.txt,80594,432070
edgar-bpe-65536-digits,0001054721_000156459020006135_10K.txt,35706,194425
edgar-bpe-65536-digits,0001054905_000119312514050831_10K.txt,46010,238242
edgar-bpe-65536-digits,0001065059_000106505913000010_10K.txt,120528,639539
edgar-bpe-65536-digits,0001070081_000107008119000018_10K.txt,168242,920791
edgar-bpe-65536-digits,0001077688_000118518520000497_10K.txt,54359,288756
edgar-bpe-65536-digits,0001089872_000156459020006072_10K.txt,27214,147384
edgar-bpe-65536-digits,0001090061_000109006115000006_10K.txt,55860,293789
edgar-bpe-65536-digits,0001103021_000119312517085497_10K.txt,126629,647662
edgar-bpe-65536-digits,0001123494_000117184318002041_10K.txt,62449,320682
edgar-bpe-65536-digits,0001125259_000119312514025514_10K.txt,47181,242393
edgar-bpe-65536-digits,0001126328_000104746914000817_10K.txt,147092,761310
edgar-bpe-65536-digits,0001128361_000112836118000006_10K.txt,86188,451012
edgar-bpe-65536-digits,0001131227_000113122717000006_10K.txt,64926,335673
edgar-bpe-65536-digits,0001164863_000116486314000006_10K.txt,65747,350245
edgar-bpe-65536-digits,0001169055_000156459016013321_10K.txt,86400,449054
edgar-bpe-65536-digits,0001173281_000138713113000067_10K.txt,36455,188644
edgar-bpe-65536-digits,0001173489_000143774924006970_10K.txt,69573,372449
edgar-bpe-65536-digits,0001183765_000119312514085581_10K.txt,68717,364503
edgar-bpe-65536-digits,0001227090_000106823814000063_10K.txt,2413,11436
edgar-bpe-65536-digits,0001279695_000119312513102148_10K.txt,46977,243662
edgar-bpe-65536-digits,0001279704_000141057824000307_10K.txt,65889,356498
edgar-bpe-65536-digits,0001288855_000138713114001205_10K.txt,42012,207721
edgar-bpe-65536-digits,0001300867_000106299313000700_10K.txt,29450,146692
edgar-bpe-65536-digits,0001324404_000132440419000006_10K.txt,92510,497331
edgar-bpe-65536-digits,0001334978_000133497816000018_10K.txt,79386,396027
edgar-bpe-65536-digits,0001336920_000133692023000015_10K.txt,76739,418198
edgar-bpe-65536-digits,0001340476_000095017024018049_10K.txt,64985,347943
edgar-bpe-65536-digits,0001348362_000164033423002227_10K.txt,44341,229526
edgar-bpe-65536-digits,0001352952_000143774918005587_10K.txt,38125,199773
edgar-bpe-65536-digits,0001356093_000143774924008777_10K.txt,47508,261999
edgar-bpe-65536-digits,0001356284_000199937124004182_10K.txt,2502,11906
edgar-bpe-65536-digits,0001358190_000114420413015600_10K.txt,64051,312219
edgar-bpe-65536-digits,0001359841_000135984120000027_10K.txt,74898,397740
edgar-bpe-65536-digits,0001362516_000109181813000020_10K.txt,30298,162471
edgar-bpe-65536-digits,0001370702_000137070219000006_10K.txt,60710,327228
edgar-bpe-65536-digits,0001377149_000138713120003439_10K.txt,54730,290202
edgar-bpe-65536-digits,0001377936_000121390023035521_10K.txt,200821,933386
edgar-bpe-65536-digits,0001392694_000149315213001389_10K.txt,27654,137061
edgar-bpe-65536-digits,0001407200_000119312521091263_10K.txt,9189,42510
edgar-bpe-65536-digits,0001408057_000118518514000401_10K.txt,40425,214658
edgar-bpe-65536-digits,0001417664_000121465923004552_10K.txt,59270,300343
edgar-bpe-65536-digits,0001418819_000141881920000004_10K.txt,73347,392661
edgar-bpe-65536-digits,0001419612_000117891320000672_10K.txt,73922,398252
edgar-bpe-65536-digits,0001423723_000121390021018369_10K.txt,30896,159902
edgar-bpe-65536-digits,0001424755_000114420418009811_10K.txt,96174,490684
edgar-bpe-65536-digits,0001432963_000121390014001960_10K.txt,18247,94482
edgar-bpe-65536-digits,0001445305_000144530518000054_10K.txt,65776,360118
edgar-bpe-65536-digits,0001445831_000144583117000002_10K.txt,13383,71259
edgar-bpe-65536-digits,0001462566_000126246315000161_10K.txt,22860,116545
edgar-bpe-65536-digits,0001464165_000147793217002007_10K.txt,43359,231277
edgar-bpe-65536-digits,0001464343_000143774923006513_10K.txt,76375,414454
edgar-bpe-65536-digits,0001467760_000146776024000010_10K.txt,82008,432632
edgar-bpe-65536-digits,0001468780_000121465915002463_10K.txt,31157,164778
edgar-bpe-65536-digits,0001473579_000161577418002112_10K.txt,69677,356919
edgar-bpe-65536-digits,0001476170_000156459016025989_10K.txt,97890,536197
edgar-bpe-65536-digits,0001479320_000137216715000017_10K.txt,19890,99571
edgar-bpe-65536-digits,0001482912_000119312515113762_10K.txt,3583,17790
edgar-bpe-65536-digits,0001487718_000121390023031453_10K.txt,42055,215931
edgar-bpe-65536-digits,0001487952_000148795224000006_10K.txt,61714,330471
edgar-bpe-65536-digits,0001494582_000143774919005179_10K.txt,81423,433011
edgar-bpe-65536-digits,0001494722_000146970915000335_10K.txt,14472,73833
edgar-bpe-65536-digits,0001500122_000168316818000745_10K.txt,23050,118498
edgar-bpe-65536-digits,0001504876_000121390016010112_10K.txt,15770,80592
edgar-bpe-65536-digits,0001504886_000119312517099681_10K.txt,55781,282979
edgar-bpe-65536-digits,0001509589_000150958918000004_10K.txt,87165,471032
edgar-bpe-65536-digits,0001517006_000162828024005761_10K.txt,79239,417321
edgar-bpe-65536-digits,0001517302_000151730222000012_10K.txt,77144,407954
edgar-bpe-65536-digits,0001532619_000153261913000017_10K.txt,20489,98019
edgar-bpe-65536-digits,0001538123_000149315215006241_10K.txt,40574,207571
edgar-bpe-65536-digits,0001539778_000147793213006066_10K.txt,18712,95236
edgar-bpe-65536-digits,0001543066_000116169713000388_10K.txt,21738,116256
edgar-bpe-65536-digits,0001546679_000117184315003641_10K.txt,34599,185167
edgar-bpe-65536-digits,0001554054_000121465919007954_10K.txt,11061,56154
edgar-bpe-65536-digits,0001556739_000155673914000004_10K.txt,78768,425236
edgar-bpe-65536-digits,0001566978_000104746914009533_10K.txt,94873,485937
edgar-bpe-65536-digits,0001575098_000114036123015256_10K.txt,6655,33306
edgar-bpe-65536-digits,0001576575_000126246315000254_10K.txt,35697,188553
edgar-bpe-65536-digits,0001580673_000158067317000025_10K.txt,120763,661985
edgar-bpe-65536-digits,0001580808_000162828019003017_10K.txt,64545,354769
edgar-bpe-65536-digits,0001581378_000116169715000432_10K.txt,15495,83206
edgar-bpe-65536-digits,0001586883_000102024217000052_10K.txt,8278,40563
edgar-bpe-65536-digits,0001590418_000168316823002065_10K.txt,62457,319347
edgar-bpe-65536-digits,0001592379_000159237916000111_10K.txt,63222,344206
edgar-bpe-65536-digits,0001601744_000188852422002782_10K.txt,4622,22240
edgar-bpe-65536-digits,0001611647_000156459017004284_10K.txt,50327,268011
edgar-bpe-65536-digits,0001618694_000161869416000029_10K.txt,61544,327373
edgar-bpe-65536-digits,0001620749_000164033423000027_10K.txt,17066,90696
edgar-bpe-65536-digits,0001621227_000155837022003489_10K.txt,91629,493799
edgar-bpe-65536-digits,0001621672_000143774923008795_10K.txt,78293,430900
edgar-bpe-65536-digits,0001622996_000164033418000094_10K.txt,18934,100419
edgar-bpe-65536-digits,0001627554_000147793217000766_10K.txt,19297,101391
edgar-bpe-65536-digits,0001630690_000105640418001689_10K.txt,8572,41135
edgar-bpe-65536-digits,0001634432_000155837021002288_10K.txt,78286,407444
edgar-bpe-65536-digits,0001641489_000156459020005627_10K.txt,100149,543503
edgar-bpe-65536-digits,0001641631_000107878216003604_10K.txt,14690,78690
edgar-bpe-65536-digits,0001643953_000121390016011527_10K.txt,60126,319090
edgar-bpe-65536-digits,0001647254_000154063917000225_10K.txt,3097,14951
edgar-bpe-65536-digits,0001662774_000156459021009867_10K.txt,84455,474159
edgar-bpe-65536-digits,0001666176_000092963819000389_10K.txt,4227,21051
edgar-bpe-65536-digits,0001685212_000105640417001108_10K.txt,16704,80707
edgar-bpe-65536-digits,0001690110_000105640418001992_10K.txt,15499,78237
edgar-bpe-65536-digits,0001699462_000105640419002368_10K.txt,15898,77143
edgar-bpe-65536-digits,0001702750_000156459021010980_10K.txt,102857,547456
edgar-bpe-65536-digits,0001705181_000095017024019124_10K.txt,116719,613893
edgar-bpe-65536-digits,0001715933_000095017023010240_10K.txt,67308,347015
edgar-bpe-65536-digits,0001716187_000188852423002959_10K.txt,14356,69548
edgar-bpe-65536-digits,0001717556_000149315220010175_10K.txt,72121,369227
edgar-bpe-65536-digits,0001723291_000105640419002594_10K.txt,18996,92994
edgar-bpe-65536-digits,0001748790_000174879022000024_10K.txt,63288,334411
edgar-bpe-65536-digits,0001756497_000175649722000007_10K.txt,96703,533875
edgar-bpe-65536-digits,0001769624_000121390022012228_10K.txt,50608,266462
edgar-bpe-65536-digits,0001773407_000092963821000491_10K.txt,3623,17689
edgar-bpe-65536-digits,0001774675_000155837022005527_10K.txt,101219,534342
edgar-bpe-65536-digits,0001786352_000156459020041865_10K.txt,71584,394169
edgar-bpe-65536-digits,0001797768_000114036121010528_10K.txt,111790,620169
edgar-bpe-65536-digits,0001801338_000105640421002841_10K.txt,18178,85954
edgar-bpe-65536-digits,0001801661_000162828021004659_10K.txt,78371,419369
edgar-bpe-65536-digits,0001804591_000180459124000038_10K.txt,125869,696561
edgar-bpe-65536-digits,0001816581_000119312521074025_10K.txt,57134,310151
edgar-bpe-65536-digits,0001817669_000121390021017162_10K.txt,3190,15448
edgar-bpe-65536-digits,0001819608_000119312522091731_10K.txt,82043,453178
edgar-bpe-65536-digits,0001825739_000141057822000725_10K.txt,71729,399463
edgar-bpe-65536-digits,0001841800_000095017023009502_10K.txt,83975,462301
edgar-bpe-65536-digits,0001855467_000149315224051917_10K.txt,73350,387061
edgar-bpe-65536-digits,0001892492_000149315223012596_10K.txt,72281,371308
edgar-bpe-65536-line,0000020212_000002021218000010_10K.txt,49247,371608
edgar-bpe-65536-line,0000040888_000004088819000004_10K.txt,45141,367292
edgar-bpe-65536-line,0000353569_000035356921000028_10K.txt,35385,298359
edgar-bpe-65536-line,0000718332_000101054917000349_10K.txt,17770,132232
edgar-bpe-65536-line,0000789073_000119312513002379_13D.txt,2297,11369
edgar-bpe-65536-line,0000845289_000119312512117688_10K.txt,76770,514027
edgar-bpe-65536-line,0000868725_000092189517000647_13D.txt,1277,6892
edgar-bpe-65536-line,0001019737_000156459018003055_10K.txt,34047,302765
edgar-bpe-65536-line,0001065201_000143774922007724_10K.txt,22358,181736
edgar-bpe-65536-line,0001096142_000109614213000006_10K.txt,55777,454260
edgar-bpe-65536-line,0001098146_000143774920008866_10K.txt,40483,335181
edgar-bpe-65536-line,0001179500_000156459016014274_10K.txt,51227,424388
edgar-bpe-65536-line,0001371217_000091957419007335_13D.txt,2190,12122
edgar-bpe-65536-line,0001371217_000155837019005143_10K.txt,34877,314583
edgar-bpe-65536-line,0001441634_000119312514202686_13D.txt,4328,30673
edgar-bpe-65536-line,0001449447_000160706216001077_10K.txt,18518,128162
edgar-bpe-65536-line,0001511161_000139390515000579_10K.txt,10092,89258
edgar-bpe-65536-line,0001584754_000121390021045465_10K.txt,35046,282198
edgar-bpe-65536-line,0001586727_000161577415003244_10K.txt,13958,112417
edgar-bpe-65536-line,0001591890_000114420417000015_13D.txt,1620,8820
edgar-bpe-65536-line,0001635881_000163588121000012_10K.txt,41226,377228
edgar-bpe-65536-line,0001662382_000121390020008234_10K.txt,42223,337922
edgar-bpe-65536-line,0001841804_000095017023003203_10K.txt,51820,458792
edgar-bpe-65536-line,0000003570_000000357024000040_10K.txt,52266,398079
edgar-bpe-65536-line,0000008868_000000886822000005_10K.txt,60720,505314
edgar-bpe-65536-line,0000019745_000162828018002594_10K.txt,53131,405419
edgar-bpe-65536-line,0000022356_000002235621000015_10K.txt,70713,529915
edgar-bpe-65536-line,0000027093_000149315222023030_10K.txt,37090,282662
edgar-bpe-65536-line,0000027430_000078725024000006_10K.txt,52823,435351
edgar-bpe-65536-line,0000038984_000156459015001692_10K.txt,43712,376638
edgar-bpe-65536-line,0000049600_000004960018000009_10K.txt,42779,298421
edgar-bpe-65536-line,0000055604_000119312513106993_10K.txt,21596,161587
edgar-bpe-65536-line,0000072971_000007297119000227_10K.txt,8428,73751
edgar-bpe-65536-line,0000082811_000008281119000018_10K.txt,34457,287896
edgar-bpe-65536-line,0000089800_000008980020000005_10K.txt,43556,357711
edgar-bpe-65536-line,0000092679_000144530513002224_10K.txt,34996,307153
edgar-bpe-65536-line,0000096021_000009602121000093_10K.txt,56600,449448
edgar-bpe-65536-line,0000099302_000120677417001858_10K.txt,29477,212006
edgar-bpe-65536-line,0000100378_000143774920018707_10K.txt,28012,236786
edgar-bpe-65536-line,0000277948_000027794816000046_10K.txt,36393,274229
edgar-bpe-65536-line,0000319458_000143774920005775_10K.txt,29948,266952
edgar-bpe-65536-line,0000351789_000089710115000350_10K.txt,10359,93258
edgar-bpe-65536-line,0000354963_000162828017002855_10K.txt,50829,404212
edgar-bpe-65536-line,0000706863_000070686318000012_10K.txt,43735,354384
edgar-bpe-65536-line,0000710782_000107878217000994_10K.txt,6652,60987
edgar-bpe-65536-line,0000714256_000149315223008240_10K.txt,49128,385688
edgar-bpe-65536-line,0000731245_000114420416093925_10K.txt,19063,148762
edgar-bpe-65536-line,0000732834_000073283419000002_10K.txt,51618,430900
edgar-bpe-65536-line,0000733076_000073307624000007_10K.txt,65659,539928
edgar-bpe-65536-line,0000798081_000114420413030790_10K.txt,40844,268464
edgar-bpe-65536-line,0000807882_000080788218000021_10K.txt,38292,311687
edgar-bpe-65536-line,0000808362_000080836214000007_10K.txt,36593,303632
edgar-bpe-65536-line,0000812306_000143774922023194_10K.txt,17605,139398
edgar-bpe-65536-line,0000814585_000119312513080289_10K.txt,112172,887055
edgar-bpe-65536-line,0000820771_000149315222020601_10K.txt,13405,108171
edgar-bpe-65536-line,0000822663_000175392623000213_10K.txt,53714,356414
edgar-bpe-65536-line,0000823546_000107878215001058_10K.txt,13764,121185
edgar-bpe-65536-line,0000830483_000144586613000457_10K.txt,22328,169328
edgar-bpe-65536-line,0000845877_000084587715000035_10K.txt,84679,598978
edgar-bpe-65536-line,0000846617_000084661719000017_10K.txt,44755,357977
edgar-bpe-65536-line,0000859747_000147793217002839_10K.txt,11854,110421
edgar-bpe-65536-line,0000865754_000086575413000005_10K.txt,32109,240550
edgar-bpe-65536-line,0000868671_000086867114000004_10K.txt,45842,352080
edgar-bpe-65536-line,0000880266_000088026617000005_10K.txt,40037,342033
edgar-bpe-65536-line,0000884219_000119312513101356_10K.txt,38187,281730
edgar-bpe-65536-line,0000884269_000143774919004169_10K.txt,16375,149027
edgar-bpe-65536-line,0000885978_000156761916001931_10K.txt,30645,259512
edgar-bpe-65536-line,0000886035_000088603516000144_10K.txt,53308,459016
edgar-bpe-65536-line,0000895464_000119380516003444_10K.txt,10444,92713
edgar-bpe-65536-line,0000899715_000089971520000057_10K.txt,46227,373703
edgar-bpe-65536-line,0000908259_000119312516518083_10K.txt,26620,216341
edgar-bpe-65536-line,0000913142_000091314222000007_10K.txt,38106,320750
edgar-bpe-65536-line,0000914748_000091474820000002_10K.txt,48792,300260
edgar-bpe-65536-line,0000915358_000091535822000010_10K.txt,33958,275260
edgar-bpe-65536-line,0000918386_000156459016020020_10K.txt,28523,256041
edgar-bpe-65536-line,0000919956_000162828016012237_10K.txt,38394,319374
edgar-bpe-65536-line,0000921114_000114420417016833_10K.txt,52844,423501
edgar-bpe-65536-line,0000923601_000149315221016798_10K.txt,28937,216603
edgar-bpe-65536-line,0001002590_000119312514439000_10K.txt,46580,367911
edgar-bpe-65536-line,0001006837_000100683722000015_10K.txt,74109,617297
edgar-bpe-65536-line,0001025996_000102599616000298_10K.txt,74958,587946
edgar-bpe-65536-line,0001029800_000102980014000005_10K.txt,34023,277079
edgar-bpe-65536-line,0001034670_000119312514061778_10K.txt,16097,126842
edgar-bpe-65536-line,0001035002_000103500219000008_10K.txt,44330,349608
edgar-bpe-65536-line,0001035092_000162828024011336_10K.txt,55177,458238
edgar-bpe-65536-line,0001035267_000103526715000014_10K.txt,51590,401301
edgar-bpe-65536-line,0001037189_000119312514121790_10K.txt,31235,243706
edgar-bpe-65536-line,0001042776_000104277618000040_10K.txt,45912,361187
edgar-bpe-65536-line,0001045450_000104545018000021_10K.txt,65077,475931
edgar-bpe-65536-line,0001046025_000104602520000037_10K.txt,54626,441819
edgar-bpe-65536-line,0001051627_000155837024003410_10K.txt,53301,432070
edgar-bpe-65536-line,0001054721_000156459020006135_10K.txt,22643,194425
edgar-bpe-65536-line,0001054905_000119312514050831_10K.txt,30162,238242
edgar-bpe-65536-line,0001065059_000106505913000010_10K.txt,83470,639539
edgar-bpe-65536-line,0001070081_000107008119000018_10K.txt,110280,920791
edgar-bpe-65536-line,0001077688_000118518520000497_10K.txt,35769,288756
edgar-bpe-65536-line,0001089872_000156459020006072_10K.txt,16760,147384
edgar-bpe-65536-line,0001090061_000109006115000006_10K.txt,36087,293789
edgar-bpe-65536-line,0001103021_000119312517085497_10K.txt,87858,647662
edgar-bpe-65536-line,0001123494_000117184318002041_10K.txt,38082,320682
edgar-bpe-65536-line,0001125259_000119312514025514_10K.txt,34761,242393
edgar-bpe-65536-line,0001126328_000104746914000817_10K.txt,101070,761310
edgar-bpe-65536-line,0001128361_000112836118000006_10K.txt,57859,451012
edgar-bpe-65536-line,0001131227_000113122717000006_10K.txt,43688,335673
edgar-bpe-65536-line,0001164863_000116486314000006_10K.txt,44619,350245
edgar-bpe-65536-line,0001169055_000156459016013321_10K.txt,59382,449054
edgar-bpe-65536-line,0001173281_000138713113000067_10K.txt,24312,188644
edgar-bpe-65536-line,0001173489_000143774924006970_10K.txt,45289,372449
edgar-bpe-65536-line,0001183765_000119312514085581_10K.txt,44983,364503
edgar-bpe-65536-line,0001227090_000106823814000063_10K.txt,1254,11436
edgar-bpe-65536-line,0001279695_000119312513102148_10K.txt,31285,243662
edgar-bpe-65536-line,0001279704_000141057824000307_10K.txt,44664,356498
edgar-bpe-65536-line,0001288855_000138713114001205_10K.txt,28376,207721
edgar-bpe-65536-line,0001300867_000106299313000700_10K.txt,19281,146692
edgar-bpe-65536-line,0001324404_000132440419000006_10K.txt,59209,497331
edgar-bpe-65536-line,0001334978_000133497816000018_10K.txt,55443,396027
edgar-bpe-65536-line,0001336920_000133692023000015_10K.txt,48355,418198
edgar-bpe-65536-line,0001340476_000095017024018049_10K.txt,42297,347943
edgar-bpe-65536-line,0001348362_000164033423002227_10K.txt,31066,229526
edgar-bpe-65536-line,0001352952_000143774918005587_10K.txt,23877,199773
edgar-bpe-65536-line,0001356093_000143774924008777_10K.txt,29496,261999
edgar-bpe-65536-line,0001356284_000199937124004182_10K.txt,1324,11906
edgar-bpe-65536-line,0001358190_000114420413015600_10K.txt,45531,312219
edgar-bpe-65536-line,0001359841_000135984120000027_10K.txt,49180,397740
edgar-bpe-65536-line,0001362516_000109181813000020_10K.txt,18730,162471
edgar-bpe-65536-line,0001370702_000137070219000006_10K.txt,38444,327228
edgar-bpe-65536-line,0001377149_000138713120003439_10K.txt,35501,290202
edgar-bpe-65536-line,0001377936_000121390023035521_10K.txt,142833,933386
edgar-bpe-65536-line,0001392694_000149315213001389_10K.txt,18945,137061
edgar-bpe-65536-line,0001407200_000119312521091263_10K.txt,5185,42510
edgar-bpe-65536-line,0001408057_000118518514000401_10K.txt,26830,214658
edgar-bpe-65536-line,0001417664_000121465923004552_10K.txt,39953,300343
edgar-bpe-65536-line,0001418819_000141881920000004_10K.txt,47749,392661
edgar-bpe-65536-line,0001419612_000117891320000672_10K.txt,48757,398252
edgar-bpe-65536-line,0001423723_000121390021018369_10K.txt,19327,159902
edgar-bpe-65536-line,0001424755_000114420418009811_10K.txt,64377,490684
edgar-bpe-65536-line,0001432963_000121390014001960_10K.txt,12018,94482
edgar-bpe-65536-line,0001445305_000144530518000054_10K.txt,40891,360118
edgar-bpe-65536-line,0001445831_000144583117000002_10K.txt,7681,71259
edgar-bpe-65536-line,0001462566_000126246315000161_10K.txt,14683,116545
edgar-bpe-65536-line,0001464165_000147793217002007_10K.txt,28575,231277
edgar-bpe-65536-line,0001464343_000143774923006513_10K.txt,49574,414454
edgar-bpe-65536-line,0001467760_000146776024000010_10K.txt,51249,432632
edgar-bpe-65536-line,0001468780_000121465915002463_10K.txt,20187,164778
edgar-bpe-65536-line,0001473579_000161577418002112_10K.txt,48100,356919
edgar-bpe-65536-line,0001476170_000156459016025989_10K.txt,61028,536197
edgar-bpe-65536-line,0001479320_000137216715000017_10K.txt,13833,99571
edgar-bpe-65536-line,0001482912_000119312515113762_10K.txt,2006,17790
edgar-bpe-65536-line,0001487718_000121390023031453_10K.txt,26165,215931
edgar-bpe-65536-line,0001487952_000148795224000006_10K.txt,38376,330471
edgar-bpe-65536-line,0001494582_000143774919005179_10K.txt,52449,433011
edgar-bpe-65536-line,0001494722_000146970915000335_10K.txt,8688,73833
edgar-bpe-65536-line,0001500122_000168316818000745_10K.txt,14322,118498
edgar-bpe-65536-line,0001504876_000121390016010112_10K.txt,9617,80592
edgar-bpe-65536-line,0001504886_000119312517099681_10K.txt,37487,282979
edgar-bpe-65536-line,0001509589_000150958918000004_10K.txt,57744,471032
edgar-bpe-65536-line,0001517006_000162828024005761_10K.txt,53150,417321
edgar-bpe-65536-line,0001517302_000151730222000012_10K.txt,50448,407954
edgar-bpe-65536-line,0001532619_000153261913000017_10K.txt,13912,98019
edgar-bpe-65536-line,0001538123_000149315215006241_10K.txt,25904,207571
edgar-bpe-65536-line,0001539778_000147793213006066_10K.txt,12754,95236
edgar-bpe-65536-line,0001543066_000116169713000388_10K.txt,12729,116256
edgar-bpe-65536-line,0001546679_000117184315003641_10K.txt,22417,185167
edgar-bpe-65536-line,0001554054_000121465919007954_10K.txt,6867,56154
edgar-bpe-65536-line,0001556739_000155673914000004_10K.txt,49053,425236
edgar-bpe-65536-line,0001566978_000104746914009533_10K.txt,64402,485937
edgar-bpe-65536-line,0001575098_000114036123015256_10K.txt,4010,33306
edgar-bpe-65536-line,0001576575_000126246315000254_10K.txt,22642,188553
edgar-bpe-65536-line,0001580673_000158067317000025_10K.txt,75733,661985
edgar-bpe-65536-line,0001580808_000162828019003017_10K.txt,40024,354769
edgar-bpe-65536-line,0001581378_000116169715000432_10K.txt,8727,83206
edgar-bpe-65536-line,0001586883_000102024217000052_10K.txt,5018,40563
edgar-bpe-65536-line,0001590418_000168316823002065_10K.txt,44261,319347
edgar-bpe-65536-line,0001592379_000159237916000111_10K.txt,40357,344206
edgar-bpe-65536-line,0001601744_000188852422002782_10K.txt,2603,22240
edgar-bpe-65536-line,0001611647_000156459017004284_10K.txt,31011,268011
edgar-bpe-65536-line,0001618694_000161869416000029_10K.txt,38779,327373
edgar-bpe-65536-line,0001620749_000164033423000027_10K.txt,9911,90696
edgar-bpe-65536-line,0001621227_000155837022003489_10K.txt,59997,493799
edgar-bpe-65536-line,0001621672_000143774923008795_10K.txt,48682,430900
edgar-bpe-65536-line,0001622996_000164033418000094_10K.txt,10803,100419
edgar-bpe-65536-line,0001627554_000147793217000766_10K.txt,11928,101391
edgar-bpe-65536-line,0001630690_000105640418001689_10K.txt,4949,41135
edgar-bpe-65536-line,0001634432_000155837021002288_10K.txt,52992,407444
edgar-bpe-65536-line,0001641489_000156459020005627_10K.txt,63137,543503
edgar-bpe-65536-line,0001641631_000107878216003604_10K.txt,8042,78690
edgar-bpe-65536-line,0001643953_000121390016011527_10K.txt,35254,319090
edgar-bpe-65536-line,0001647254_000154063917000225_10K.txt,1574,14951
edgar-bpe-65536-line,0001662774_000156459021009867_10K.txt,51866,474159
edgar-bpe-65536-line,0001666176_000092963819000389_10K.txt,2393,21051
edgar-bpe-65536-line,0001685212_000105640417001108_10K.txt,10351,80707
edgar-bpe-65536-line,0001690110_000105640418001992_10K.txt,7957,78237
edgar-bpe-65536-line,0001699462_000105640419002368_10K.txt,9196,77143
edgar-bpe-65536-line,0001702750_000156459021010980_10K.txt,67089,547456
edgar-bpe-65536-line,0001705181_000095017024019124_10K.txt,81243,613893
edgar-bpe-65536-line,0001715933_000095017023010240_10K.txt,44458,347015
edgar-bpe-65536-line,0001716187_000188852423002959_10K.txt,8664,69548
edgar-bpe-65536-line,0001717556_000149315220010175_10K.txt,48199,369227
edgar-bpe-65536-line,0001723291_000105640419002594_10K.txt,11308,92994
edgar-bpe-65536-line,0001748790_000174879022000024_10K.txt,39720,334411
edgar-bpe-65536-line,0001756497_000175649722000007_10K.txt,62004,533875
edgar-bpe-65536-line,0001769624_000121390022012228_10K.txt,30522,266462
edgar-bpe-65536-line,0001773407_000092963821000491_10K.txt,1941,17689
edgar-bpe-65536-line,0001774675_000155837022005527_10K.txt,67245,534342
edgar-bpe-65536-line,0001786352_000156459020041865_10K.txt,43724,394169
edgar-bpe-65536-line,0001797768_000114036121010528_10K.txt,71186,620169
edgar-bpe-65536-line,0001801338_000105640421002841_10K.txt,10542,85954
edgar-bpe-65536-line,0001801661_000162828021004659_10K.txt,48666,419369
edgar-bpe-65536-line,0001804591_000180459124000038_10K.txt,78952,696561
edgar-bpe-65536-line,0001816581_000119312521074025_10K.txt,30952,310151
edgar-bpe-65536-line,0001817669_000121390021017162_10K.txt,1847,15448
edgar-bpe-65536-line,0001819608_000119312522091731_10K.txt,46090,453178
edgar-bpe-65536-line,0001825739_000141057822000725_10K.txt,39537,399463
edgar-bpe-65536-line,0001841800_000095017023009502_10K.txt,50811,462301
edgar-bpe-65536-line,0001855467_000149315224051917_10K.txt,45268,387061
edgar-bpe-65536-line,0001892492_000149315223012596_10K.txt,46359,371308
edgar-bpe-131072-line,0000020212_000002021218000010_10K.txt,44778,371608
edgar-bpe-131072-line,0000040888_000004088819000004_10K.txt,40663,367292
edgar-bpe-131072-line,0000353569_000035356921000028_10K.txt,31798,298359
edgar-bpe-131072-line,0000718332_000101054917000349_10K.txt,16301,132232
edgar-bpe-131072-line,0000789073_000119312513002379_13D.txt,1904,11369
edgar-bpe-131072-line,0000845289_000119312512117688_10K.txt,70504,514027
edgar-bpe-131072-line,0000868725_000092189517000647_13D.txt,1037,6892
edgar-bpe-131072-line,0001019737_000156459018003055_10K.txt,30703,302765
edgar-bpe-131072-line,0001065201_000143774922007724_10K.txt,20249,181736
edgar-bpe-131072-line,0001096142_000109614213000006_10K.txt,50625,454260
edgar-bpe-131072-line,0001098146_000143774920008866_10K.txt,36487,335181
edgar-bpe-131072-line,0001179500_000156459016014274_10K.txt,46112,424388
edgar-bpe-131072-line,0001371217_000091957419007335_13D.txt,1816,12122
edgar-bpe-131072-line,0001371217_000155837019005143_10K.txt,31296,314583
edgar-bpe-131072-line,0001441634_000119312514202686_13D.txt,3930,30673
edgar-bpe-131072-line,0001449447_000160706216001077_10K.txt,16946,128162
edgar-bpe-131072-line,0001511161_000139390515000579_10K.txt,8905,89258
edgar-bpe-131072-line,0001584754_000121390021045465_10K.txt,31679,282198
edgar-bpe-131072-line,0001586727_000161577415003244_10K.txt,12652,112417
edgar-bpe-131072-line,0001591890_000114420417000015_13D.txt,1426,8820
edgar-bpe-131072-line,0001635881_000163588121000012_10K.txt,37043,377228
edgar-bpe-131072-line,0001662382_000121390020008234_10K.txt,38285,337922
edgar-bpe-131072-line,0001841804_000095017023003203_10K.txt,46296,458792
edgar-bpe-131072-line,0000003570_000000357024000040_10K.txt,47063,398079
edgar-bpe-131072-line,0000008868_000000886822000005_10K.txt,55041,505314
edgar-bpe-131072-line,0000019745_000162828018002594_10K.txt,47934,405419
edgar-bpe-131072-line,0000022356_000002235621000015_10K.txt,63614,529915
edgar-bpe-131072-line,0000027093_000149315222023030_10K.txt,33705,282662
edgar-bpe-131072-line,0000027430_000078725024000006_10K.txt,47755,435351
edgar-bpe-131072-line,0000038984_000156459015001692_10K.txt,39647,376638
edgar-bpe-131072-line,0000049600_000004960018000009_10K.txt,38508,298421
edgar-bpe-131072-line,0000055604_000119312513106993_10K.txt,19534,161587
edgar-bpe-131072-line,0000072971_000007297119000227_10K.txt,7533,73751
edgar-bpe-131072-line,0000082811_000008281119000018_10K.txt,31156,287896
edgar-bpe-131072-line,0000089800_000008980020000005_10K.txt,39422,357711
edgar-bpe-131072-line,0000092679_000144530513002224_10K.txt,31504,307153
edgar-bpe-131072-line,0000096021_000009602121000093_10K.txt,50947,449448
edgar-bpe-131072-line,0000099302_000120677417001858_10K.txt,27143,212006
edgar-bpe-131072-line,0000100378_000143774920018707_10K.txt,25251,236786
edgar-bpe-131072-line,0000277948_000027794816000046_10K.txt,33039,274229
edgar-bpe-131072-line,0000319458_000143774920005775_10K.txt,27070,266952
edgar-bpe-131072-line,0000351789_000089710115000350_10K.txt,9328,93258
edgar-bpe-131072-line,0000354963_000162828017002855_10K.txt,46139,404212
edgar-bpe-131072-line,0000706863_000070686318000012_10K.txt,39314,354384
edgar-bpe-131072-line,0000710782_000107878217000994_10K.txt,5977,60987
edgar-bpe-131072-line,0000714256_000149315223008240_10K.txt,44565,385688
edgar-bpe-131072-line,0000731245_000114420416093925_10K.txt,17316,148762
edgar-bpe-131072-line,0000732834_000073283419000002_10K.txt,46532,430900
edgar-bpe-131072-line,0000733076_000073307624000007_10K.txt,59141,539928
edgar-bpe-131072-line,0000798081_000114420413030790_10K.txt,37641,268464
edgar-bpe-131072-line,0000807882_000080788218000021_10K.txt,34806,311687
edgar-bpe-131072-line,0000808362_000080836214000007_10K.txt,32989,303632
edgar-bpe-131072-line,0000812306_000143774922023194_10K.txt,15858,139398
edgar-bpe-131072-line,0000814585_000119312513080289_10K.txt,102536,887055
edgar-bpe-131072-line,0000820771_000149315222020601_10K.txt,12185,108171
edgar-bpe-131072-line,0000822663_000175392623000213_10K.txt,49358,356414
edgar-bpe-131072-line,0000823546_000107878215001058_10K.txt,12335,121185
edgar-bpe-131072-line,0000830483_000144586613000457_10K.txt,20189,169328
edgar-bpe-131072-line,0000845877_000084587715000035_10K.txt,76190,598978
edgar-bpe-131072-line,0000846617_000084661719000017_10K.txt,40294,357977
edgar-bpe-131072-line,0000859747_000147793217002839_10K.txt,10686,110421
edgar-bpe-131072-line,0000865754_000086575413000005_10K.txt,29200,240550
edgar-bpe-131072-line,0000868671_000086867114000004_10K.txt,41557,352080
edgar-bpe-131072-line,0000880266_000088026617000005_10K.txt,36452,342033
edgar-bpe-131072-line,0000884219_000119312513101356_10K.txt,34954,281730
edgar-bpe-131072-line,0000884269_000143774919004169_10K.txt,14787,149027
edgar-bpe-131072-line,0000885978_000156761916001931_10K.txt,27639,259512
edgar-bpe-131072-line,0000886035_000088603516000144_10K.txt,48628,459016
edgar-bpe-131072-line,0000895464_000119380516003444_10K.txt,9388,92713
edgar-bpe-131072-line,0000899715_000089971520000057_10K.txt,41488,373703
edgar-bpe-131072-line,0000908259_000119312516518083_10K.txt,23949,216341
edgar-bpe-131072-line,0000913142_000091314222000007_10K.txt,34427,320750
edgar-bpe-131072-line,0000914748_000091474820000002_10K.txt,44992,300260
edgar-bpe-131072-line,0000915358_000091535822000010_10K.txt,30390,275260
edgar-bpe-131072-line,0000918386_000156459016020020_10K.txt,25662,256041
edgar-bpe-131072-line,0000919956_000162828016012237_10K.txt,34914,319374
edgar-bpe-131072-line,0000921114_000114420417016833_10K.txt,47618,423501
edgar-bpe-131072-line,0000923601_000149315221016798_10K.txt,26122,216603
edgar-bpe-131072-line,0001002590_000119312514439000_10K.txt,42436,367911
edgar-bpe-131072-line,0001006837_000100683722000015_10K.txt,67258,617297
edgar-bpe-131072-line,0001025996_000102599616000298_10K.txt,67617,587946
edgar-bpe-131072-line,0001029800_000102980014000005_10K.txt,30698,277079
edgar-bpe-131072-line,0001034670_000119312514061778_10K.txt,14844,126842
edgar-bpe-131072-line,0001035002_000103500219000008_10K.txt,39899,349608
edgar-bpe-131072-line,0001035092_000162828024011336_10K.txt,49467,458238
edgar-bpe-131072-line,0001035267_000103526715000014_10K.txt,46365,401301
edgar-bpe-131072-line,0001037189_000119312514121790_10K.txt,28049,243706
edgar-bpe-131072-line,0001042776_000104277618000040_10K.txt,41290,361187
edgar-bpe-131072-line,0001045450_000104545018000021_10K.txt,59007,475931
edgar-bpe-131072-line,0001046025_000104602520000037_10K.txt,49230,441819
edgar-bpe-131072-line,0001051627_000155837024003410_10K.txt,48162,432070
edgar-bpe-131072-line,0001054721_000156459020006135_10K.txt,20384,194425
edgar-bpe-131072-line,0001054905_000119312514050831_10K.txt,27682,238242
edgar-bpe-131072-line,0001065059_000106505913000010_10K.txt,76678,639539
edgar-bpe-131072-line,0001070081_000107008119000018_10K.txt,99027,920791
edgar-bpe-131072-line,0001077688_000118518520000497_10K.txt,32371,288756
edgar-bpe-131072-line,0001089872_000156459020006072_10K.txt,15220,147384
edgar-bpe-131072-line,0001090061_000109006115000006_10K.txt,32808,293789
edgar-bpe-131072-line,0001103021_000119312517085497_10K.txt,80355,647662
edgar-bpe-131072-line,0001123494_000117184318002041_10K.txt,34650,320682
edgar-bpe-131072-line,0001125259_000119312514025514_10K.txt,31571,242393
edgar-bpe-131072-line,0001126328_000104746914000817_10K.txt,92945,761310
edgar-bpe-131072-line,0001128361_000112836118000006_10K.txt,52097,451012
edgar-bpe-131072-line,0001131227_000113122717000006_10K.txt,39745,335673
edgar-bpe-131072-line,0001164863_000116486314000006_10K.txt,40509,350245
edgar-bpe-131072-line,0001169055_000156459016013321_10K.txt,53084,449054
edgar-bpe-131072-line,0001173281_000138713113000067_10K.txt,22002,188644
edgar-bpe-131072-line,0001173489_000143774924006970_10K.txt,40912,372449
edgar-bpe-131072-line,0001183765_000119312514085581_10K.txt,40280,364503
edgar-bpe-131072-line,0001227090_000106823814000063_10K.txt,1131,11436
edgar-bpe-131072-line,0001279695_000119312513102148_10K.txt,28235,243662
edgar-bpe-131072-line,0001279704_000141057824000307_10K.txt,39897,356498
edgar-bpe-131072-line,0001288855_000138713114001205_10K.txt,25739,207721
edgar-bpe-131072-line,0001300867_000106299313000700_10K.txt,17486,146692
edgar-bpe-131072-line,0001324404_000132440419000006_10K.txt,53280,497331
edgar-bpe-131072-line,0001334978_000133497816000018_10K.txt,50772,396027
edgar-bpe-131072-line,0001336920_000133692023000015_10K.txt,43665,418198
edgar-bpe-131072-line,0001340476_000095017024018049_10K.txt,38165,347943
edgar-bpe-131072-line,0001348362_000164033423002227_10K.txt,28019,229526
edgar-bpe-131072-line,0001352952_000143774918005587_10K.txt,21479,199773
edgar-bpe-131072-line,0001356093_000143774924008777_10K.txt,26506,261999
edgar-bpe-131072-line,0001356284_000199937124004182_10K.txt,1127,11906
edgar-bpe-131072-line,0001358190_000114420413015600_10K.txt,41684,312219
edgar-bpe-131072-line,0001359841_000135984120000027_10K.txt,44409,397740
edgar-bpe-131072-line,0001362516_000109181813000020_10K.txt,16932,162471
edgar-bpe-131072-line,0001370702_000137070219000006_10K.txt,33889,327228
edgar-bpe-131072-line,0001377149_000138713120003439_10K.txt,32424,290202
edgar-bpe-131072-line,0001377936_000121390023035521_10K.txt,130891,933386
edgar-bpe-131072-line,0001392694_000149315213001389_10K.txt,17242,137061
edgar-bpe-131072-line,0001407200_000119312521091263_10K.txt,4617,42510
edgar-bpe-131072-line,0001408057_000118518514000401_10K.txt,24272,214658
edgar-bpe-131072-line,0001417664_000121465923004552_10K.txt,36432,300343
edgar-bpe-131072-line,0001418819_000141881920000004_10K.txt,43401,392661
edgar-bpe-131072-line,0001419612_000117891320000672_10K.txt,44227,398252
edgar-bpe-131072-line,0001423723_000121390021018369_10K.txt,17616,159902
edgar-bpe-131072-line,0001424755_000114420418009811_10K.txt,59187,490684
edgar-bpe-131072-line,0001432963_000121390014001960_10K.txt,10856,94482
edgar-bpe-131072-line,0001445305_000144530518000054_10K.txt,36607,360118
edgar-bpe-131072-line,0001445831_000144583117000002_10K.txt,6925,71259
edgar-bpe-131072-line,0001462566_000126246315000161_10K.txt,13407,116545
edgar-bpe-131072-line,0001464165_000147793217002007_10K.txt,25583,231277
edgar-bpe-131072-line,0001464343_000143774923006513_10K.txt,45067,414454
edgar-bpe-131072-line,0001467760_000146776024000010_10K.txt,46470,432632
edgar-bpe-131072-line,0001468780_000121465915002463_10K.txt,18329,164778
edgar-bpe-131072-line,0001473579_000161577418002112_10K.txt,43381,356919
edgar-bpe-131072-line,0001476170_000156459016025989_10K.txt,55250,536197
edgar-bpe-131072-line,0001479320_000137216715000017_10K.txt,12324,99571
edgar-bpe-131072-line,0001482912_000119312515113762_10K.txt,1701,17790
edgar-bpe-131072-line,0001487718_000121390023031453_10K.txt,23733,215931
edgar-bpe-131072-line,0001487952_000148795224000006_10K.txt,34641,330471
edgar-bpe-131072-line,0001494582_000143774919005179_10K.txt,47313,433011
edgar-bpe-131072-line,0001494722_000146970915000335_10K.txt,7843,73833
edgar-bpe-131072-line,0001500122_000168316818000745_10K.txt,12970,118498
edgar-bpe-131072-line,0001504876_000121390016010112_10K.txt,8709,80592
edgar-bpe-131072-line,0001504886_000119312517099681_10K.txt,33936,282979
edgar-bpe-131072-line,0001509589_000150958918000004_10K.txt,52027,471032
edgar-bpe-131072-line,0001517006_000162828024005761_10K.txt,47734,417321
edgar-bpe-131072-line,0001517302_000151730222000012_10K.txt,45459,407954
edgar-bpe-131072-line,0001532619_000153261913000017_10K.txt,12871,98019
edgar-bpe-131072-line,0001538123_000149315215006241_10K.txt,23346,207571
edgar-bpe-131072-line,0001539778_000147793213006066_10K.txt,11516,95236
edgar-bpe-131072-line,0001543066_000116169713000388_10K.txt,11443,116256
edgar-bpe-131072-line,0001546679_000117184315003641_10K.txt,20077,185167
edgar-bpe-131072-line,0001554054_000121465919007954_10K.txt,6140,56154
edgar-bpe-131072-line,0001556739_000155673914000004_10K.txt,44372,425236
edgar-bpe-131072-line,0001566978_000104746914009533_10K.txt,58398,485937
edgar-bpe-131072-line,0001575098_000114036123015256_10K.txt,3498,33306
edgar-bpe-131072-line,0001576575_000126246315000254_10K.txt,20573,188553
edgar-bpe-131072-line,0001580673_000158067317000025_10K.txt,68565,661985
edgar-bpe-131072-line,0001580808_000162828019003017_10K.txt,35990,354769
edgar-bpe-131072-line,0001581378_000116169715000432_10K.txt,7787,83206
edgar-bpe-131072-line,0001586883_000102024217000052_10K.txt,4309,40563
edgar-bpe-131072-line,0001590418_000168316823002065_10K.txt,40285,319347
edgar-bpe-131072-line,0001592379_000159237916000111_10K.txt,36370,344206
edgar-bpe-131072-line,0001601744_000188852422002782_10K.txt,2164,22240
edgar-bpe-131072-line,0001611647_000156459017004284_10K.txt,27953,268011
edgar-bpe-131072-line,0001618694_000161869416000029_10K.txt,35110,327373
edgar-bpe-131072-line,0001620749_000164033423000027_10K.txt,8821,90696
edgar-bpe-131072-line,0001621227_000155837022003489_10K.txt,53937,493799
edgar-bpe-131072-line,0001621672_000143774923008795_10K.txt,44016,430900
edgar-bpe-131072-line,0001622996_000164033418000094_10K.txt,9696,100419
edgar-bpe-131072-line,0001627554_000147793217000766_10K.txt,10654,101391
edgar-bpe-131072-line,0001630690_000105640418001689_10K.txt,4204,41135
edgar-bpe-131072-line,0001634432_000155837021002288_10K.txt,47294,407444
edgar-bpe-131072-line,0001641489_000156459020005627_10K.txt,56126,543503
edgar-bpe-131072-line,0001641631_000107878216003604_10K.txt,7165,78690
edgar-bpe-131072-line,0001643953_000121390016011527_10K.txt,30476,319090
edgar-bpe-131072-line,0001647254_000154063917000225_10K.txt,1392,14951
edgar-bpe-131072-line,0001662774_000156459021009867_10K.txt,45756,474159
edgar-bpe-131072-line,0001666176_000092963819000389_10K.txt,2037,21051
edgar-bpe-131072-line,0001685212_000105640417001108_10K.txt,8789,80707
edgar-bpe-131072-line,0001690110_000105640418001992_10K.txt,6479,78237
edgar-bpe-131072-line,0001699462_000105640419002368_10K.txt,7748,77143
edgar-bpe-131072-line,0001702750_000156459021010980_10K.txt,60328,547456
edgar-bpe-131072-line,0001705181_000095017024019124_10K.txt,73599,613893
edgar-bpe-131072-line,0001715933_000095017023010240_10K.txt,40308,347015
edgar-bpe-131072-line,0001716187_000188852423002959_10K.txt,7321,69548
edgar-bpe-131072-line,0001717556_000149315220010175_10K.txt,43752,369227
edgar-bpe-131072-line,0001723291_000105640419002594_10K.txt,9417,92994
edgar-bpe-131072-line,0001748790_000174879022000024_10K.txt,35897,334411
edgar-bpe-131072-line,0001756497_000175649722000007_10K.txt,56185,533875
edgar-bpe-131072-line,0001769624_000121390022012228_10K.txt,27110,266462
edgar-bpe-131072-line,0001773407_000092963821000491_10K.txt,1623,17689
edgar-bpe-131072-line,0001774675_000155837022005527_10K.txt,60695,534342
edgar-bpe-131072-line,0001786352_000156459020041865_10K.txt,39285,394169
edgar-bpe-131072-line,0001797768_000114036121010528_10K.txt,63219,620169
edgar-bpe-131072-line,0001801338_000105640421002841_10K.txt,8926,85954
edgar-bpe-131072-line,0001801661_000162828021004659_10K.txt,43631,419369
edgar-bpe-131072-line,0001804591_000180459124000038_10K.txt,70542,696561
edgar-bpe-131072-line,0001816581_000119312521074025_10K.txt,26131,310151
edgar-bpe-131072-line,0001817669_000121390021017162_10K.txt,1574,15448
edgar-bpe-131072-line,0001819608_000119312522091731_10K.txt,38854,453178
edgar-bpe-131072-line,0001825739_000141057822000725_10K.txt,33523,399463
edgar-bpe-131072-line,0001841800_000095017023009502_10K.txt,45568,462301
edgar-bpe-131072-line,0001855467_000149315224051917_10K.txt,40574,387061
edgar-bpe-131072-line,0001892492_000149315223012596_10K.txt,42116,371308
gpt2,0000020212_000002021218000010_10K.txt,81742,371608
gpt2,0000040888_000004088819000004_10K.txt,80998,367292
gpt2,0000353569_000035356921000028_10K.txt,61847,298359
gpt2,0000718332_000101054917000349_10K.txt,31272,132232
gpt2,0000789073_000119312513002379_13D.txt,3473,11369
gpt2,0000845289_000119312512117688_10K.txt,125807,514027
gpt2,0000868725_000092189517000647_13D.txt,1979,6892
gpt2,0001019737_000156459018003055_10K.txt,64863,302765
gpt2,0001065201_000143774922007724_10K.txt,41001,181736
gpt2,0001096142_000109614213000006_10K.txt,99459,454260
gpt2,0001098146_000143774920008866_10K.txt,76480,335181
gpt2,0001179500_000156459016014274_10K.txt,93391,424388
gpt2,0001371217_000091957419007335_13D.txt,3337,12122
gpt2,0001371217_000155837019005143_10K.txt,65406,314583
gpt2,0001441634_000119312514202686_13D.txt,7356,30673
gpt2,0001449447_000160706216001077_10K.txt,30783,128162
gpt2,0001511161_000139390515000579_10K.txt,18874,89258
gpt2,0001584754_000121390021045465_10K.txt,60858,282198
gpt2,0001586727_000161577415003244_10K.txt,25435,112417
gpt2,0001591890_000114420417000015_13D.txt,2539,8820
gpt2,0001635881_000163588121000012_10K.txt,76043,377228
gpt2,0001662382_000121390020008234_10K.txt,71719,337922
gpt2,0001841804_000095017023003203_10K.txt,93613,458792
gpt2,0000003570_000000357024000040_10K.txt,87500,398079
gpt2,0000008868_000000886822000005_10K.txt,106624,505314
gpt2,0000019745_000162828018002594_10K.txt,90890,405419
gpt2,0000022356_000002235621000015_10K.txt,120645,529915
gpt2,0000027093_000149315222023030_10K.txt,63249,282662
gpt2,0000027430_000078725024000006_10K.txt,94950,435351
gpt2,0000038984_000156459015001692_10K.txt,82123,376638
gpt2,0000049600_000004960018000009_10K.txt,76674,298421
gpt2,0000055604_000119312513106993_10K.txt,38360,161587
gpt2,0000072971_000007297119000227_10K.txt,16782,73751
gpt2,0000082811_000008281119000018_10K.txt,64104,287896
gpt2,0000089800_000008980020000005_10K.txt,80045,357711
gpt2,0000092679_000144530513002224_10K.txt,64610,307153
gpt2,0000096021_000009602121000093_10K.txt,98800,449448
gpt2,0000099302_000120677417001858_10K.txt,49650,212006
gpt2,0000100378_000143774920018707_10K.txt,53433,236786
gpt2,0000277948_000027794816000046_10K.txt,59990,274229
gpt2,0000319458_000143774920005775_10K.txt,56587,266952
gpt2,0000351789_000089710115000350_10K.txt,21046,93258
gpt2,0000354963_000162828017002855_10K.txt,86680,404212
gpt2,0000706863_000070686318000012_10K.txt,77722,354384
gpt2,0000710782_000107878217000994_10K.txt,13146,60987
gpt2,0000714256_000149315223008240_10K.txt,82443,385688
gpt2,0000731245_000114420416093925_10K.txt,34075,148762
gpt2,0000732834_000073283419000002_10K.txt,91985,430900
gpt2,0000733076_000073307624000007_10K.txt,111780,539928
gpt2,0000798081_000114420413030790_10K.txt,63749,268464
gpt2,0000807882_000080788218000021_10K.txt,69269,311687
gpt2,0000808362_000080836214000007_10K.txt,64113,303632
gpt2,0000812306_000143774922023194_10K.txt,31489,139398
gpt2,0000814585_000119312513080289_10K.txt,194455,887055
gpt2,0000820771_000149315222020601_10K.txt,23894,108171
gpt2,0000822663_000175392623000213_10K.txt,81602,356414
gpt2,0000823546_000107878215001058_10K.txt,25428,121185
gpt2,0000830483_000144586613000457_10K.txt,36945,169328
gpt2,0000845877_000084587715000035_10K.txt,137582,598978
gpt2,0000846617_000084661719000017_10K.txt,84151,357977
gpt2,0000859747_000147793217002839_10K.txt,24499,110421
gpt2,0000865754_000086575413000005_10K.txt,55540,240550
gpt2,0000868671_000086867114000004_10K.txt,83371,352080
gpt2,0000880266_000088026617000005_10K.txt,76202,342033
gpt2,0000884219_000119312513101356_10K.txt,66862,281730
gpt2,0000884269_000143774919004169_10K.txt,33077,149027
gpt2,0000885978_000156761916001931_10K.txt,55830,259512
gpt2,0000886035_000088603516000144_10K.txt,99631,459016
gpt2,0000895464_000119380516003444_10K.txt,20541,92713
gpt2,0000899715_000089971520000057_10K.txt,84907,373703
gpt2,0000908259_000119312516518083_10K.txt,46085,216341
gpt2,0000913142_000091314222000007_10K.txt,67565,320750
gpt2,0000914748_000091474820000002_10K.txt,83490,300260
gpt2,0000915358_000091535822000010_10K.txt,63098,275260
gpt2,0000918386_000156459016020020_10K.txt,54455,256041
gpt2,0000919956_000162828016012237_10K.txt,69412,319374
gpt2,0000921114_000114420417016833_10K.txt,91633,423501
gpt2,0000923601_000149315221016798_10K.txt,49361,216603
gpt2,0001002590_000119312514439000_10K.txt,83095,367911
gpt2,0001006837_000100683722000015_10K.txt,130611,617297
gpt2,0001025996_000102599616000298_10K.txt,136610,587946
gpt2,0001029800_000102980014000005_10K.txt,62957,277079
gpt2,0001034670_000119312514061778_10K.txt,27385,126842
gpt2,0001035002_000103500219000008_10K.txt,78470,349608
gpt2,0001035092_000162828024011336_10K.txt,97965,458238
gpt2,0001035267_000103526715000014_10K.txt,84534,401301
gpt2,0001037189_000119312514121790_10K.txt,54376,243706
gpt2,0001042776_000104277618000040_10K.txt,83788,361187
gpt2,0001045450_000104545018000021_10K.txt,116008,475931
gpt2,0001046025_000104602520000037_10K.txt,100763,441819
gpt2,0001051627_000155837024003410_10K.txt,91075,432070
gpt2,0001054721_000156459020006135_10K.txt,40723,194425
gpt2,0001054905_000119312514050831_10K.txt,55854,238242
gpt2,0001065059_000106505913000010_10K.txt,135404,639539
gpt2,0001070081_000107008119000018_10K.txt,183135,920791
gpt2,0001077688_000118518520000497_10K.txt,64120,288756
gpt2,0001089872_000156459020006072_10K.txt,30798,147384
gpt2,0001090061_000109006115000006_10K.txt,66859,293789
gpt2,0001103021_000119312517085497_10K.txt,140945,647662
gpt2,0001123494_000117184318002041_10K.txt,71521,320682
gpt2,0001125259_000119312514025514_10K.txt,51200,242393
gpt2,0001126328_000104746914000817_10K.txt,180409,761310
gpt2,0001128361_000112836118000006_10K.txt,105291,451012
gpt2,0001131227_000113122717000006_10K.txt,75437,335673
gpt2,0001164863_000116486314000006_10K.txt,75592,350245
gpt2,0001169055_000156459016013321_10K.txt,102963,449054
gpt2,0001173281_000138713113000067_10K.txt,42507,188644
gpt2,0001173489_000143774924006970_10K.txt,80235,372449
gpt2,0001183765_000119312514085581_10K.txt,77952,364503
gpt2,0001227090_000106823814000063_10K.txt,2907,11436
gpt2,0001279695_000119312513102148_10K.txt,55696,243662
gpt2,0001279704_000141057824000307_10K.txt,72769,356498
gpt2,0001288855_000138713114001205_10K.txt,49257,207721
gpt2,0001300867_000106299313000700_10K.txt,35061,146692
gpt2,0001324404_000132440419000006_10K.txt,105433,497331
gpt2,0001334978_000133497816000018_10K.txt,94657,396027
gpt2,0001336920_000133692023000015_10K.txt,83680,418198
gpt2,0001340476_000095017024018049_10K.txt,76307,347943
gpt2,0001348362_000164033423002227_10K.txt,50477,229526
gpt2,0001352952_000143774918005587_10K.txt,45172,199773
gpt2,0001356093_000143774924008777_10K.txt,54580,261999
gpt2,0001356284_000199937124004182_10K.txt,3009,11906
gpt2,0001358190_000114420413015600_10K.txt,73356,312219
gpt2,0001359841_000135984120000027_10K.txt,87665,397740
gpt2,0001362516_000109181813000020_10K.txt,35448,162471
gpt2,0001370702_000137070219000006_10K.txt,68487,327228
gpt2,0001377149_000138713120003439_10K.txt,63387,290202
gpt2,0001377936_000121390023035521_10K.txt,245236,933386
gpt2,0001392694_000149315213001389_10K.txt,32346,137061
gpt2,0001407200_000119312521091263_10K.txt,10985,42510
gpt2,0001408057_000118518514000401_10K.txt,46494,214658
gpt2,0001417664_000121465923004552_10K.txt,66392,300343
gpt2,0001418819_000141881920000004_10K.txt,82018,392661
gpt2,0001419612_000117891320000672_10K.txt,83681,398252
gpt2,0001423723_000121390021018369_10K.txt,34527,159902
gpt2,0001424755_000114420418009811_10K.txt,108770,490684
gpt2,0001432963_000121390014001960_10K.txt,22390,94482
gpt2,0001445305_000144530518000054_10K.txt,71375,360118
gpt2,0001445831_000144583117000002_10K.txt,15649,71259
gpt2,0001462566_000126246315000161_10K.txt,25756,116545
gpt2,0001464165_000147793217002007_10K.txt,48455,231277
gpt2,0001464343_000143774923006513_10K.txt,89537,414454
gpt2,0001467760_000146776024000010_10K.txt,92688,432632
gpt2,0001468780_000121465915002463_10K.txt,36793,164778
gpt2,0001473579_000161577418002112_10K.txt,78176,356919
gpt2,0001476170_000156459016025989_10K.txt,110784,536197
gpt2,0001479320_000137216715000017_10K.txt,22565,99571
gpt2,0001482912_000119312515113762_10K.txt,4308,17790
gpt2,0001487718_000121390023031453_10K.txt,48623,215931
gpt2,0001487952_000148795224000006_10K.txt,68356,330471
gpt2,0001494582_000143774919005179_10K.txt,92934,433011
gpt2,0001494722_000146970915000335_10K.txt,17096,73833
gpt2,0001500122_000168316818000745_10K.txt,25879,118498
gpt2,0001504876_000121390016010112_10K.txt,18114,80592
gpt2,0001504886_000119312517099681_10K.txt,64372,282979
gpt2,0001509589_000150958918000004_10K.txt,100709,471032
gpt2,0001517006_000162828024005761_10K.txt,88554,417321
gpt2,0001517302_000151730222000012_10K.txt,85905,407954
gpt2,0001532619_000153261913000017_10K.txt,23696,98019
gpt2,0001538123_000149315215006241_10K.txt,45788,207571
gpt2,0001539778_000147793213006066_10K.txt,21998,95236
gpt2,0001543066_000116169713000388_10K.txt,24920,116256
gpt2,0001546679_000117184315003641_10K.txt,39413,185167
gpt2,0001554054_000121465919007954_10K.txt,12750,56154
gpt2,0001556739_000155673914000004_10K.txt,88088,425236
gpt2,0001566978_000104746914009533_10K.txt,107705,485937
gpt2,0001575098_000114036123015256_10K.txt,7890,33306
gpt2,0001576575_000126246315000254_10K.txt,39254,188553
gpt2,0001580673_000158067317000025_10K.txt,134582,661985
gpt2,0001580808_000162828019003017_10K.txt,73092,354769
gpt2,0001581378_000116169715000432_10K.txt,18315,83206
gpt2,0001586883_000102024217000052_10K.txt,9770,40563
gpt2,0001590418_000168316823002065_10K.txt,69625,319347
gpt2,0001592379_000159237916000111_10K.txt,71908,344206
gpt2,0001601744_000188852422002782_10K.txt,5577,22240
gpt2,0001611647_000156459017004284_10K.txt,58891,268011
gpt2,0001618694_000161869416000029_10K.txt,68215,327373
gpt2,0001620749_000164033423000027_10K.txt,19773,90696
gpt2,0001621227_000155837022003489_10K.txt,100740,493799
gpt2,0001621672_000143774923008795_10K.txt,88253,430900
gpt2,0001622996_000164033418000094_10K.txt,21327,100419
gpt2,0001627554_000147793217000766_10K.txt,21771,101391
gpt2,0001630690_000105640418001689_10K.txt,10600,41135
gpt2,0001634432_000155837021002288_10K.txt,85968,407444
gpt2,0001641489_000156459020005627_10K.txt,111137,543503
gpt2,0001641631_000107878216003604_10K.txt,16971,78690
gpt2,0001643953_000121390016011527_10K.txt,65879,319090
gpt2,0001647254_000154063917000225_10K.txt,3702,14951
gpt2,0001662774_000156459021009867_10K.txt,92165,474159
gpt2,0001666176_000092963819000389_10K.txt,5138,21051
gpt2,0001685212_000105640417001108_10K.txt,20148,80707
gpt2,0001690110_000105640418001992_10K.txt,18858,78237
gpt2,0001699462_000105640419002368_10K.txt,19212,77143
gpt2,0001702750_000156459021010980_10K.txt,125535,547456
gpt2,0001705181_000095017024019124_10K.txt,129096,613893
gpt2,0001715933_000095017023010240_10K.txt,81148,347015
gpt2,0001716187_000188852423002959_10K.txt,17270,69548
gpt2,0001717556_000149315220010175_10K.txt,83007,369227
gpt2,0001723291_000105640419002594_10K.txt,22889,92994
gpt2,0001748790_000174879022000024_10K.txt,69753,334411
gpt2,0001756497_000175649722000007_10K.txt,108899,533875
gpt2,0001769624_000121390022012228_10K.txt,57552,266462
gpt2,0001773407_000092963821000491_10K.txt,4341,17689
gpt2,0001774675_000155837022005527_10K.txt,114751,534342
gpt2,0001786352_000156459020041865_10K.txt,80375,394169
gpt2,0001797768_000114036121010528_10K.txt,121357,620169
gpt2,0001801338_000105640421002841_10K.txt,21402,85954
gpt2,0001801661_000162828021004659_10K.txt,84976,419369
gpt2,0001804591_000180459124000038_10K.txt,136610,696561
gpt2,0001816581_000119312521074025_10K.txt,62903,310151
gpt2,0001817669_000121390021017162_10K.txt,4065,15448
gpt2,0001819608_000119312522091731_10K.txt,89054,453178
gpt2,0001825739_000141057822000725_10K.txt,78931,399463
gpt2,0001841800_000095017023009502_10K.txt,94194,462301
gpt2,0001855467_000149315224051917_10K.txt,83211,387061
gpt2,0001892492_000149315223012596_10K.txt,81962,371308
cl100k,0000020212_000002021218000010_10K.txt,79049,371608
cl100k,0000040888_000004088819000004_10K.txt,78006,367292
cl100k,0000353569_000035356921000028_10K.txt,61500,298359
cl100k,0000718332_000101054917000349_10K.txt,29042,132232
cl100k,0000789073_000119312513002379_13D.txt,3101,11369
cl100k,0000845289_000119312512117688_10K.txt,119397,514027
cl100k,0000868725_000092189517000647_13D.txt,1768,6892
cl100k,0001019737_000156459018003055_10K.txt,62018,302765
cl100k,0001065201_000143774922007724_10K.txt,39301,181736
cl100k,0001096142_000109614213000006_10K.txt,96456,454260
cl100k,0001098146_000143774920008866_10K.txt,71190,335181
cl100k,0001179500_000156459016014274_10K.txt,88563,424388
cl100k,0001371217_000091957419007335_13D.txt,2955,12122
cl100k,0001371217_000155837019005143_10K.txt,62898,314583
cl100k,0001441634_000119312514202686_13D.txt,7124,30673
cl100k,0001449447_000160706216001077_10K.txt,29430,128162
cl100k,0001511161_000139390515000579_10K.txt,17993,89258
cl100k,0001584754_000121390021045465_10K.txt,57862,282198
cl100k,0001586727_000161577415003244_10K.txt,23763,112417
cl100k,0001591890_000114420417000015_13D.txt,2305,8820
cl100k,0001635881_000163588121000012_10K.txt,75516,377228
cl100k,0001662382_000121390020008234_10K.txt,68675,337922
cl100k,0001841804_000095017023003203_10K.txt,89029,458792
cl100k,0000003570_000000357024000040_10K.txt,86229,398079
cl100k,0000008868_000000886822000005_10K.txt,106981,505314
cl100k,0000019745_000162828018002594_10K.txt,87430,405419
cl100k,0000022356_000002235621000015_10K.txt,122490,529915
cl100k,0000027093_000149315222023030_10K.txt,60975,282662
cl100k,0000027430_000078725024000006_10K.txt,94195,435351
cl100k,0000038984_000156459015001692_10K.txt,77842,376638
cl100k,0000049600_000004960018000009_10K.txt,71335,298421
cl100k,0000055604_000119312513106993_10K.txt,35855,161587
cl100k,0000072971_000007297119000227_10K.txt,16092,73751
cl100k,0000082811_000008281119000018_10K.txt,61395,287896
cl100k,0000089800_000008980020000005_10K.txt,77306,357711
cl100k,0000092679_000144530513002224_10K.txt,62525,307153
cl100k,0000096021_000009602121000093_10K.txt,97282,449448
cl100k,0000099302_000120677417001858_10K.txt,46139,212006
cl100k,0000100378_000143774920018707_10K.txt,50378,236786
cl100k,0000277948_000027794816000046_10K.txt,56306,274229
cl100k,0000319458_000143774920005775_10K.txt,54123,266952
cl100k,0000351789_000089710115000350_10K.txt,19533,93258
cl100k,0000354963_000162828017002855_10K.txt,83341,404212
cl100k,0000706863_000070686318000012_10K.txt,75095,354384
cl100k,0000710782_000107878217000994_10K.txt,12425,60987
cl100k,0000714256_000149315223008240_10K.txt,78365,385688
cl100k,0000731245_000114420416093925_10K.txt,32655,148762
cl100k,0000732834_000073283419000002_10K.txt,88782,430900
cl100k,0000733076_000073307624000007_10K.txt,110372,539928
cl100k,0000798081_000114420413030790_10K.txt,61085,268464
cl100k,0000807882_000080788218000021_10K.txt,65472,311687
cl100k,0000808362_000080836214000007_10K.txt,62578,303632
cl100k,0000812306_000143774922023194_10K.txt,30457,139398
cl100k,0000814585_000119312513080289_10K.txt,182269,887055
cl100k,0000820771_000149315222020601_10K.txt,22746,108171
cl100k,0000822663_000175392623000213_10K.txt,77944,356414
cl100k,0000823546_000107878215001058_10K.txt,24521,121185
cl100k,0000830483_000144586613000457_10K.txt,35183,169328
cl100k,0000845877_000084587715000035_10K.txt,130791,598978
cl100k,0000846617_000084661719000017_10K.txt,78414,357977
cl100k,0000859747_000147793217002839_10K.txt,23090,110421
cl100k,0000865754_000086575413000005_10K.txt,53265,240550
cl100k,0000868671_000086867114000004_10K.txt,76983,352080
cl100k,0000880266_000088026617000005_10K.txt,73053,342033
cl100k,0000884219_000119312513101356_10K.txt,62660,281730
cl100k,0000884269_000143774919004169_10K.txt,31424,149027
cl100k,0000885978_000156761916001931_10K.txt,53706,259512
cl100k,0000886035_000088603516000144_10K.txt,96835,459016
cl100k,0000895464_000119380516003444_10K.txt,19935,92713
cl100k,0000899715_000089971520000057_10K.txt,80141,373703
cl100k,0000908259_000119312516518083_10K.txt,43980,216341
cl100k,0000913142_000091314222000007_10K.txt,67792,320750
cl100k,0000914748_000091474820000002_10K.txt,74293,300260
cl100k,0000915358_000091535822000010_10K.txt,59406,275260
cl100k,0000918386_000156459016020020_10K.txt,51490,256041
cl100k,0000919956_000162828016012237_10K.txt,66922,319374
cl100k,0000921114_000114420417016833_10K.txt,88659,423501
cl100k,0000923601_000149315221016798_10K.txt,47044,216603
cl100k,0001002590_000119312514439000_10K.txt,78823,367911
cl100k,0001006837_000100683722000015_10K.txt,128501,617297
cl100k,0001025996_000102599616000298_10K.txt,128409,587946
cl100k,0001029800_000102980014000005_10K.txt,60551,277079
cl100k,0001034670_000119312514061778_10K.txt,26088,126842
cl100k,0001035002_000103500219000008_10K.txt,74294,349608
cl100k,0001035092_000162828024011336_10K.txt,97872,458238
cl100k,0001035267_000103526715000014_10K.txt,81482,401301
cl100k,0001037189_000119312514121790_10K.txt,51712,243706
cl100k,0001042776_000104277618000040_10K.txt,79440,361187
cl100k,0001045450_000104545018000021_10K.txt,109746,475931
cl100k,0001046025_000104602520000037_10K.txt,95641,441819
cl100k,0001051627_000155837024003410_10K.txt,88277,432070
cl100k,0001054721_000156459020006135_10K.txt,37940,194425
cl100k,0001054905_000119312514050831_10K.txt,52143,238242
cl100k,0001065059_000106505913000010_10K.txt,131545,639539
cl100k,0001070081_000107008119000018_10K.txt,178827,920791
cl100k,0001077688_000118518520000497_10K.txt,60118,288756
cl100k,0001089872_000156459020006072_10K.txt,29205,147384
cl100k,0001090061_000109006115000006_10K.txt,63839,293789
cl100k,0001103021_000119312517085497_10K.txt,137409,647662
cl100k,0001123494_000117184318002041_10K.txt,69201,320682
cl100k,0001125259_000119312514025514_10K.txt,48780,242393
cl100k,0001126328_000104746914000817_10K.txt,168974,761310
cl100k,0001128361_000112836118000006_10K.txt,99354,451012
cl100k,0001131227_000113122717000006_10K.txt,73105,335673
cl100k,0001164863_000116486314000006_10K.txt,73206,350245
cl100k,0001169055_000156459016013321_10K.txt,96806,449054
cl100k,0001173281_000138713113000067_10K.txt,40611,188644
cl100k,0001173489_000143774924006970_10K.txt,75797,372449
cl100k,0001183765_000119312514085581_10K.txt,74980,364503
cl100k,0001227090_000106823814000063_10K.txt,2673,11436
cl100k,0001279695_000119312513102148_10K.txt,52127,243662
cl100k,0001279704_000141057824000307_10K.txt,70472,356498
cl100k,0001288855_000138713114001205_10K.txt,46513,207721
cl100k,0001300867_000106299313000700_10K.txt,33131,146692
cl100k,0001324404_000132440419000006_10K.txt,103334,497331
cl100k,0001334978_000133497816000018_10K.txt,88442,396027
cl100k,0001336920_000133692023000015_10K.txt,83228,418198
cl100k,0001340476_000095017024018049_10K.txt,72390,347943
cl100k,0001348362_000164033423002227_10K.txt,47552,229526
cl100k,0001352952_000143774918005587_10K.txt,43296,199773
cl100k,0001356093_000143774924008777_10K.txt,52093,261999
cl100k,0001356284_000199937124004182_10K.txt,2728,11906
cl100k,0001358190_000114420413015600_10K.txt,71663,312219
cl100k,0001359841_000135984120000027_10K.txt,83199,397740
cl100k,0001362516_000109181813000020_10K.txt,33920,162471
cl100k,0001370702_000137070219000006_10K.txt,65448,327228
cl100k,0001377149_000138713120003439_10K.txt,61427,290202
cl100k,0001377936_000121390023035521_10K.txt,237349,933386
cl100k,0001392694_000149315213001389_10K.txt,30724,137061
cl100k,0001407200_000119312521091263_10K.txt,10934,42510
cl100k,0001408057_000118518514000401_10K.txt,44917,214658
cl100k,0001417664_000121465923004552_10K.txt,62821,300343
cl100k,0001418819_000141881920000004_10K.txt,78770,392661
cl100k,0001419612_000117891320000672_10K.txt,80156,398252
cl100k,0001423723_000121390021018369_10K.txt,33058,159902
cl100k,0001424755_000114420418009811_10K.txt,104625,490684
cl100k,0001432963_000121390014001960_10K.txt,20934,94482
cl100k,0001445305_000144530518000054_10K.txt,71067,360118
cl100k,0001445831_000144583117000002_10K.txt,14813,71259
cl100k,0001462566_000126246315000161_10K.txt,24714,116545
cl100k,0001464165_000147793217002007_10K.txt,46430,231277
cl100k,0001464343_000143774923006513_10K.txt,85916,414454
cl100k,0001467760_000146776024000010_10K.txt,92528,432632
cl100k,0001468780_000121465915002463_10K.txt,34886,164778
cl100k,0001473579_000161577418002112_10K.txt,75482,356919
cl100k,0001476170_000156459016025989_10K.txt,106947,536197
cl100k,0001479320_000137216715000017_10K.txt,21233,99571
cl100k,0001482912_000119312515113762_10K.txt,4117,17790
cl100k,0001487718_000121390023031453_10K.txt,47103,215931
cl100k,0001487952_000148795224000006_10K.txt,67857,330471
cl100k,0001494582_000143774919005179_10K.txt,89080,433011
cl100k,0001494722_000146970915000335_10K.txt,16485,73833
cl100k,0001500122_000168316818000745_10K.txt,24840,118498
cl100k,0001504876_000121390016010112_10K.txt,17052,80592
cl100k,0001504886_000119312517099681_10K.txt,60546,282979
cl100k,0001509589_000150958918000004_10K.txt,97180,471032
cl100k,0001517006_000162828024005761_10K.txt,86693,417321
cl100k,0001517302_000151730222000012_10K.txt,86123,407954
cl100k,0001532619_000153261913000017_10K.txt,22461,98019
cl100k,0001538123_000149315215006241_10K.txt,43348,207571
cl100k,0001539778_000147793213006066_10K.txt,20499,95236
cl100k,0001543066_000116169713000388_10K.txt,23441,116256
cl100k,0001546679_000117184315003641_10K.txt,37604,185167
cl100k,0001554054_000121465919007954_10K.txt,12073,56154
cl100k,0001556739_000155673914000004_10K.txt,87392,425236
cl100k,0001566978_000104746914009533_10K.txt,102992,485937
cl100k,0001575098_000114036123015256_10K.txt,7635,33306
cl100k,0001576575_000126246315000254_10K.txt,37832,188553
cl100k,0001580673_000158067317000025_10K.txt,131465,661985
cl100k,0001580808_000162828019003017_10K.txt,69440,354769
cl100k,0001581378_000116169715000432_10K.txt,17293,83206
cl100k,0001586883_000102024217000052_10K.txt,9490,40563
cl100k,0001590418_000168316823002065_10K.txt,66346,319347
cl100k,0001592379_000159237916000111_10K.txt,68805,344206
cl100k,0001601744_000188852422002782_10K.txt,5226,22240
cl100k,0001611647_000156459017004284_10K.txt,56162,268011
cl100k,0001618694_000161869416000029_10K.txt,65480,327373
cl100k,0001620749_000164033423000027_10K.txt,18687,90696
cl100k,0001621227_000155837022003489_10K.txt,97035,493799
cl100k,0001621672_000143774923008795_10K.txt,84174,430900
cl100k,0001622996_000164033418000094_10K.txt,20385,100419
cl100k,0001627554_000147793217000766_10K.txt,20473,101391
cl100k,0001630690_000105640418001689_10K.txt,10020,41135
cl100k,0001634432_000155837021002288_10K.txt,83092,407444
cl100k,0001641489_000156459020005627_10K.txt,106156,543503
cl100k,0001641631_000107878216003604_10K.txt,16098,78690
cl100k,0001643953_000121390016011527_10K.txt,63542,319090
cl100k,0001647254_000154063917000225_10K.txt,3430,14951
cl100k,0001662774_000156459021009867_10K.txt,88284,474159
cl100k,0001666176_000092963819000389_10K.txt,4895,21051
cl100k,0001685212_000105640417001108_10K.txt,19342,80707
cl100k,0001690110_000105640418001992_10K.txt,18157,78237
cl100k,0001699462_000105640419002368_10K.txt,18333,77143
cl100k,0001702750_000156459021010980_10K.txt,117701,547456
cl100k,0001705181_000095017024019124_10K.txt,121715,613893
cl100k,0001715933_000095017023010240_10K.txt,76597,347015
cl100k,0001716187_000188852423002959_10K.txt,16619,69548
cl100k,0001717556_000149315220010175_10K.txt,78767,369227
cl100k,0001723291_000105640419002594_10K.txt,21999,92994
cl100k,0001748790_000174879022000024_10K.txt,69763,334411
cl100k,0001756497_000175649722000007_10K.txt,104062,533875
cl100k,0001769624_000121390022012228_10K.txt,55178,266462
cl100k,0001773407_000092963821000491_10K.txt,4057,17689
cl100k,0001774675_000155837022005527_10K.txt,110530,534342
cl100k,0001786352_000156459020041865_10K.txt,76347,394169
cl100k,0001797768_000114036121010528_10K.txt,116330,620169
cl100k,0001801338_000105640421002841_10K.txt,20793,85954
cl100k,0001801661_000162828021004659_10K.txt,83295,419369
cl100k,0001804591_000180459124000038_10K.txt,134110,696561
cl100k,0001816581_000119312521074025_10K.txt,60424,310151
cl100k,0001817669_000121390021017162_10K.txt,3757,15448
cl100k,0001819608_000119312522091731_10K.txt,86037,453178
cl100k,0001825739_000141057822000725_10K.txt,75675,399463
cl100k,0001841800_000095017023009502_10K.txt,89681,462301
cl100k,0001855467_000149315224051917_10K.txt,78952,387061
cl100k,0001892492_000149315223012596_10K.txt,78099,371308
o200k,0000020212_000002021218000010_10K.txt,78152,371608
o200k,0000040888_000004088819000004_10K.txt,77479,367292
o200k,0000353569_000035356921000028_10K.txt,60886,298359
o200k,0000718332_000101054917000349_10K.txt,28856,132232
o200k,0000789073_000119312513002379_13D.txt,3057,11369
o200k,0000845289_000119312512117688_10K.txt,118293,514027
o200k,0000868725_000092189517000647_13D.txt,1756,6892
o200k,0001019737_000156459018003055_10K.txt,61673,302765
o200k,0001065201_000143774922007724_10K.txt,39076,181736
o200k,0001096142_000109614213000006_10K.txt,95455,454260
o200k,0001098146_000143774920008866_10K.txt,70635,335181
o200k,0001179500_000156459016014274_10K.txt,88144,424388
o200k,0001371217_000091957419007335_13D.txt,2938,12122
o200k,0001371217_000155837019005143_10K.txt,62505,314583
o200k,0001441634_000119312514202686_13D.txt,7038,30673
o200k,0001449447_000160706216001077_10K.txt,29091,128162
o200k,0001511161_000139390515000579_10K.txt,17847,89258
o200k,0001584754_000121390021045465_10K.txt,57599,282198
o200k,0001586727_000161577415003244_10K.txt,23658,112417
o200k,0001591890_000114420417000015_13D.txt,2291,8820
o200k,0001635881_000163588121000012_10K.txt,75166,377228
o200k,0001662382_000121390020008234_10K.txt,68301,337922
o200k,0001841804_000095017023003203_10K.txt,88627,458792
o200k,0000003570_000000357024000040_10K.txt,85573,398079
o200k,0000008868_000000886822000005_10K.txt,105564,505314
o200k,0000019745_000162828018002594_10K.txt,86622,405419
o200k,0000022356_000002235621000015_10K.txt,121580,529915
o200k,0000027093_000149315222023030_10K.txt,60657,282662
o200k,0000027430_000078725024000006_10K.txt,93572,435351
o200k,0000038984_000156459015001692_10K.txt,77238,376638
o200k,0000049600_000004960018000009_10K.txt,70780,298421
o200k,0000055604_000119312513106993_10K.txt,35617,161587
o200k,0000072971_000007297119000227_10K.txt,15853,73751
o200k,0000082811_000008281119000018_10K.txt,60758,287896
o200k,0000089800_000008980020000005_10K.txt,76754,357711
o200k,0000092679_000144530513002224_10K.txt,61922,307153
o200k,0000096021_000009602121000093_10K.txt,96734,449448
o200k,0000099302_000120677417001858_10K.txt,45747,212006
o200k,0000100378_000143774920018707_10K.txt,50000,236786
o200k,0000277948_000027794816000046_10K.txt,55765,274229
o200k,0000319458_000143774920005775_10K.txt,53785,266952
o200k,0000351789_000089710115000350_10K.txt,19388,93258
o200k,0000354963_000162828017002855_10K.txt,82883,404212
o200k,0000706863_000070686318000012_10K.txt,74493,354384
o200k,0000710782_000107878217000994_10K.txt,12347,60987
o200k,0000714256_000149315223008240_10K.txt,77886,385688
o200k,0000731245_000114420416093925_10K.txt,32475,148762
o200k,0000732834_000073283419000002_10K.txt,88247,430900
o200k,0000733076_000073307624000007_10K.txt,109478,539928
o200k,0000798081_000114420413030790_10K.txt,60634,268464
o200k,0000807882_000080788218000021_10K.txt,65049,311687
o200k,0000808362_000080836214000007_10K.txt,62182,303632
o200k,0000812306_000143774922023194_10K.txt,30128,139398
o200k,0000814585_000119312513080289_10K.txt,181082,887055
o200k,0000820771_000149315222020601_10K.txt,22631,108171
o200k,0000822663_000175392623000213_10K.txt,77017,356414
o200k,0000823546_000107878215001058_10K.txt,24379,121185
o200k,0000830483_000144586613000457_10K.txt,34885,169328
o200k,0000845877_000084587715000035_10K.txt,130073,598978
o200k,0000846617_000084661719000017_10K.txt,77914,357977
o200k,0000859747_000147793217002839_10K.txt,22970,110421
o200k,0000865754_000086575413000005_10K.txt,52515,240550
o200k,0000868671_000086867114000004_10K.txt,76609,352080
o200k,0000880266_000088026617000005_10K.txt,72563,342033
o200k,0000884219_000119312513101356_10K.txt,62244,281730
o200k,0000884269_000143774919004169_10K.txt,31266,149027
o200k,0000885978_000156761916001931_10K.txt,53365,259512
o200k,0000886035_000088603516000144_10K.txt,96145,459016
o200k,0000895464_000119380516003444_10K.txt,19749,92713
o200k,0000899715_000089971520000057_10K.txt,79187,373703
o200k,0000908259_000119312516518083_10K.txt,43596,216341
o200k,0000913142_000091314222000007_10K.txt,67341,320750
o200k,0000914748_000091474820000002_10K.txt,73853,300260
o200k,0000915358_000091535822000010_10K.txt,58991,275260
o200k,0000918386_000156459016020020_10K.txt,51268,256041
o200k,0000919956_000162828016012237_10K.txt,66353,319374
o200k,0000921114_000114420417016833_10K.txt,88107,423501
o200k,0000923601_000149315221016798_10K.txt,46624,216603
o200k,0001002590_000119312514439000_10K.txt,78214,367911
o200k,0001006837_000100683722000015_10K.txt,127208,617297
o200k,0001025996_000102599616000298_10K.txt,127260,587946
o200k,0001029800_000102980014000005_10K.txt,59916,277079
o200k,0001034670_000119312514061778_10K.txt,25857,126842
o200k,0001035002_000103500219000008_10K.txt,73923,349608
o200k,0001035092_000162828024011336_10K.txt,97174,458238
o200k,0001035267_000103526715000014_10K.txt,80997,401301
o200k,0001037189_000119312514121790_10K.txt,51376,243706
o200k,0001042776_000104277618000040_10K.txt,78987,361187
o200k,0001045450_000104545018000021_10K.txt,108564,475931
o200k,0001046025_000104602520000037_10K.txt,95108,441819
o200k,0001051627_000155837024003410_10K.txt,87303,432070
o200k,0001054721_000156459020006135_10K.txt,37879,194425
o200k,0001054905_000119312514050831_10K.txt,51780,238242
o200k,0001065059_000106505913000010_10K.txt,130428,639539
o200k,0001070081_000107008119000018_10K.txt,177200,920791
o200k,0001077688_000118518520000497_10K.txt,59681,288756
o200k,0001089872_000156459020006072_10K.txt,29005,147384
o200k,0001090061_000109006115000006_10K.txt,63355,293789
o200k,0001103021_000119312517085497_10K.txt,136336,647662
o200k,0001123494_000117184318002041_10K.txt,68695,320682
o200k,0001125259_000119312514025514_10K.txt,48243,242393
o200k,0001126328_000104746914000817_10K.txt,167963,761310
o200k,0001128361_000112836118000006_10K.txt,98833,451012
o200k,0001131227_000113122717000006_10K.txt,72727,335673
o200k,0001164863_000116486314000006_10K.txt,72624,350245
o200k,0001169055_000156459016013321_10K.txt,96100,449054
o200k,0001173281_000138713113000067_10K.txt,40201,188644
o200k,0001173489_000143774924006970_10K.txt,75519,372449
o200k,0001183765_000119312514085581_10K.txt,74447,364503
o200k,0001227090_000106823814000063_10K.txt,2633,11436
o200k,0001279695_000119312513102148_10K.txt,51772,243662
o200k,0001279704_000141057824000307_10K.txt,69889,356498
o200k,0001288855_000138713114001205_10K.txt,46254,207721
o200k,0001300867_000106299313000700_10K.txt,32959,146692
o200k,0001324404_000132440419000006_10K.txt,102595,497331
o200k,0001334978_000133497816000018_10K.txt,88045,396027
o200k,0001336920_000133692023000015_10K.txt,82825,418198
o200k,0001340476_000095017024018049_10K.txt,71898,347943
o200k,0001348362_000164033423002227_10K.txt,47038,229526
o200k,0001352952_000143774918005587_10K.txt,43108,199773
o200k,0001356093_000143774924008777_10K.txt,51741,261999
o200k,0001356284_000199937124004182_10K.txt,2680,11906
o200k,0001358190_000114420413015600_10K.txt,71024,312219
o200k,0001359841_000135984120000027_10K.txt,82719,397740
o200k,0001362516_000109181813000020_10K.txt,33705,162471
o200k,0001370702_000137070219000006_10K.txt,65119,327228
o200k,0001377149_000138713120003439_10K.txt,61134,290202
o200k,0001377936_000121390023035521_10K.txt,234880,933386
o200k,0001392694_000149315213001389_10K.txt,30586,137061
o200k,0001407200_000119312521091263_10K.txt,10785,42510
o200k,0001408057_000118518514000401_10K.txt,44554,214658
o200k,0001417664_000121465923004552_10K.txt,62490,300343
o200k,0001418819_000141881920000004_10K.txt,78179,392661
o200k,0001419612_000117891320000672_10K.txt,79388,398252
o200k,0001423723_000121390021018369_10K.txt,32870,159902
o200k,0001424755_000114420418009811_10K.txt,104021,490684
o200k,0001432963_000121390014001960_10K.txt,20801,94482
o200k,0001445305_000144530518000054_10K.txt,70790,360118
o200k,0001445831_000144583117000002_10K.txt,14713,71259
o200k,0001462566_000126246315000161_10K.txt,24494,116545
o200k,0001464165_000147793217002007_10K.txt,46083,231277
o200k,0001464343_000143774923006513_10K.txt,85423,414454
o200k,0001467760_000146776024000010_10K.txt,91838,432632
o200k,0001468780_000121465915002463_10K.txt,34657,164778
o200k,0001473579_000161577418002112_10K.txt,74856,356919
o200k,0001476170_000156459016025989_10K.txt,106250,536197
o200k,0001479320_000137216715000017_10K.txt,21077,99571
o200k,0001482912_000119312515113762_10K.txt,4055,17790
o200k,0001487718_000121390023031453_10K.txt,46941,215931
o200k,0001487952_000148795224000006_10K.txt,67392,330471
o200k,0001494582_000143774919005179_10K.txt,88602,433011
o200k,0001494722_000146970915000335_10K.txt,16444,73833
o200k,0001500122_000168316818000745_10K.txt,24599,118498
o200k,0001504876_000121390016010112_10K.txt,16946,80592
o200k,0001504886_000119312517099681_10K.txt,60150,282979
o200k,0001509589_000150958918000004_10K.txt,96607,471032
o200k,0001517006_000162828024005761_10K.txt,86272,417321
o200k,0001517302_000151730222000012_10K.txt,85090,407954
o200k,0001532619_000153261913000017_10K.txt,22309,98019
o200k,0001538123_000149315215006241_10K.txt,43178,207571
o200k,0001539778_000147793213006066_10K.txt,20382,95236
o200k,0001543066_000116169713000388_10K.txt,23319,116256
o200k,0001546679_000117184315003641_10K.txt,37425,185167
o200k,0001554054_000121465919007954_10K.txt,11976,56154
o200k,0001556739_000155673914000004_10K.txt,86806,425236
o200k,0001566978_000104746914009533_10K.txt,102219,485937
o200k,0001575098_000114036123015256_10K.txt,7562,33306
o200k,0001576575_000126246315000254_10K.txt,37596,188553
o200k,0001580673_000158067317000025_10K.txt,130979,661985
o200k,0001580808_000162828019003017_10K.txt,69183,354769
o200k,0001581378_000116169715000432_10K.txt,17194,83206
o200k,0001586883_000102024217000052_10K.txt,9347,40563
o200k,0001590418_000168316823002065_10K.txt,66159,319347
o200k,0001592379_000159237916000111_10K.txt,68308,344206
o200k,0001601744_000188852422002782_10K.txt,5164,22240
o200k,0001611647_000156459017004284_10K.txt,55818,268011
o200k,0001618694_000161869416000029_10K.txt,64996,327373
o200k,0001620749_000164033423000027_10K.txt,18581,90696
o200k,0001621227_000155837022003489_10K.txt,96567,493799
o200k,0001621672_000143774923008795_10K.txt,83651,430900
o200k,0001622996_000164033418000094_10K.txt,20270,100419
o200k,0001627554_000147793217000766_10K.txt,20361,101391
o200k,0001630690_000105640418001689_10K.txt,9861,41135
o200k,0001634432_000155837021002288_10K.txt,82329,407444
o200k,0001641489_000156459020005627_10K.txt,105470,543503
o200k,0001641631_000107878216003604_10K.txt,15990,78690
o200k,0001643953_000121390016011527_10K.txt,63192,319090
o200k,0001647254_000154063917000225_10K.txt,3381,14951
o200k,0001662774_000156459021009867_10K.txt,87754,474159
o200k,0001666176_000092963819000389_10K.txt,4839,21051
o200k,0001685212_000105640417001108_10K.txt,18973,80707
o200k,0001690110_000105640418001992_10K.txt,17844,78237
o200k,0001699462_000105640419002368_10K.txt,18042,77143
o200k,0001702750_000156459021010980_10K.txt,117003,547456
o200k,0001705181_000095017024019124_10K.txt,120038,613893
o200k,0001715933_000095017023010240_10K.txt,75823,347015
o200k,0001716187_000188852423002959_10K.txt,16303,69548
o200k,0001717556_000149315220010175_10K.txt,78293,369227
o200k,0001723291_000105640419002594_10K.txt,21731,92994
o200k,0001748790_000174879022000024_10K.txt,69099,334411
o200k,0001756497_000175649722000007_10K.txt,103471,533875
o200k,0001769624_000121390022012228_10K.txt,54757,266462
o200k,0001773407_000092963821000491_10K.txt,4013,17689
o200k,0001774675_000155837022005527_10K.txt,109740,534342
o200k,0001786352_000156459020041865_10K.txt,76088,394169
o200k,0001797768_000114036121010528_10K.txt,115562,620169
o200k,0001801338_000105640421002841_10K.txt,20508,85954
o200k,0001801661_000162828021004659_10K.txt,82833,419369
o200k,0001804591_000180459124000038_10K.txt,133433,696561
o200k,0001816581_000119312521074025_10K.txt,60051,310151
o200k,0001817669_000121390021017162_10K.txt,3712,15448
o200k,0001819608_000119312522091731_10K.txt,85543,453178
o200k,0001825739_000141057822000725_10K.txt,75260,399463
o200k,0001841800_000095017023009502_10K.txt,89092,462301
o200k,0001855467_000149315224051917_10K.txt,78472,387061
o200k,0001892492_000149315223012596_10K.txt,77630,371308
qwen3,0000020212_000002021218000010_10K.txt,84377,371608
qwen3,0000040888_000004088819000004_10K.txt,83269,367292
qwen3,0000353569_000035356921000028_10K.txt,66735,298359
qwen3,0000718332_000101054917000349_10K.txt,31433,132232
qwen3,0000789073_000119312513002379_13D.txt,3305,11369
qwen3,0000845289_000119312512117688_10K.txt,135357,514027
qwen3,0000868725_000092189517000647_13D.txt,1930,6892
qwen3,0001019737_000156459018003055_10K.txt,68205,302765
qwen3,0001065201_000143774922007724_10K.txt,43488,181736
qwen3,0001096142_000109614213000006_10K.txt,106307,454260
qwen3,0001098146_000143774920008866_10K.txt,78926,335181
qwen3,0001179500_000156459016014274_10K.txt,96826,424388
qwen3,0001371217_000091957419007335_13D.txt,3177,12122
qwen3,0001371217_000155837019005143_10K.txt,67389,314583
qwen3,0001441634_000119312514202686_13D.txt,7537,30673
qwen3,0001449447_000160706216001077_10K.txt,32064,128162
qwen3,0001511161_000139390515000579_10K.txt,19144,89258
qwen3,0001584754_000121390021045465_10K.txt,60639,282198
qwen3,0001586727_000161577415003244_10K.txt,24982,112417
qwen3,0001591890_000114420417000015_13D.txt,2572,8820
qwen3,0001635881_000163588121000012_10K.txt,82038,377228
qwen3,0001662382_000121390020008234_10K.txt,72383,337922
qwen3,0001841804_000095017023003203_10K.txt,94431,458792
qwen3,0000003570_000000357024000040_10K.txt,92928,398079
qwen3,0000008868_000000886822000005_10K.txt,113640,505314
qwen3,0000019745_000162828018002594_10K.txt,97531,405419
qwen3,0000022356_000002235621000015_10K.txt,143911,529915
qwen3,0000027093_000149315222023030_10K.txt,66434,282662
qwen3,0000027430_000078725024000006_10K.txt,99621,435351
qwen3,0000038984_000156459015001692_10K.txt,84215,376638
qwen3,0000049600_000004960018000009_10K.txt,83979,298421
qwen3,0000055604_000119312513106993_10K.txt,39786,161587
qwen3,0000072971_000007297119000227_10K.txt,17238,73751
qwen3,0000082811_000008281119000018_10K.txt,65721,287896
qwen3,0000089800_000008980020000005_10K.txt,84027,357711
qwen3,0000092679_000144530513002224_10K.txt,67312,307153
qwen3,0000096021_000009602121000093_10K.txt,109015,449448
qwen3,0000099302_000120677417001858_10K.txt,49165,212006
qwen3,0000100378_000143774920018707_10K.txt,55490,236786
qwen3,0000277948_000027794816000046_10K.txt,60507,274229
qwen3,0000319458_000143774920005775_10K.txt,57939,266952
qwen3,0000351789_000089710115000350_10K.txt,21293,93258
qwen3,0000354963_000162828017002855_10K.txt,90885,404212
qwen3,0000706863_000070686318000012_10K.txt,83045,354384
qwen3,0000710782_000107878217000994_10K.txt,13229,60987
qwen3,0000714256_000149315223008240_10K.txt,82647,385688
qwen3,0000731245_000114420416093925_10K.txt,35303,148762
qwen3,0000732834_000073283419000002_10K.txt,98065,430900
qwen3,0000733076_000073307624000007_10K.txt,119146,539928
qwen3,0000798081_000114420413030790_10K.txt,66522,268464
qwen3,0000807882_000080788218000021_10K.txt,72357,311687
qwen3,0000808362_000080836214000007_10K.txt,67414,303632
qwen3,0000812306_000143774922023194_10K.txt,33595,139398
qwen3,0000814585_000119312513080289_10K.txt,192836,887055
qwen3,0000820771_000149315222020601_10K.txt,24477,108171
qwen3,0000822663_000175392623000213_10K.txt,84377,356414
qwen3,0000823546_000107878215001058_10K.txt,26079,121185
qwen3,0000830483_000144586613000457_10K.txt,37983,169328
qwen3,0000845877_000084587715000035_10K.txt,147445,598978
qwen3,0000846617_000084661719000017_10K.txt,88451,357977
qwen3,0000859747_000147793217002839_10K.txt,25742,110421
qwen3,0000865754_000086575413000005_10K.txt,59512,240550
qwen3,0000868671_000086867114000004_10K.txt,88447,352080
qwen3,0000880266_000088026617000005_10K.txt,79149,342033
qwen3,0000884219_000119312513101356_10K.txt,70372,281730
qwen3,0000884269_000143774919004169_10K.txt,35180,149027
qwen3,0000885978_000156761916001931_10K.txt,58862,259512
qwen3,0000886035_000088603516000144_10K.txt,104080,459016
qwen3,0000895464_000119380516003444_10K.txt,21792,92713
qwen3,0000899715_000089971520000057_10K.txt,89672,373703
qwen3,0000908259_000119312516518083_10K.txt,45942,216341
qwen3,0000913142_000091314222000007_10K.txt,75454,320750
qwen3,0000914748_000091474820000002_10K.txt,87316,300260
qwen3,0000915358_000091535822000010_10K.txt,66059,275260
qwen3,0000918386_000156459016020020_10K.txt,55983,256041
qwen3,0000919956_000162828016012237_10K.txt,74095,319374
qwen3,0000921114_000114420417016833_10K.txt,94772,423501
qwen3,0000923601_000149315221016798_10K.txt,51031,216603
qwen3,0001002590_000119312514439000_10K.txt,85688,367911
qwen3,0001006837_000100683722000015_10K.txt,134666,617297
qwen3,0001025996_000102599616000298_10K.txt,145260,587946
qwen3,0001029800_000102980014000005_10K.txt,67228,277079
qwen3,0001034670_000119312514061778_10K.txt,27363,126842
qwen3,0001035002_000103500219000008_10K.txt,80336,349608
qwen3,0001035092_000162828024011336_10K.txt,108552,458238
qwen3,0001035267_000103526715000014_10K.txt,86127,401301
qwen3,0001037189_000119312514121790_10K.txt,56078,243706
qwen3,0001042776_000104277618000040_10K.txt,89646,361187
qwen3,0001045450_000104545018000021_10K.txt,125788,475931
qwen3,0001046025_000104602520000037_10K.txt,107349,441819
qwen3,0001051627_000155837024003410_10K.txt,93823,432070
qwen3,0001054721_000156459020006135_10K.txt,40314,194425
qwen3,0001054905_000119312514050831_10K.txt,55481,238242
qwen3,0001065059_000106505913000010_10K.txt,139154,639539
qwen3,0001070081_000107008119000018_10K.txt,186880,920791
qwen3,0001077688_000118518520000497_10K.txt,65360,288756
qwen3,0001089872_000156459020006072_10K.txt,31281,147384
qwen3,0001090061_000109006115000006_10K.txt,68075,293789
qwen3,0001103021_000119312517085497_10K.txt,146153,647662
qwen3,0001123494_000117184318002041_10K.txt,74625,320682
qwen3,0001125259_000119312514025514_10K.txt,50962,242393
qwen3,0001126328_000104746914000817_10K.txt,184204,761310
qwen3,0001128361_000112836118000006_10K.txt,113210,451012
qwen3,0001131227_000113122717000006_10K.txt,81191,335673
qwen3,0001164863_000116486314000006_10K.txt,77879,350245
qwen3,0001169055_000156459016013321_10K.txt,109288,449054
qwen3,0001173281_000138713113000067_10K.txt,45010,188644
qwen3,0001173489_000143774924006970_10K.txt,81303,372449
qwen3,0001183765_000119312514085581_10K.txt,79686,364503
qwen3,0001227090_000106823814000063_10K.txt,2906,11436
qwen3,0001279695_000119312513102148_10K.txt,57880,243662
qwen3,0001279704_000141057824000307_10K.txt,74082,356498
qwen3,0001288855_000138713114001205_10K.txt,50892,207721
qwen3,0001300867_000106299313000700_10K.txt,36708,146692
qwen3,0001324404_000132440419000006_10K.txt,111209,497331
qwen3,0001334978_000133497816000018_10K.txt,97832,396027
qwen3,0001336920_000133692023000015_10K.txt,88531,418198
qwen3,0001340476_000095017024018049_10K.txt,78379,347943
qwen3,0001348362_000164033423002227_10K.txt,51783,229526
qwen3,0001352952_000143774918005587_10K.txt,48273,199773
qwen3,0001356093_000143774924008777_10K.txt,55754,261999
qwen3,0001356284_000199937124004182_10K.txt,2908,11906
qwen3,0001358190_000114420413015600_10K.txt,79945,312219
qwen3,0001359841_000135984120000027_10K.txt,92965,397740
qwen3,0001362516_000109181813000020_10K.txt,37433,162471
qwen3,0001370702_000137070219000006_10K.txt,69702,327228
qwen3,0001377149_000138713120003439_10K.txt,67673,290202
qwen3,0001377936_000121390023035521_10K.txt,272508,933386
qwen3,0001392694_000149315213001389_10K.txt,33982,137061
qwen3,0001407200_000119312521091263_10K.txt,12100,42510
qwen3,0001408057_000118518514000401_10K.txt,49387,214658
qwen3,0001417664_000121465923004552_10K.txt,66712,300343
qwen3,0001418819_000141881920000004_10K.txt,84421,392661
qwen3,0001419612_000117891320000672_10K.txt,86430,398252
qwen3,0001423723_000121390021018369_10K.txt,34981,159902
qwen3,0001424755_000114420418009811_10K.txt,114160,490684
qwen3,0001432963_000121390014001960_10K.txt,23958,94482
qwen3,0001445305_000144530518000054_10K.txt,76309,360118
qwen3,0001445831_000144583117000002_10K.txt,16104,71259
qwen3,0001462566_000126246315000161_10K.txt,26244,116545
qwen3,0001464165_000147793217002007_10K.txt,49617,231277
qwen3,0001464343_000143774923006513_10K.txt,92711,414454
qwen3,0001467760_000146776024000010_10K.txt,101086,432632
qwen3,0001468780_000121465915002463_10K.txt,38837,164778
qwen3,0001473579_000161577418002112_10K.txt,80777,356919
qwen3,0001476170_000156459016025989_10K.txt,113412,536197
qwen3,0001479320_000137216715000017_10K.txt,22137,99571
qwen3,0001482912_000119312515113762_10K.txt,4402,17790
qwen3,0001487718_000121390023031453_10K.txt,51947,215931
qwen3,0001487952_000148795224000006_10K.txt,73521,330471
qwen3,0001494582_000143774919005179_10K.txt,97612,433011
qwen3,0001494722_000146970915000335_10K.txt,18480,73833
qwen3,0001500122_000168316818000745_10K.txt,26522,118498
qwen3,0001504876_000121390016010112_10K.txt,18220,80592
qwen3,0001504886_000119312517099681_10K.txt,66033,282979
qwen3,0001509589_000150958918000004_10K.txt,104950,471032
qwen3,0001517006_000162828024005761_10K.txt,93356,417321
qwen3,0001517302_000151730222000012_10K.txt,94340,407954
qwen3,0001532619_000153261913000017_10K.txt,23953,98019
qwen3,0001538123_000149315215006241_10K.txt,46195,207571
qwen3,0001539778_000147793213006066_10K.txt,22716,95236
qwen3,0001543066_000116169713000388_10K.txt,24735,116256
qwen3,0001546679_000117184315003641_10K.txt,41141,185167
qwen3,0001554054_000121465919007954_10K.txt,12832,56154
qwen3,0001556739_000155673914000004_10K.txt,93607,425236
qwen3,0001566978_000104746914009533_10K.txt,111656,485937
qwen3,0001575098_000114036123015256_10K.txt,8233,33306
qwen3,0001576575_000126246315000254_10K.txt,39563,188553
qwen3,0001580673_000158067317000025_10K.txt,138062,661985
qwen3,0001580808_000162828019003017_10K.txt,74171,354769
qwen3,0001581378_000116169715000432_10K.txt,18650,83206
qwen3,0001586883_000102024217000052_10K.txt,10115,40563
qwen3,0001590418_000168316823002065_10K.txt,71226,319347
qwen3,0001592379_000159237916000111_10K.txt,73685,344206
qwen3,0001601744_000188852422002782_10K.txt,5615,22240
qwen3,0001611647_000156459017004284_10K.txt,61726,268011
qwen3,0001618694_000161869416000029_10K.txt,68486,327373
qwen3,0001620749_000164033423000027_10K.txt,20272,90696
qwen3,0001621227_000155837022003489_10K.txt,102122,493799
qwen3,0001621672_000143774923008795_10K.txt,89756,430900
qwen3,0001622996_000164033418000094_10K.txt,21747,100419
qwen3,0001627554_000147793217000766_10K.txt,21603,101391
qwen3,0001630690_000105640418001689_10K.txt,10812,41135
qwen3,0001634432_000155837021002288_10K.txt,87890,407444
qwen3,0001641489_000156459020005627_10K.txt,111042,543503
qwen3,0001641631_000107878216003604_10K.txt,17179,78690
qwen3,0001643953_000121390016011527_10K.txt,65982,319090
qwen3,0001647254_000154063917000225_10K.txt,3689,14951
qwen3,0001662774_000156459021009867_10K.txt,91393,474159
qwen3,0001666176_000092963819000389_10K.txt,5191,21051
qwen3,0001685212_000105640417001108_10K.txt,20702,80707
qwen3,0001690110_000105640418001992_10K.txt,19635,78237
qwen3,0001699462_000105640419002368_10K.txt,19853,77143
qwen3,0001702750_000156459021010980_10K.txt,132351,547456
qwen3,0001705181_000095017024019124_10K.txt,125210,613893
qwen3,0001715933_000095017023010240_10K.txt,84599,347015
qwen3,0001716187_000188852423002959_10K.txt,17969,69548
qwen3,0001717556_000149315220010175_10K.txt,86104,369227
qwen3,0001723291_000105640419002594_10K.txt,23578,92994
qwen3,0001748790_000174879022000024_10K.txt,75088,334411
qwen3,0001756497_000175649722000007_10K.txt,110798,533875
qwen3,0001769624_000121390022012228_10K.txt,58450,266462
qwen3,0001773407_000092963821000491_10K.txt,4301,17689
qwen3,0001774675_000155837022005527_10K.txt,120162,534342
qwen3,0001786352_000156459020041865_10K.txt,81253,394169
qwen3,0001797768_000114036121010528_10K.txt,119543,620169
qwen3,0001801338_000105640421002841_10K.txt,22521,85954
qwen3,0001801661_000162828021004659_10K.txt,88165,419369
qwen3,0001804591_000180459124000038_10K.txt,141017,696561
qwen3,0001816581_000119312521074025_10K.txt,62456,310151
qwen3,0001817669_000121390021017162_10K.txt,4019,15448
qwen3,0001819608_000119312522091731_10K.txt,89099,453178
qwen3,0001825739_000141057822000725_10K.txt,78309,399463
qwen3,0001841800_000095017023009502_10K.txt,93628,462301
qwen3,0001855467_000149315224051917_10K.txt,83510,387061
qwen3,0001892492_000149315223012596_10K.txt,83588,371308
